<?xml version='1.0' encoding='UTF-8' standalone='no'?>
<doxygen xmlns:xsi="http://www.w3.org/2001/XMLSchema-instance" xsi:noNamespaceSchemaLocation="compound.xsd" version="1.10.0" xml:lang="en-US">
  <compounddef id="_operaciones_8hpp" kind="file" language="C++">
    <compoundname>Operaciones.hpp</compoundname>
    <includes local="yes">sqlite3.h</includes>
    <includes refid="clientes2_8hpp" local="yes">clientes2.hpp</includes>
    <includedby refid="_operaciones_8cpp" local="yes">Operaciones.cpp</includedby>
    <includedby refid="main2_8cpp" local="yes">main2.cpp</includedby>
    <incdepgraph>
      <node id="1">
        <label>Operaciones.hpp</label>
        <link refid="_operaciones_8hpp"/>
        <childnode refid="2" relation="include">
        </childnode>
        <childnode refid="3" relation="include">
        </childnode>
      </node>
      <node id="3">
        <label>clientes2.hpp</label>
        <link refid="clientes2_8hpp"/>
        <childnode refid="4" relation="include">
        </childnode>
        <childnode refid="2" relation="include">
        </childnode>
        <childnode refid="5" relation="include">
        </childnode>
      </node>
      <node id="4">
        <label>iostream</label>
      </node>
      <node id="2">
        <label>sqlite3.h</label>
      </node>
      <node id="5">
        <label>string</label>
      </node>
    </incdepgraph>
    <invincdepgraph>
      <node id="2">
        <label>Operaciones.cpp</label>
        <link refid="_operaciones_8cpp"/>
      </node>
      <node id="1">
        <label>Operaciones.hpp</label>
        <link refid="_operaciones_8hpp"/>
        <childnode refid="2" relation="include">
        </childnode>
        <childnode refid="3" relation="include">
        </childnode>
      </node>
      <node id="3">
        <label>main2.cpp</label>
        <link refid="main2_8cpp"/>
      </node>
    </invincdepgraph>
    <innerclass refid="class_operacion" prot="public">Operacion</innerclass>
    <sectiondef kind="func">
      <memberdef kind="function" id="_operaciones_8hpp_1a97a818d72df53b2b2aa8e0cfe6de0093" prot="public" static="no" const="no" explicit="no" inline="no" virt="non-virtual">
        <type>std::string</type>
        <definition>std::string obtenerFechaActual</definition>
        <argsstring>()</argsstring>
        <name>obtenerFechaActual</name>
        <briefdescription>
<para>Obtiene la fecha actual como una cadena de caracteres. </para>
        </briefdescription>
        <detaileddescription>
<para><simplesect kind="return"><para>Cadena de caracteres que representa la fecha actual.</para>
</simplesect>
Obtiene la fecha actual como una cadena de caracteres.</para>
<para><simplesect kind="return"><para>La fecha actual como una cadena de texto. </para>
</simplesect>
</para>
        </detaileddescription>
        <inbodydescription>
        </inbodydescription>
        <location file="Operaciones.hpp" line="75" column="13" bodyfile="Operaciones.cpp" bodystart="16" bodyend="24" declfile="Operaciones.hpp" declline="75" declcolumn="13"/>
      </memberdef>
    </sectiondef>
    <briefdescription>
    </briefdescription>
    <detaileddescription>
    </detaileddescription>
    <programlisting>
<codeline lineno="1"><highlight class="preprocessor">#ifndef<sp/>OPERACIONES_HPP</highlight><highlight class="normal"></highlight></codeline>
<codeline lineno="2"><highlight class="normal"></highlight><highlight class="preprocessor">#define<sp/>OPERACIONES_HPP</highlight><highlight class="normal"></highlight></codeline>
<codeline lineno="3"><highlight class="normal"></highlight></codeline>
<codeline lineno="4"><highlight class="normal"></highlight><highlight class="preprocessor">#include<sp/>&quot;sqlite3.h&quot;</highlight><highlight class="normal"></highlight></codeline>
<codeline lineno="5"><highlight class="normal"></highlight><highlight class="preprocessor">#include<sp/>&quot;<ref refid="clientes2_8hpp" kindref="compound">clientes2.hpp</ref>&quot;</highlight><highlight class="normal"><sp/></highlight></codeline>
<codeline lineno="6"><highlight class="normal"></highlight></codeline>
<codeline lineno="10" refid="class_operacion" refkind="compound"><highlight class="normal"></highlight><highlight class="keyword">class<sp/></highlight><highlight class="normal"><ref refid="class_operacion" kindref="compound">Operacion</ref><sp/>{</highlight></codeline>
<codeline lineno="11"><highlight class="normal"></highlight><highlight class="keyword">private</highlight><highlight class="normal">:</highlight></codeline>
<codeline lineno="12"><highlight class="normal"><sp/><sp/><sp/><sp/>sqlite3*<sp/>db;<sp/></highlight></codeline>
<codeline lineno="13"><highlight class="normal"><sp/><sp/><sp/><sp/><ref refid="class_cliente" kindref="compound">Cliente</ref>*<sp/>cliente;<sp/></highlight></codeline>
<codeline lineno="14"><highlight class="normal"></highlight></codeline>
<codeline lineno="15"><highlight class="normal"></highlight><highlight class="keyword">public</highlight><highlight class="normal">:</highlight></codeline>
<codeline lineno="22"><highlight class="normal"><sp/><sp/><sp/><sp/><ref refid="class_operacion_1af01ddc3a9bd7bbf7e1baab680966bae4" kindref="member">Operacion</ref>(sqlite3*<sp/>db,<sp/><ref refid="class_cliente" kindref="compound">Cliente</ref>*<sp/>cliente);</highlight></codeline>
<codeline lineno="23"><highlight class="normal"></highlight></codeline>
<codeline lineno="30"><highlight class="normal"><sp/><sp/><sp/><sp/></highlight><highlight class="keywordtype">void</highlight><highlight class="normal"><sp/><ref refid="class_operacion_1a9b359ed8ae79e86eb34de5a4f1d57bfa" kindref="member">transferencia</ref>(</highlight><highlight class="keywordtype">double</highlight><highlight class="normal"><sp/>montoTransferencia,<sp/></highlight><highlight class="keywordtype">int</highlight><highlight class="normal"><sp/>idDestino);</highlight></codeline>
<codeline lineno="31"><highlight class="normal"></highlight></codeline>
<codeline lineno="37"><highlight class="normal"><sp/><sp/><sp/><sp/></highlight><highlight class="keywordtype">void</highlight><highlight class="normal"><sp/><ref refid="class_operacion_1a81d2d6a2e1ea9b5ccb1036a26ff98540" kindref="member">deposito</ref>(</highlight><highlight class="keywordtype">double</highlight><highlight class="normal"><sp/>montoDeposito);</highlight></codeline>
<codeline lineno="38"><highlight class="normal"></highlight></codeline>
<codeline lineno="45"><highlight class="normal"><sp/><sp/><sp/><sp/></highlight><highlight class="keywordtype">int</highlight><highlight class="normal"><sp/><ref refid="class_operacion_1ac0b63694693c399ea4f406f7a2d426f5" kindref="member">crearPrestamo</ref>(</highlight><highlight class="keywordtype">int</highlight><highlight class="normal"><sp/>idCliente);</highlight></codeline>
<codeline lineno="46"><highlight class="normal"></highlight></codeline>
<codeline lineno="50"><highlight class="normal"><sp/><sp/><sp/><sp/></highlight><highlight class="keywordtype">void</highlight><highlight class="normal"><sp/><ref refid="class_operacion_1ae8f360736ec69659ef446d8ec1af7b00" kindref="member">abonoPrestamo</ref>();</highlight></codeline>
<codeline lineno="51"><highlight class="normal"></highlight></codeline>
<codeline lineno="55"><highlight class="normal"><sp/><sp/><sp/><sp/></highlight><highlight class="keywordtype">void</highlight><highlight class="normal"><sp/><ref refid="class_operacion_1a890887c32e27da32549623433eb5ed1e" kindref="member">abonoPrestamoExtraordinario</ref>();</highlight></codeline>
<codeline lineno="56"><highlight class="normal"></highlight></codeline>
<codeline lineno="62"><highlight class="normal"><sp/><sp/><sp/><sp/></highlight><highlight class="keywordtype">void</highlight><highlight class="normal"><sp/><ref refid="class_operacion_1a03fa581420437889ff5e3dc9c07a5e48" kindref="member">crearCDP</ref>(</highlight><highlight class="keywordtype">int</highlight><highlight class="normal"><sp/>idCliente);</highlight></codeline>
<codeline lineno="63"><highlight class="normal"></highlight></codeline>
<codeline lineno="67"><highlight class="normal"><sp/><sp/><sp/><sp/></highlight><highlight class="keywordtype">void</highlight><highlight class="normal"><sp/><ref refid="class_operacion_1aa2a22042828b98778bc5a042089c9bcc" kindref="member">consultarCDP</ref>();</highlight></codeline>
<codeline lineno="68"><highlight class="normal">};</highlight></codeline>
<codeline lineno="69"><highlight class="normal"></highlight></codeline>
<codeline lineno="75"><highlight class="normal">std::string<sp/><ref refid="_operaciones_8hpp_1a97a818d72df53b2b2aa8e0cfe6de0093" kindref="member">obtenerFechaActual</ref>();</highlight></codeline>
<codeline lineno="76"><highlight class="normal"></highlight></codeline>
<codeline lineno="77"><highlight class="normal"></highlight><highlight class="preprocessor">#endif<sp/></highlight><highlight class="comment">//<sp/>OPERACIONES_HPP</highlight><highlight class="normal"></highlight></codeline>
    </programlisting>
    <location file="Operaciones.hpp"/>
  </compounddef>
</doxygen>
