<?xml version='1.0' encoding='UTF-8' standalone='no'?>
<doxygen xmlns:xsi="http://www.w3.org/2001/XMLSchema-instance" xsi:noNamespaceSchemaLocation="compound.xsd" version="1.10.0" xml:lang="en-US">
  <compounddef id="class_operacion" kind="class" language="C++" prot="public">
    <compoundname>Operacion</compoundname>
    <includes refid="_operaciones_8hpp" local="no">Operaciones.hpp</includes>
    <sectiondef kind="private-attrib">
      <memberdef kind="variable" id="class_operacion_1a4df955f846a53e32764c10a5db376b00" prot="private" static="no" mutable="no">
        <type>sqlite3 *</type>
        <definition>sqlite3* Operacion::db</definition>
        <argsstring></argsstring>
        <name>db</name>
        <qualifiedname>Operacion::db</qualifiedname>
        <briefdescription>
<para>Puntero a la base de datos SQLite. </para>
        </briefdescription>
        <detaileddescription>
        </detaileddescription>
        <inbodydescription>
        </inbodydescription>
        <location file="Operaciones.hpp" line="12" column="13" bodyfile="Operaciones.hpp" bodystart="12" bodyend="-1"/>
      </memberdef>
      <memberdef kind="variable" id="class_operacion_1afe160ccf43a1262df0eeb43914fe922e" prot="private" static="no" mutable="no">
        <type><ref refid="class_cliente" kindref="compound">Cliente</ref> *</type>
        <definition>Cliente* Operacion::cliente</definition>
        <argsstring></argsstring>
        <name>cliente</name>
        <qualifiedname>Operacion::cliente</qualifiedname>
        <briefdescription>
<para>Puntero al cliente asociado a las operaciones. </para>
        </briefdescription>
        <detaileddescription>
        </detaileddescription>
        <inbodydescription>
        </inbodydescription>
        <location file="Operaciones.hpp" line="13" column="13" bodyfile="Operaciones.hpp" bodystart="13" bodyend="-1"/>
      </memberdef>
    </sectiondef>
    <sectiondef kind="public-func">
      <memberdef kind="function" id="class_operacion_1af01ddc3a9bd7bbf7e1baab680966bae4" prot="public" static="no" const="no" explicit="no" inline="no" virt="non-virtual">
        <type></type>
        <definition>Operacion::Operacion</definition>
        <argsstring>(sqlite3 *db, Cliente *cliente)</argsstring>
        <name>Operacion</name>
        <qualifiedname>Operacion::Operacion</qualifiedname>
        <param>
          <type>sqlite3 *</type>
          <declname>db</declname>
        </param>
        <param>
          <type><ref refid="class_cliente" kindref="compound">Cliente</ref> *</type>
          <declname>cliente</declname>
        </param>
        <briefdescription>
<para>Constructor de la clase <ref refid="class_operacion" kindref="compound">Operacion</ref>. </para>
        </briefdescription>
        <detaileddescription>
<para><parameterlist kind="param"><parameteritem>
<parameternamelist>
<parametername>db</parametername>
</parameternamelist>
<parameterdescription>
<para>Puntero a la base de datos SQLite. </para>
</parameterdescription>
</parameteritem>
<parameteritem>
<parameternamelist>
<parametername>cliente</parametername>
</parameternamelist>
<parameterdescription>
<para>Puntero al cliente asociado a las operaciones.</para>
</parameterdescription>
</parameteritem>
<parameteritem>
<parameternamelist>
<parametername>db</parametername>
</parameternamelist>
<parameterdescription>
<para>Base de datos SQLite3. </para>
</parameterdescription>
</parameteritem>
<parameteritem>
<parameternamelist>
<parametername>cliente</parametername>
</parameternamelist>
<parameterdescription>
<para><ref refid="class_cliente" kindref="compound">Cliente</ref> asociado a las operaciones. </para>
</parameterdescription>
</parameteritem>
</parameterlist>
</para>
        </detaileddescription>
        <inbodydescription>
        </inbodydescription>
        <location file="Operaciones.hpp" line="22" column="5" bodyfile="Operaciones.cpp" bodystart="30" bodyend="30"/>
      </memberdef>
      <memberdef kind="function" id="class_operacion_1a9b359ed8ae79e86eb34de5a4f1d57bfa" prot="public" static="no" const="no" explicit="no" inline="no" virt="non-virtual">
        <type>void</type>
        <definition>void Operacion::transferencia</definition>
        <argsstring>(double montoTransferencia, int idDestino)</argsstring>
        <name>transferencia</name>
        <qualifiedname>Operacion::transferencia</qualifiedname>
        <param>
          <type>double</type>
          <declname>montoTransferencia</declname>
        </param>
        <param>
          <type>int</type>
          <declname>idDestino</declname>
        </param>
        <briefdescription>
<para>Realiza una transferencia de dinero a otro cliente. </para>
        </briefdescription>
        <detaileddescription>
<para>Realiza una transferencia de dinero entre dos cuentas.</para>
<para><parameterlist kind="param"><parameteritem>
<parameternamelist>
<parametername>montoTransferencia</parametername>
</parameternamelist>
<parameterdescription>
<para>Monto a transferir. </para>
</parameterdescription>
</parameteritem>
<parameteritem>
<parameternamelist>
<parametername>idDestino</parametername>
</parameternamelist>
<parameterdescription>
<para>ID del cliente destino de la transferencia.</para>
</parameterdescription>
</parameteritem>
<parameteritem>
<parameternamelist>
<parametername>montoTransferencia</parametername>
</parameternamelist>
<parameterdescription>
<para>Monto a transferir. </para>
</parameterdescription>
</parameteritem>
<parameteritem>
<parameternamelist>
<parametername>idDestino</parametername>
</parameternamelist>
<parameterdescription>
<para>ID del cliente destino. </para>
</parameterdescription>
</parameteritem>
</parameterlist>
</para>
        </detaileddescription>
        <inbodydescription>
        </inbodydescription>
        <location file="Operaciones.hpp" line="30" column="10" bodyfile="Operaciones.cpp" bodystart="36" bodyend="57"/>
      </memberdef>
      <memberdef kind="function" id="class_operacion_1a81d2d6a2e1ea9b5ccb1036a26ff98540" prot="public" static="no" const="no" explicit="no" inline="no" virt="non-virtual">
        <type>void</type>
        <definition>void Operacion::deposito</definition>
        <argsstring>(double montoDeposito)</argsstring>
        <name>deposito</name>
        <qualifiedname>Operacion::deposito</qualifiedname>
        <param>
          <type>double</type>
          <declname>montoDeposito</declname>
        </param>
        <briefdescription>
<para>Realiza un depósito en la cuenta del cliente. </para>
        </briefdescription>
        <detaileddescription>
<para><parameterlist kind="param"><parameteritem>
<parameternamelist>
<parametername>montoDeposito</parametername>
</parameternamelist>
<parameterdescription>
<para>Monto a depositar. </para>
</parameterdescription>
</parameteritem>
</parameterlist>
</para>
        </detaileddescription>
        <inbodydescription>
        </inbodydescription>
        <location file="Operaciones.hpp" line="37" column="10" bodyfile="Operaciones.cpp" bodystart="63" bodyend="73"/>
      </memberdef>
      <memberdef kind="function" id="class_operacion_1ac0b63694693c399ea4f406f7a2d426f5" prot="public" static="no" const="no" explicit="no" inline="no" virt="non-virtual">
        <type>int</type>
        <definition>int Operacion::crearPrestamo</definition>
        <argsstring>(int idCliente)</argsstring>
        <name>crearPrestamo</name>
        <qualifiedname>Operacion::crearPrestamo</qualifiedname>
        <param>
          <type>int</type>
          <declname>idCliente</declname>
        </param>
        <briefdescription>
<para>Crea un préstamo para el cliente. </para>
        </briefdescription>
        <detaileddescription>
<para>Crea un nuevo préstamo para el cliente.</para>
<para><parameterlist kind="param"><parameteritem>
<parameternamelist>
<parametername>idCliente</parametername>
</parameternamelist>
<parameterdescription>
<para>ID del cliente para el cual se crea el préstamo. </para>
</parameterdescription>
</parameteritem>
</parameterlist>
<simplesect kind="return"><para>ID del préstamo creado.</para>
</simplesect>
<parameterlist kind="param"><parameteritem>
<parameternamelist>
<parametername>idCliente</parametername>
</parameternamelist>
<parameterdescription>
<para>ID del cliente que solicita el préstamo. </para>
</parameterdescription>
</parameteritem>
</parameterlist>
<simplesect kind="return"><para>ID del préstamo creado, -1 si hay un error. </para>
</simplesect>
</para>
        </detaileddescription>
        <inbodydescription>
        </inbodydescription>
        <location file="Operaciones.hpp" line="45" column="9" bodyfile="Operaciones.cpp" bodystart="79" bodyend="348"/>
      </memberdef>
      <memberdef kind="function" id="class_operacion_1ae8f360736ec69659ef446d8ec1af7b00" prot="public" static="no" const="no" explicit="no" inline="no" virt="non-virtual">
        <type>void</type>
        <definition>void Operacion::abonoPrestamo</definition>
        <argsstring>()</argsstring>
        <name>abonoPrestamo</name>
        <qualifiedname>Operacion::abonoPrestamo</qualifiedname>
        <briefdescription>
<para>Realiza un abono al préstamo del cliente. </para>
        </briefdescription>
        <detaileddescription>
<para>Realiza un abono a un préstamo existente del cliente. </para>
        </detaileddescription>
        <inbodydescription>
        </inbodydescription>
        <location file="Operaciones.hpp" line="50" column="10" bodyfile="Operaciones.cpp" bodystart="352" bodyend="401"/>
      </memberdef>
      <memberdef kind="function" id="class_operacion_1a890887c32e27da32549623433eb5ed1e" prot="public" static="no" const="no" explicit="no" inline="no" virt="non-virtual">
        <type>void</type>
        <definition>void Operacion::abonoPrestamoExtraordinario</definition>
        <argsstring>()</argsstring>
        <name>abonoPrestamoExtraordinario</name>
        <qualifiedname>Operacion::abonoPrestamoExtraordinario</qualifiedname>
        <briefdescription>
<para>Realiza un abono extraordinario al préstamo del cliente. </para>
        </briefdescription>
        <detaileddescription>
<para>Realiza un abono extraordinario a un préstamo existente del cliente. </para>
        </detaileddescription>
        <inbodydescription>
        </inbodydescription>
        <location file="Operaciones.hpp" line="55" column="10" bodyfile="Operaciones.cpp" bodystart="405" bodyend="458"/>
      </memberdef>
      <memberdef kind="function" id="class_operacion_1a03fa581420437889ff5e3dc9c07a5e48" prot="public" static="no" const="no" explicit="no" inline="no" virt="non-virtual">
        <type>void</type>
        <definition>void Operacion::crearCDP</definition>
        <argsstring>(int idCliente)</argsstring>
        <name>crearCDP</name>
        <qualifiedname>Operacion::crearCDP</qualifiedname>
        <param>
          <type>int</type>
          <declname>idCliente</declname>
        </param>
        <briefdescription>
<para>Crea un Certificado de Depósito a Plazo (CDP) para el cliente. </para>
        </briefdescription>
        <detaileddescription>
<para><parameterlist kind="param"><parameteritem>
<parameternamelist>
<parametername>idCliente</parametername>
</parameternamelist>
<parameterdescription>
<para>ID del cliente para el cual se crea el CDP.</para>
</parameterdescription>
</parameteritem>
<parameteritem>
<parameternamelist>
<parametername>idCliente</parametername>
</parameternamelist>
<parameterdescription>
<para>ID del cliente que solicita el CDP. </para>
</parameterdescription>
</parameteritem>
</parameterlist>
</para>
        </detaileddescription>
        <inbodydescription>
        </inbodydescription>
        <location file="Operaciones.hpp" line="62" column="10" bodyfile="Operaciones.cpp" bodystart="463" bodyend="712"/>
      </memberdef>
      <memberdef kind="function" id="class_operacion_1aa2a22042828b98778bc5a042089c9bcc" prot="public" static="no" const="no" explicit="no" inline="no" virt="non-virtual">
        <type>void</type>
        <definition>void Operacion::consultarCDP</definition>
        <argsstring>()</argsstring>
        <name>consultarCDP</name>
        <qualifiedname>Operacion::consultarCDP</qualifiedname>
        <briefdescription>
<para>Consulta el Certificado de Depósito a Plazo (CDP) del cliente. </para>
        </briefdescription>
        <detaileddescription>
<para>Consulta los datos mas relevantes del CDP.</para>
<para><parameterlist kind="param"><parameteritem>
<parameternamelist>
<parametername>idCliente</parametername>
</parameternamelist>
<parameterdescription>
<para>ID del cliente que solicita el CDP. </para>
</parameterdescription>
</parameteritem>
</parameterlist>
</para>
        </detaileddescription>
        <inbodydescription>
        </inbodydescription>
        <location file="Operaciones.hpp" line="67" column="10" bodyfile="Operaciones.cpp" bodystart="717" bodyend="775"/>
      </memberdef>
    </sectiondef>
    <briefdescription>
<para>Clase que representa operaciones bancarias para un cliente. </para>
    </briefdescription>
    <detaileddescription>
    </detaileddescription>
    <location file="Operaciones.hpp" line="10" column="1" bodyfile="Operaciones.hpp" bodystart="10" bodyend="68"/>
    <listofallmembers>
      <member refid="class_operacion_1ae8f360736ec69659ef446d8ec1af7b00" prot="public" virt="non-virtual"><scope>Operacion</scope><name>abonoPrestamo</name></member>
      <member refid="class_operacion_1a890887c32e27da32549623433eb5ed1e" prot="public" virt="non-virtual"><scope>Operacion</scope><name>abonoPrestamoExtraordinario</name></member>
      <member refid="class_operacion_1afe160ccf43a1262df0eeb43914fe922e" prot="private" virt="non-virtual"><scope>Operacion</scope><name>cliente</name></member>
      <member refid="class_operacion_1aa2a22042828b98778bc5a042089c9bcc" prot="public" virt="non-virtual"><scope>Operacion</scope><name>consultarCDP</name></member>
      <member refid="class_operacion_1a03fa581420437889ff5e3dc9c07a5e48" prot="public" virt="non-virtual"><scope>Operacion</scope><name>crearCDP</name></member>
      <member refid="class_operacion_1ac0b63694693c399ea4f406f7a2d426f5" prot="public" virt="non-virtual"><scope>Operacion</scope><name>crearPrestamo</name></member>
      <member refid="class_operacion_1a4df955f846a53e32764c10a5db376b00" prot="private" virt="non-virtual"><scope>Operacion</scope><name>db</name></member>
      <member refid="class_operacion_1a81d2d6a2e1ea9b5ccb1036a26ff98540" prot="public" virt="non-virtual"><scope>Operacion</scope><name>deposito</name></member>
      <member refid="class_operacion_1af01ddc3a9bd7bbf7e1baab680966bae4" prot="public" virt="non-virtual"><scope>Operacion</scope><name>Operacion</name></member>
      <member refid="class_operacion_1a9b359ed8ae79e86eb34de5a4f1d57bfa" prot="public" virt="non-virtual"><scope>Operacion</scope><name>transferencia</name></member>
    </listofallmembers>
  </compounddef>
</doxygen>
