<?xml version='1.0' encoding='UTF-8' standalone='no'?>
<doxygen xmlns:xsi="http://www.w3.org/2001/XMLSchema-instance" xsi:noNamespaceSchemaLocation="compound.xsd" version="1.10.0" xml:lang="en-US">
  <compounddef id="class_cliente" kind="class" language="C++" prot="public">
    <compoundname>Cliente</compoundname>
    <includes refid="clientes2_8hpp" local="no">clientes2.hpp</includes>
    <sectiondef kind="private-attrib">
      <memberdef kind="variable" id="class_cliente_1a7d5ac2bc1516db395ec999045bf891d5" prot="private" static="no" mutable="no">
        <type>sqlite3 *</type>
        <definition>sqlite3* Cliente::db</definition>
        <argsstring></argsstring>
        <name>db</name>
        <qualifiedname>Cliente::db</qualifiedname>
        <briefdescription>
<para>Puntero a la base de datos SQLite. </para>
        </briefdescription>
        <detaileddescription>
        </detaileddescription>
        <inbodydescription>
        </inbodydescription>
        <location file="clientes2.hpp" line="13" column="13" bodyfile="clientes2.hpp" bodystart="13" bodyend="-1"/>
      </memberdef>
      <memberdef kind="variable" id="class_cliente_1afe3567470c5d4a97700501ff8830ebc9" prot="private" static="no" mutable="no">
        <type>int</type>
        <definition>int Cliente::idCliente</definition>
        <argsstring></argsstring>
        <name>idCliente</name>
        <qualifiedname>Cliente::idCliente</qualifiedname>
        <briefdescription>
<para>ID del cliente. </para>
        </briefdescription>
        <detaileddescription>
        </detaileddescription>
        <inbodydescription>
        </inbodydescription>
        <location file="clientes2.hpp" line="14" column="9" bodyfile="clientes2.hpp" bodystart="14" bodyend="-1"/>
      </memberdef>
    </sectiondef>
    <sectiondef kind="public-func">
      <memberdef kind="function" id="class_cliente_1af88f23508f54dbf59e1602e57d325e45" prot="public" static="no" const="yes" explicit="no" inline="no" virt="non-virtual">
        <type>int</type>
        <definition>int Cliente::getIdCliente</definition>
        <argsstring>() const</argsstring>
        <name>getIdCliente</name>
        <qualifiedname>Cliente::getIdCliente</qualifiedname>
        <briefdescription>
<para>Obtiene el ID del cliente. </para>
        </briefdescription>
        <detaileddescription>
<para><simplesect kind="return"><para>ID del cliente. </para>
</simplesect>
</para>
        </detaileddescription>
        <inbodydescription>
        </inbodydescription>
        <location file="clientes2.hpp" line="21" column="9" bodyfile="clientes2.cpp" bodystart="5" bodyend="7"/>
      </memberdef>
      <memberdef kind="function" id="class_cliente_1acc3eb79c782a47c192326df7160d45e9" prot="public" static="no" const="no" explicit="no" inline="no" virt="non-virtual">
        <type></type>
        <definition>Cliente::Cliente</definition>
        <argsstring>(sqlite3 *db, int idCliente)</argsstring>
        <name>Cliente</name>
        <qualifiedname>Cliente::Cliente</qualifiedname>
        <param>
          <type>sqlite3 *</type>
          <declname>db</declname>
        </param>
        <param>
          <type>int</type>
          <declname>idCliente</declname>
        </param>
        <briefdescription>
<para>Constructor de la clase <ref refid="class_cliente" kindref="compound">Cliente</ref>. </para>
        </briefdescription>
        <detaileddescription>
<para><parameterlist kind="param"><parameteritem>
<parameternamelist>
<parametername>db</parametername>
</parameternamelist>
<parameterdescription>
<para>Puntero a la base de datos SQLite. </para>
</parameterdescription>
</parameteritem>
<parameteritem>
<parameternamelist>
<parametername>idCliente</parametername>
</parameternamelist>
<parameterdescription>
<para>ID del cliente. </para>
</parameterdescription>
</parameteritem>
</parameterlist>
</para>
        </detaileddescription>
        <inbodydescription>
        </inbodydescription>
        <location file="clientes2.hpp" line="28" column="5" bodyfile="clientes2.cpp" bodystart="3" bodyend="3"/>
      </memberdef>
      <memberdef kind="function" id="class_cliente_1a85f2204e9392277634be0b52ade6994e" prot="public" static="no" const="no" explicit="no" inline="no" virt="non-virtual">
        <type>std::string</type>
        <definition>std::string Cliente::getInfoClientes</definition>
        <argsstring>(const std::string &amp;tabla, const std::string &amp;dato, int idCliente)</argsstring>
        <name>getInfoClientes</name>
        <qualifiedname>Cliente::getInfoClientes</qualifiedname>
        <param>
          <type>const std::string &amp;</type>
          <declname>tabla</declname>
        </param>
        <param>
          <type>const std::string &amp;</type>
          <declname>dato</declname>
        </param>
        <param>
          <type>int</type>
          <declname>idCliente</declname>
        </param>
        <briefdescription>
<para>Obtiene información de los clientes desde la base de datos. </para>
        </briefdescription>
        <detaileddescription>
<para><parameterlist kind="param"><parameteritem>
<parameternamelist>
<parametername>tabla</parametername>
</parameternamelist>
<parameterdescription>
<para>Nombre de la tabla de la cual obtener la información. </para>
</parameterdescription>
</parameteritem>
<parameteritem>
<parameternamelist>
<parametername>dato</parametername>
</parameternamelist>
<parameterdescription>
<para>Nombre del dato a obtener. </para>
</parameterdescription>
</parameteritem>
<parameteritem>
<parameternamelist>
<parametername>idCliente</parametername>
</parameternamelist>
<parameterdescription>
<para>ID del cliente. </para>
</parameterdescription>
</parameteritem>
</parameterlist>
<simplesect kind="return"><para>Información solicitada. </para>
</simplesect>
</para>
        </detaileddescription>
        <inbodydescription>
        </inbodydescription>
        <location file="clientes2.hpp" line="37" column="17" bodyfile="clientes2.cpp" bodystart="9" bodyend="29"/>
      </memberdef>
      <memberdef kind="function" id="class_cliente_1a231e4e0ccd92be818da6ef665ef2ec53" prot="public" static="no" const="no" explicit="no" inline="no" virt="non-virtual">
        <type>void</type>
        <definition>void Cliente::setInfoClientes</definition>
        <argsstring>(const std::string &amp;tabla, const std::string &amp;dato, const std::string &amp;datoActualizado, int idCliente)</argsstring>
        <name>setInfoClientes</name>
        <qualifiedname>Cliente::setInfoClientes</qualifiedname>
        <param>
          <type>const std::string &amp;</type>
          <declname>tabla</declname>
        </param>
        <param>
          <type>const std::string &amp;</type>
          <declname>dato</declname>
        </param>
        <param>
          <type>const std::string &amp;</type>
          <declname>datoActualizado</declname>
        </param>
        <param>
          <type>int</type>
          <declname>idCliente</declname>
        </param>
        <briefdescription>
<para>Actualiza la información de los clientes en la base de datos. </para>
        </briefdescription>
        <detaileddescription>
<para><parameterlist kind="param"><parameteritem>
<parameternamelist>
<parametername>tabla</parametername>
</parameternamelist>
<parameterdescription>
<para>Nombre de la tabla en la cual actualizar la información. </para>
</parameterdescription>
</parameteritem>
<parameteritem>
<parameternamelist>
<parametername>dato</parametername>
</parameternamelist>
<parameterdescription>
<para>Nombre del dato a actualizar. </para>
</parameterdescription>
</parameteritem>
<parameteritem>
<parameternamelist>
<parametername>datoActualizado</parametername>
</parameternamelist>
<parameterdescription>
<para>Nuevo valor del dato. </para>
</parameterdescription>
</parameteritem>
<parameteritem>
<parameternamelist>
<parametername>idCliente</parametername>
</parameternamelist>
<parameterdescription>
<para>ID del cliente. </para>
</parameterdescription>
</parameteritem>
</parameterlist>
</para>
        </detaileddescription>
        <inbodydescription>
        </inbodydescription>
        <location file="clientes2.hpp" line="46" column="10" bodyfile="clientes2.cpp" bodystart="31" bodyend="41"/>
      </memberdef>
      <memberdef kind="function" id="class_cliente_1a19548bfe36cb49e900007c9fc1b00e4b" prot="public" static="no" const="no" explicit="no" inline="no" virt="non-virtual">
        <type>std::string</type>
        <definition>std::string Cliente::getInfoInteres</definition>
        <argsstring>(const std::string &amp;tabla, const std::string &amp;dato, int id)</argsstring>
        <name>getInfoInteres</name>
        <qualifiedname>Cliente::getInfoInteres</qualifiedname>
        <param>
          <type>const std::string &amp;</type>
          <declname>tabla</declname>
        </param>
        <param>
          <type>const std::string &amp;</type>
          <declname>dato</declname>
        </param>
        <param>
          <type>int</type>
          <declname>id</declname>
        </param>
        <briefdescription>
<para>Obtiene información de las tasas de interés desde la base de datos. </para>
        </briefdescription>
        <detaileddescription>
<para><parameterlist kind="param"><parameteritem>
<parameternamelist>
<parametername>tabla</parametername>
</parameternamelist>
<parameterdescription>
<para>Nombre de la tabla de la cual obtener la información. </para>
</parameterdescription>
</parameteritem>
<parameteritem>
<parameternamelist>
<parametername>dato</parametername>
</parameternamelist>
<parameterdescription>
<para>Nombre del dato a obtener. </para>
</parameterdescription>
</parameteritem>
<parameteritem>
<parameternamelist>
<parametername>id</parametername>
</parameternamelist>
<parameterdescription>
<para>ID asociado. </para>
</parameterdescription>
</parameteritem>
</parameterlist>
<simplesect kind="return"><para>Información solicitada. </para>
</simplesect>
</para>
        </detaileddescription>
        <inbodydescription>
        </inbodydescription>
        <location file="clientes2.hpp" line="55" column="17" bodyfile="clientes2.cpp" bodystart="44" bodyend="64"/>
      </memberdef>
      <memberdef kind="function" id="class_cliente_1a3e8ad9629463523fef40c330517dcca9" prot="public" static="no" const="no" explicit="no" inline="no" virt="non-virtual">
        <type>std::string</type>
        <definition>std::string Cliente::getInfoPrestamos</definition>
        <argsstring>(const std::string &amp;dato, int idPrestamos)</argsstring>
        <name>getInfoPrestamos</name>
        <qualifiedname>Cliente::getInfoPrestamos</qualifiedname>
        <param>
          <type>const std::string &amp;</type>
          <declname>dato</declname>
        </param>
        <param>
          <type>int</type>
          <declname>idPrestamos</declname>
        </param>
        <briefdescription>
<para>Obtiene información de los préstamos desde la base de datos. </para>
        </briefdescription>
        <detaileddescription>
<para><parameterlist kind="param"><parameteritem>
<parameternamelist>
<parametername>dato</parametername>
</parameternamelist>
<parameterdescription>
<para>Nombre del dato a obtener. </para>
</parameterdescription>
</parameteritem>
<parameteritem>
<parameternamelist>
<parametername>idPrestamos</parametername>
</parameternamelist>
<parameterdescription>
<para>ID del préstamo. </para>
</parameterdescription>
</parameteritem>
</parameterlist>
<simplesect kind="return"><para>Información solicitada. </para>
</simplesect>
</para>
        </detaileddescription>
        <inbodydescription>
        </inbodydescription>
        <location file="clientes2.hpp" line="63" column="17" bodyfile="clientes2.cpp" bodystart="67" bodyend="87"/>
      </memberdef>
      <memberdef kind="function" id="class_cliente_1a75460a55c7b2ab7d97f4d84694899698" prot="public" static="no" const="no" explicit="no" inline="no" virt="non-virtual">
        <type>void</type>
        <definition>void Cliente::setInfoPrestamos</definition>
        <argsstring>(const std::string &amp;dato, const std::string &amp;datoActualizado, int idPrestamo)</argsstring>
        <name>setInfoPrestamos</name>
        <qualifiedname>Cliente::setInfoPrestamos</qualifiedname>
        <param>
          <type>const std::string &amp;</type>
          <declname>dato</declname>
        </param>
        <param>
          <type>const std::string &amp;</type>
          <declname>datoActualizado</declname>
        </param>
        <param>
          <type>int</type>
          <declname>idPrestamo</declname>
        </param>
        <briefdescription>
<para>Actualiza la información de los préstamos en la base de datos. </para>
        </briefdescription>
        <detaileddescription>
<para><parameterlist kind="param"><parameteritem>
<parameternamelist>
<parametername>dato</parametername>
</parameternamelist>
<parameterdescription>
<para>Nombre del dato a actualizar. </para>
</parameterdescription>
</parameteritem>
<parameteritem>
<parameternamelist>
<parametername>datoActualizado</parametername>
</parameternamelist>
<parameterdescription>
<para>Nuevo valor del dato. </para>
</parameterdescription>
</parameteritem>
<parameteritem>
<parameternamelist>
<parametername>idPrestamo</parametername>
</parameternamelist>
<parameterdescription>
<para>ID del préstamo. </para>
</parameterdescription>
</parameteritem>
</parameterlist>
</para>
        </detaileddescription>
        <inbodydescription>
        </inbodydescription>
        <location file="clientes2.hpp" line="71" column="10" bodyfile="clientes2.cpp" bodystart="89" bodyend="99"/>
      </memberdef>
      <memberdef kind="function" id="class_cliente_1a09f1208e373439b7c008ecaeee494453" prot="public" static="no" const="no" explicit="no" inline="no" virt="non-virtual">
        <type>std::string</type>
        <definition>std::string Cliente::getInfoTasasCDP</definition>
        <argsstring>(const std::string &amp;dato, int idCDP)</argsstring>
        <name>getInfoTasasCDP</name>
        <qualifiedname>Cliente::getInfoTasasCDP</qualifiedname>
        <param>
          <type>const std::string &amp;</type>
          <declname>dato</declname>
        </param>
        <param>
          <type>int</type>
          <declname>idCDP</declname>
        </param>
        <briefdescription>
<para>Obtiene información de las tasas de CDP desde la base de datos. </para>
        </briefdescription>
        <detaileddescription>
<para><parameterlist kind="param"><parameteritem>
<parameternamelist>
<parametername>dato</parametername>
</parameternamelist>
<parameterdescription>
<para>Nombre del dato a obtener. </para>
</parameterdescription>
</parameteritem>
<parameteritem>
<parameternamelist>
<parametername>idCDP</parametername>
</parameternamelist>
<parameterdescription>
<para>ID del CDP. </para>
</parameterdescription>
</parameteritem>
</parameterlist>
<simplesect kind="return"><para>Información solicitada. </para>
</simplesect>
</para>
        </detaileddescription>
        <inbodydescription>
        </inbodydescription>
        <location file="clientes2.hpp" line="79" column="17" bodyfile="clientes2.cpp" bodystart="102" bodyend="122"/>
      </memberdef>
      <memberdef kind="function" id="class_cliente_1aa3230d5ee4ee3a8f764d34b50ed78d43" prot="public" static="no" const="no" explicit="no" inline="no" virt="non-virtual">
        <type>std::string</type>
        <definition>std::string Cliente::getInfoCDPs</definition>
        <argsstring>(const std::string &amp;dato, int idCDP)</argsstring>
        <name>getInfoCDPs</name>
        <qualifiedname>Cliente::getInfoCDPs</qualifiedname>
        <param>
          <type>const std::string &amp;</type>
          <declname>dato</declname>
        </param>
        <param>
          <type>int</type>
          <declname>idCDP</declname>
        </param>
        <briefdescription>
<para>Obtiene información de los CDPs desde la base de datos. </para>
        </briefdescription>
        <detaileddescription>
<para><parameterlist kind="param"><parameteritem>
<parameternamelist>
<parametername>dato</parametername>
</parameternamelist>
<parameterdescription>
<para>Nombre del dato a obtener. </para>
</parameterdescription>
</parameteritem>
<parameteritem>
<parameternamelist>
<parametername>idCDP</parametername>
</parameternamelist>
<parameterdescription>
<para>ID del CDP. </para>
</parameterdescription>
</parameteritem>
</parameterlist>
<simplesect kind="return"><para>Información solicitada. </para>
</simplesect>
</para>
        </detaileddescription>
        <inbodydescription>
        </inbodydescription>
        <location file="clientes2.hpp" line="87" column="17" bodyfile="clientes2.cpp" bodystart="126" bodyend="146"/>
      </memberdef>
      <memberdef kind="function" id="class_cliente_1abeb250b804bbcb111b4e6d9dbeb2a496" prot="public" static="no" const="no" explicit="no" inline="no" virt="non-virtual">
        <type>void</type>
        <definition>void Cliente::setInfoCDPs</definition>
        <argsstring>(const std::string &amp;dato, const std::string &amp;datoActualizado, int idCDP)</argsstring>
        <name>setInfoCDPs</name>
        <qualifiedname>Cliente::setInfoCDPs</qualifiedname>
        <param>
          <type>const std::string &amp;</type>
          <declname>dato</declname>
        </param>
        <param>
          <type>const std::string &amp;</type>
          <declname>datoActualizado</declname>
        </param>
        <param>
          <type>int</type>
          <declname>idCDP</declname>
        </param>
        <briefdescription>
<para>Actualiza la información de los CDPs en la base de datos. </para>
        </briefdescription>
        <detaileddescription>
<para><parameterlist kind="param"><parameteritem>
<parameternamelist>
<parametername>dato</parametername>
</parameternamelist>
<parameterdescription>
<para>Nombre del dato a actualizar. </para>
</parameterdescription>
</parameteritem>
<parameteritem>
<parameternamelist>
<parametername>datoActualizado</parametername>
</parameternamelist>
<parameterdescription>
<para>Nuevo valor del dato. </para>
</parameterdescription>
</parameteritem>
<parameteritem>
<parameternamelist>
<parametername>idCDP</parametername>
</parameternamelist>
<parameterdescription>
<para>ID del CDP. </para>
</parameterdescription>
</parameteritem>
</parameterlist>
</para>
        </detaileddescription>
        <inbodydescription>
        </inbodydescription>
        <location file="clientes2.hpp" line="95" column="10" bodyfile="clientes2.cpp" bodystart="148" bodyend="158"/>
      </memberdef>
    </sectiondef>
    <briefdescription>
<para>Clase que representa un cliente y permite interactuar con la base de datos. </para>
    </briefdescription>
    <detaileddescription>
    </detaileddescription>
    <location file="clientes2.hpp" line="11" column="1" bodyfile="clientes2.hpp" bodystart="11" bodyend="96"/>
    <listofallmembers>
      <member refid="class_cliente_1acc3eb79c782a47c192326df7160d45e9" prot="public" virt="non-virtual"><scope>Cliente</scope><name>Cliente</name></member>
      <member refid="class_cliente_1a7d5ac2bc1516db395ec999045bf891d5" prot="private" virt="non-virtual"><scope>Cliente</scope><name>db</name></member>
      <member refid="class_cliente_1af88f23508f54dbf59e1602e57d325e45" prot="public" virt="non-virtual"><scope>Cliente</scope><name>getIdCliente</name></member>
      <member refid="class_cliente_1aa3230d5ee4ee3a8f764d34b50ed78d43" prot="public" virt="non-virtual"><scope>Cliente</scope><name>getInfoCDPs</name></member>
      <member refid="class_cliente_1a85f2204e9392277634be0b52ade6994e" prot="public" virt="non-virtual"><scope>Cliente</scope><name>getInfoClientes</name></member>
      <member refid="class_cliente_1a19548bfe36cb49e900007c9fc1b00e4b" prot="public" virt="non-virtual"><scope>Cliente</scope><name>getInfoInteres</name></member>
      <member refid="class_cliente_1a3e8ad9629463523fef40c330517dcca9" prot="public" virt="non-virtual"><scope>Cliente</scope><name>getInfoPrestamos</name></member>
      <member refid="class_cliente_1a09f1208e373439b7c008ecaeee494453" prot="public" virt="non-virtual"><scope>Cliente</scope><name>getInfoTasasCDP</name></member>
      <member refid="class_cliente_1afe3567470c5d4a97700501ff8830ebc9" prot="private" virt="non-virtual"><scope>Cliente</scope><name>idCliente</name></member>
      <member refid="class_cliente_1abeb250b804bbcb111b4e6d9dbeb2a496" prot="public" virt="non-virtual"><scope>Cliente</scope><name>setInfoCDPs</name></member>
      <member refid="class_cliente_1a231e4e0ccd92be818da6ef665ef2ec53" prot="public" virt="non-virtual"><scope>Cliente</scope><name>setInfoClientes</name></member>
      <member refid="class_cliente_1a75460a55c7b2ab7d97f4d84694899698" prot="public" virt="non-virtual"><scope>Cliente</scope><name>setInfoPrestamos</name></member>
    </listofallmembers>
  </compounddef>
</doxygen>
