<?xml version='1.0' encoding='UTF-8' standalone='no'?>
<doxygen xmlns:xsi="http://www.w3.org/2001/XMLSchema-instance" xsi:noNamespaceSchemaLocation="compound.xsd" version="1.10.0" xml:lang="en-US">
  <compounddef id="clientes_8hpp" kind="file" language="C++">
    <compoundname>clientes.hpp</compoundname>
    <includes local="no">iostream</includes>
    <includes local="no">string</includes>
    <includes local="no">regex</includes>
    <includes local="no">stdexcept</includes>
    <includes local="no">sqlite3.h</includes>
    <includes local="no">cstdlib</includes>
    <includes local="no">cstring</includes>
    <includedby refid="main2_8cpp" local="yes">main2.cpp</includedby>
    <incdepgraph>
      <node id="1">
        <label>clientes.hpp</label>
        <link refid="clientes_8hpp"/>
        <childnode refid="2" relation="include">
        </childnode>
        <childnode refid="3" relation="include">
        </childnode>
        <childnode refid="4" relation="include">
        </childnode>
        <childnode refid="5" relation="include">
        </childnode>
        <childnode refid="6" relation="include">
        </childnode>
        <childnode refid="7" relation="include">
        </childnode>
        <childnode refid="8" relation="include">
        </childnode>
      </node>
      <node id="7">
        <label>cstdlib</label>
      </node>
      <node id="8">
        <label>cstring</label>
      </node>
      <node id="2">
        <label>iostream</label>
      </node>
      <node id="4">
        <label>regex</label>
      </node>
      <node id="6">
        <label>sqlite3.h</label>
      </node>
      <node id="5">
        <label>stdexcept</label>
      </node>
      <node id="3">
        <label>string</label>
      </node>
    </incdepgraph>
    <invincdepgraph>
      <node id="1">
        <label>clientes.hpp</label>
        <link refid="clientes_8hpp"/>
        <childnode refid="2" relation="include">
        </childnode>
      </node>
      <node id="2">
        <label>main2.cpp</label>
        <link refid="main2_8cpp"/>
      </node>
    </invincdepgraph>
    <sectiondef kind="func">
      <memberdef kind="function" id="clientes_8hpp_1a4b0a3aae188993b55ab744b770fb83f3" prot="public" static="no" const="no" explicit="no" inline="no" virt="non-virtual">
        <type>int</type>
        <definition>int crearTablaClientes</definition>
        <argsstring>(sqlite3 *db)</argsstring>
        <name>crearTablaClientes</name>
        <param>
          <type>sqlite3 *</type>
          <declname>db</declname>
        </param>
        <briefdescription>
<para>Crea la tabla de clientes en la base de datos. </para>
        </briefdescription>
        <detaileddescription>
<para><parameterlist kind="param"><parameteritem>
<parameternamelist>
<parametername>db</parametername>
</parameternamelist>
<parameterdescription>
<para>Puntero a la base de datos SQLite. </para>
</parameterdescription>
</parameteritem>
</parameterlist>
<simplesect kind="return"><para>SQLITE_OK si la operación fue exitosa, de lo contrario el código de error. </para>
</simplesect>
</para>
        </detaileddescription>
        <inbodydescription>
        </inbodydescription>
        <location file="clientes.hpp" line="29" column="5" bodyfile="clientes.hpp" bodystart="29" bodyend="50"/>
      </memberdef>
      <memberdef kind="function" id="clientes_8hpp_1abbbf1146e2f06def6264e3666068a06d" prot="public" static="no" const="no" explicit="no" inline="no" virt="non-virtual">
        <type>int</type>
        <definition>int insertarDatosClientes</definition>
        <argsstring>(sqlite3 *db)</argsstring>
        <name>insertarDatosClientes</name>
        <param>
          <type>sqlite3 *</type>
          <declname>db</declname>
        </param>
        <briefdescription>
<para>Inserta datos de ejemplo en la tabla de clientes. </para>
        </briefdescription>
        <detaileddescription>
<para><parameterlist kind="param"><parameteritem>
<parameternamelist>
<parametername>db</parametername>
</parameternamelist>
<parameterdescription>
<para>Puntero a la base de datos SQLite. </para>
</parameterdescription>
</parameteritem>
</parameterlist>
<simplesect kind="return"><para>SQLITE_OK si la operación fue exitosa, de lo contrario el código de error. </para>
</simplesect>
</para>
        </detaileddescription>
        <inbodydescription>
        </inbodydescription>
        <location file="clientes.hpp" line="58" column="5" bodyfile="clientes.hpp" bodystart="58" bodyend="76"/>
      </memberdef>
      <memberdef kind="function" id="clientes_8hpp_1a53e8f5afb89622fa0319eabc86f11bdf" prot="public" static="no" const="no" explicit="no" inline="no" virt="non-virtual">
        <type>bool</type>
        <definition>bool existeCedula</definition>
        <argsstring>(sqlite3 *db, const std::string &amp;cedula)</argsstring>
        <name>existeCedula</name>
        <param>
          <type>sqlite3 *</type>
          <declname>db</declname>
        </param>
        <param>
          <type>const std::string &amp;</type>
          <declname>cedula</declname>
        </param>
        <briefdescription>
<para>Verifica si una cédula existe en la base de datos. </para>
        </briefdescription>
        <detaileddescription>
<para><parameterlist kind="param"><parameteritem>
<parameternamelist>
<parametername>db</parametername>
</parameternamelist>
<parameterdescription>
<para>Puntero a la base de datos SQLite. </para>
</parameterdescription>
</parameteritem>
<parameteritem>
<parameternamelist>
<parametername>cedula</parametername>
</parameternamelist>
<parameterdescription>
<para>Cédula a buscar en la base de datos. </para>
</parameterdescription>
</parameteritem>
</parameterlist>
<simplesect kind="return"><para>true si la cédula existe, false si no. </para>
</simplesect>
</para>
        </detaileddescription>
        <inbodydescription>
        </inbodydescription>
        <location file="clientes.hpp" line="85" column="6" bodyfile="clientes.hpp" bodystart="85" bodyend="96"/>
      </memberdef>
      <memberdef kind="function" id="clientes_8hpp_1a51613a4fbade82d782afff2ff55d0f69" prot="public" static="no" const="no" explicit="no" inline="no" virt="non-virtual">
        <type>void</type>
        <definition>void imprimirInfoCliente</definition>
        <argsstring>(sqlite3 *db, const std::string &amp;cedula)</argsstring>
        <name>imprimirInfoCliente</name>
        <param>
          <type>sqlite3 *</type>
          <declname>db</declname>
        </param>
        <param>
          <type>const std::string &amp;</type>
          <declname>cedula</declname>
        </param>
        <briefdescription>
<para>Imprime la informacion del cliente. </para>
        </briefdescription>
        <detaileddescription>
<para><parameterlist kind="param"><parameteritem>
<parameternamelist>
<parametername>db</parametername>
</parameternamelist>
<parameterdescription>
<para>Puntero a la base de datos SQLite. </para>
</parameterdescription>
</parameteritem>
<parameteritem>
<parameternamelist>
<parametername>cedula</parametername>
</parameternamelist>
<parameterdescription>
<para>Cédula a buscar en la base de datos. </para>
</parameterdescription>
</parameteritem>
</parameterlist>
<simplesect kind="return"><para>imprime datos. </para>
</simplesect>
</para>
        </detaileddescription>
        <inbodydescription>
        </inbodydescription>
        <location file="clientes.hpp" line="105" column="6" bodyfile="clientes.hpp" bodystart="105" bodyend="120"/>
      </memberdef>
      <memberdef kind="function" id="clientes_8hpp_1a7ecd26a48cebf8e04ff486064ec83be6" prot="public" static="no" const="no" explicit="no" inline="no" virt="non-virtual">
        <type>void</type>
        <definition>void validarNombre</definition>
        <argsstring>(const std::string &amp;nombre)</argsstring>
        <name>validarNombre</name>
        <param>
          <type>const std::string &amp;</type>
          <declname>nombre</declname>
        </param>
        <briefdescription>
<para>Valida el nombre ingresado, permitiendo solo letras y espacios. Usando regex. </para>
        </briefdescription>
        <detaileddescription>
<para><parameterlist kind="param"><parameteritem>
<parameternamelist>
<parametername>nombre</parametername>
</parameternamelist>
<parameterdescription>
<para>Nombre a validar. </para>
</parameterdescription>
</parameteritem>
</parameterlist>
<parameterlist kind="exception"><parameteritem>
<parameternamelist>
<parametername>std::invalid_argument</parametername>
</parameternamelist>
<parameterdescription>
<para>Si el nombre contiene caracteres no permitidos. </para>
</parameterdescription>
</parameteritem>
</parameterlist>
</para>
        </detaileddescription>
        <inbodydescription>
        </inbodydescription>
        <location file="clientes.hpp" line="128" column="6" bodyfile="clientes.hpp" bodystart="128" bodyend="132"/>
      </memberdef>
      <memberdef kind="function" id="clientes_8hpp_1ad97247aab3ced5dca8dbbcd52f5b74d9" prot="public" static="no" const="no" explicit="no" inline="no" virt="non-virtual">
        <type>void</type>
        <definition>void validarTelefono</definition>
        <argsstring>(const std::string &amp;telefono)</argsstring>
        <name>validarTelefono</name>
        <param>
          <type>const std::string &amp;</type>
          <declname>telefono</declname>
        </param>
        <briefdescription>
<para>Valida el número de teléfono ingresado, en formato 12345678. </para>
        </briefdescription>
        <detaileddescription>
<para><parameterlist kind="param"><parameteritem>
<parameternamelist>
<parametername>telefono</parametername>
</parameternamelist>
<parameterdescription>
<para>Teléfono a validar. </para>
</parameterdescription>
</parameteritem>
</parameterlist>
<parameterlist kind="exception"><parameteritem>
<parameternamelist>
<parametername>std::invalid_argument</parametername>
</parameternamelist>
<parameterdescription>
<para>Si el formato del teléfono es incorrecto. </para>
</parameterdescription>
</parameteritem>
</parameterlist>
</para>
        </detaileddescription>
        <inbodydescription>
        </inbodydescription>
        <location file="clientes.hpp" line="140" column="6" bodyfile="clientes.hpp" bodystart="140" bodyend="144"/>
      </memberdef>
      <memberdef kind="function" id="clientes_8hpp_1a62c888a1e1c62df66873a0eb36b07cc3" prot="public" static="no" const="no" explicit="no" inline="no" virt="non-virtual">
        <type>void</type>
        <definition>void validarDireccion</definition>
        <argsstring>(const std::string &amp;direccion)</argsstring>
        <name>validarDireccion</name>
        <param>
          <type>const std::string &amp;</type>
          <declname>direccion</declname>
        </param>
        <briefdescription>
<para>Valida la dirección ingresada, permitiendo solo letras, números y espacios. </para>
        </briefdescription>
        <detaileddescription>
<para><parameterlist kind="param"><parameteritem>
<parameternamelist>
<parametername>direccion</parametername>
</parameternamelist>
<parameterdescription>
<para>Dirección a validar. </para>
</parameterdescription>
</parameteritem>
</parameterlist>
<parameterlist kind="exception"><parameteritem>
<parameternamelist>
<parametername>std::invalid_argument</parametername>
</parameternamelist>
<parameterdescription>
<para>Si la dirección contiene caracteres no permitidos. </para>
</parameterdescription>
</parameteritem>
</parameterlist>
</para>
        </detaileddescription>
        <inbodydescription>
        </inbodydescription>
        <location file="clientes.hpp" line="152" column="6" bodyfile="clientes.hpp" bodystart="152" bodyend="156"/>
      </memberdef>
      <memberdef kind="function" id="clientes_8hpp_1a046219743f25040c96360482a6a58236" prot="public" static="no" const="no" explicit="no" inline="no" virt="non-virtual">
        <type>void</type>
        <definition>void validarCorreo</definition>
        <argsstring>(const std::string &amp;correo)</argsstring>
        <name>validarCorreo</name>
        <param>
          <type>const std::string &amp;</type>
          <declname>correo</declname>
        </param>
        <briefdescription>
<para>Valida el correo electrónico ingresado, en formato <ulink url="mailto:ejemplo@dominio.com">ejemplo@dominio.com</ulink>. </para>
        </briefdescription>
        <detaileddescription>
<para><parameterlist kind="param"><parameteritem>
<parameternamelist>
<parametername>correo</parametername>
</parameternamelist>
<parameterdescription>
<para>Correo electrónico a validar. </para>
</parameterdescription>
</parameteritem>
</parameterlist>
<parameterlist kind="exception"><parameteritem>
<parameternamelist>
<parametername>std::invalid_argument</parametername>
</parameternamelist>
<parameterdescription>
<para>Si el formato del correo electrónico es incorrecto. </para>
</parameterdescription>
</parameteritem>
</parameterlist>
</para>
        </detaileddescription>
        <inbodydescription>
        </inbodydescription>
        <location file="clientes.hpp" line="164" column="6" bodyfile="clientes.hpp" bodystart="164" bodyend="168"/>
      </memberdef>
      <memberdef kind="function" id="clientes_8hpp_1a76b333600bae8b51db95f12908908b13" prot="public" static="no" const="no" explicit="no" inline="no" virt="non-virtual">
        <type>void</type>
        <definition>void validarTipoCuenta</definition>
        <argsstring>(const std::string &amp;tipoCuenta)</argsstring>
        <name>validarTipoCuenta</name>
        <param>
          <type>const std::string &amp;</type>
          <declname>tipoCuenta</declname>
        </param>
        <briefdescription>
<para>Valida el tipo de cuenta ingresado, permitiendo solo &quot;Dolares&quot; o &quot;Colones&quot;. </para>
        </briefdescription>
        <detaileddescription>
<para><parameterlist kind="param"><parameteritem>
<parameternamelist>
<parametername>tipoCuenta</parametername>
</parameternamelist>
<parameterdescription>
<para>Tipo de cuenta a validar. </para>
</parameterdescription>
</parameteritem>
</parameterlist>
<parameterlist kind="exception"><parameteritem>
<parameternamelist>
<parametername>std::invalid_argument</parametername>
</parameternamelist>
<parameterdescription>
<para>Si el tipo de cuenta no es &quot;Dolares&quot; ni &quot;Colones&quot;. </para>
</parameterdescription>
</parameteritem>
</parameterlist>
</para>
        </detaileddescription>
        <inbodydescription>
        </inbodydescription>
        <location file="clientes.hpp" line="176" column="6" bodyfile="clientes.hpp" bodystart="176" bodyend="180"/>
      </memberdef>
      <memberdef kind="function" id="clientes_8hpp_1ac19904d0e8377329820a1d4d0a399c0b" prot="public" static="no" const="no" explicit="no" inline="no" virt="non-virtual">
        <type>void</type>
        <definition>void agregarNuevoCliente</definition>
        <argsstring>(sqlite3 *db)</argsstring>
        <name>agregarNuevoCliente</name>
        <param>
          <type>sqlite3 *</type>
          <declname>db</declname>
        </param>
        <briefdescription>
<para>Agrega un nuevo cliente a la base de datos. </para>
        </briefdescription>
        <detaileddescription>
<para><parameterlist kind="param"><parameteritem>
<parameternamelist>
<parametername>db</parametername>
</parameternamelist>
<parameterdescription>
<para>Puntero a la base de datos SQLite. </para>
</parameterdescription>
</parameteritem>
</parameterlist>
</para>
        </detaileddescription>
        <inbodydescription>
<para>Agrega un nuevo cliente a la base de datos.</para>
<para><parameterlist kind="param"><parameteritem>
<parameternamelist>
<parametername>db</parametername>
</parameternamelist>
<parameterdescription>
<para>Puntero a la base de datos SQLite.</para>
</parameterdescription>
</parameteritem>
</parameterlist>
</para>
        </inbodydescription>
        <location file="clientes.hpp" line="188" column="6" bodyfile="clientes.hpp" bodystart="188" bodyend="348"/>
      </memberdef>
      <memberdef kind="function" id="clientes_8hpp_1aa7f1e18627a568718d21c58654e30ee5" prot="public" static="no" const="no" explicit="no" inline="no" virt="non-virtual">
        <type>void</type>
        <definition>void imprimirIdClientesPorCedula</definition>
        <argsstring>(sqlite3 *db, const std::string &amp;cedula)</argsstring>
        <name>imprimirIdClientesPorCedula</name>
        <param>
          <type>sqlite3 *</type>
          <declname>db</declname>
        </param>
        <param>
          <type>const std::string &amp;</type>
          <declname>cedula</declname>
        </param>
        <briefdescription>
<para>Imprime los IDs de cliente y tipos de cuenta asociados a una cédula dada. </para>
        </briefdescription>
        <detaileddescription>
<para><parameterlist kind="param"><parameteritem>
<parameternamelist>
<parametername>db</parametername>
</parameternamelist>
<parameterdescription>
<para>Puntero a la base de datos SQLite. </para>
</parameterdescription>
</parameteritem>
<parameteritem>
<parameternamelist>
<parametername>cedula</parametername>
</parameternamelist>
<parameterdescription>
<para>Cédula del cliente para buscar en la base de datos. </para>
</parameterdescription>
</parameteritem>
</parameterlist>
</para>
        </detaileddescription>
        <inbodydescription>
        </inbodydescription>
        <location file="clientes.hpp" line="356" column="6" bodyfile="clientes.hpp" bodystart="356" bodyend="383"/>
      </memberdef>
    </sectiondef>
    <briefdescription>
    </briefdescription>
    <detaileddescription>
<para><simplesect kind="author"><para>Evelyn Feng, Daniel De La O, Caleb Arias </para>
</simplesect>
<simplesect kind="date"><para>30/06/24 @license MIT License Este programa está sujeto a los términos y condiciones de la licencia resente en el archivo &apos;licencia.txt&apos;. </para>
</simplesect>
</para>
    </detaileddescription>
    <programlisting>
<codeline lineno="1"><highlight class="comment">//g++<sp/>-o<sp/>prestamo<sp/>main2.cpp<sp/>prestamos.cpp<sp/>-lsqlite3</highlight><highlight class="normal"></highlight></codeline>
<codeline lineno="2"><highlight class="normal"></highlight><highlight class="preprocessor">#ifndef<sp/>CLIENTES_HPP</highlight><highlight class="normal"></highlight></codeline>
<codeline lineno="3"><highlight class="normal"></highlight><highlight class="preprocessor">#define<sp/>CLIENTES_HPP</highlight><highlight class="normal"></highlight></codeline>
<codeline lineno="4"><highlight class="normal"></highlight></codeline>
<codeline lineno="5"><highlight class="normal"></highlight><highlight class="preprocessor">#include<sp/>&lt;iostream&gt;</highlight><highlight class="normal"></highlight></codeline>
<codeline lineno="6"><highlight class="normal"></highlight><highlight class="preprocessor">#include<sp/>&lt;string&gt;</highlight><highlight class="normal"></highlight></codeline>
<codeline lineno="7"><highlight class="normal"></highlight><highlight class="preprocessor">#include<sp/>&lt;regex&gt;</highlight><highlight class="normal"></highlight></codeline>
<codeline lineno="8"><highlight class="normal"></highlight><highlight class="preprocessor">#include<sp/>&lt;stdexcept&gt;</highlight><highlight class="normal"></highlight></codeline>
<codeline lineno="9"><highlight class="normal"></highlight><highlight class="preprocessor">#include<sp/>&lt;sqlite3.h&gt;</highlight><highlight class="normal"></highlight></codeline>
<codeline lineno="10"><highlight class="normal"></highlight><highlight class="preprocessor">#include<sp/>&lt;cstdlib&gt;</highlight><highlight class="normal"><sp/></highlight><highlight class="comment">//<sp/>Para<sp/>generar<sp/>numeros<sp/>aleatorios</highlight><highlight class="normal"></highlight></codeline>
<codeline lineno="11"><highlight class="normal"></highlight><highlight class="preprocessor">#include<sp/>&lt;cstring&gt;</highlight><highlight class="normal"></highlight></codeline>
<codeline lineno="12"><highlight class="normal"></highlight></codeline>
<codeline lineno="29" refid="clientes_8hpp_1a4b0a3aae188993b55ab744b770fb83f3" refkind="member"><highlight class="normal"></highlight><highlight class="keywordtype">int</highlight><highlight class="normal"><sp/><ref refid="clientes_8hpp_1a4b0a3aae188993b55ab744b770fb83f3" kindref="member">crearTablaClientes</ref>(sqlite3<sp/>*db)<sp/>{</highlight></codeline>
<codeline lineno="30"><highlight class="normal"><sp/><sp/><sp/><sp/></highlight><highlight class="keyword">const</highlight><highlight class="normal"><sp/></highlight><highlight class="keywordtype">char</highlight><highlight class="normal">*<sp/>createTableSQL<sp/>=<sp/>R</highlight><highlight class="stringliteral">&quot;(</highlight></codeline>
<codeline lineno="31"><highlight class="stringliteral"><sp/><sp/><sp/><sp/><sp/><sp/><sp/><sp/>CREATE<sp/>TABLE<sp/>IF<sp/>NOT<sp/>EXISTS<sp/>Clientes<sp/>(</highlight></codeline>
<codeline lineno="32"><highlight class="stringliteral"><sp/><sp/><sp/><sp/><sp/><sp/><sp/><sp/><sp/><sp/><sp/><sp/>IdCliente<sp/>INTEGER<sp/>PRIMARY<sp/>KEY<sp/>UNIQUE,</highlight></codeline>
<codeline lineno="33"><highlight class="stringliteral"><sp/><sp/><sp/><sp/><sp/><sp/><sp/><sp/><sp/><sp/><sp/><sp/>Cedula<sp/>TEXT,</highlight></codeline>
<codeline lineno="34"><highlight class="stringliteral"><sp/><sp/><sp/><sp/><sp/><sp/><sp/><sp/><sp/><sp/><sp/><sp/>Nombre<sp/>TEXT,</highlight></codeline>
<codeline lineno="35"><highlight class="stringliteral"><sp/><sp/><sp/><sp/><sp/><sp/><sp/><sp/><sp/><sp/><sp/><sp/>Telefono<sp/>TEXT,</highlight></codeline>
<codeline lineno="36"><highlight class="stringliteral"><sp/><sp/><sp/><sp/><sp/><sp/><sp/><sp/><sp/><sp/><sp/><sp/>Direccion<sp/>TEXT,</highlight></codeline>
<codeline lineno="37"><highlight class="stringliteral"><sp/><sp/><sp/><sp/><sp/><sp/><sp/><sp/><sp/><sp/><sp/><sp/>Correo<sp/>TEXT,</highlight></codeline>
<codeline lineno="38"><highlight class="stringliteral"><sp/><sp/><sp/><sp/><sp/><sp/><sp/><sp/><sp/><sp/><sp/><sp/>Balance<sp/>INT,</highlight></codeline>
<codeline lineno="39"><highlight class="stringliteral"><sp/><sp/><sp/><sp/><sp/><sp/><sp/><sp/><sp/><sp/><sp/><sp/>TipoCuenta<sp/>TEXT</highlight></codeline>
<codeline lineno="40"><highlight class="stringliteral"><sp/><sp/><sp/><sp/><sp/><sp/><sp/><sp/>);</highlight></codeline>
<codeline lineno="41"><highlight class="stringliteral"><sp/><sp/><sp/><sp/>)&quot;;</highlight></codeline>
<codeline lineno="42"><highlight class="stringliteral"><sp/><sp/><sp/><sp/></highlight><highlight class="keywordtype">char</highlight><highlight class="normal"><sp/>*errMsg<sp/>=<sp/></highlight><highlight class="keyword">nullptr</highlight><highlight class="normal">;</highlight></codeline>
<codeline lineno="43"><highlight class="normal"><sp/><sp/><sp/><sp/></highlight><highlight class="keywordtype">int</highlight><highlight class="normal"><sp/>rc<sp/>=<sp/>sqlite3_exec(db,<sp/>createTableSQL,<sp/>0,<sp/>0,<sp/>&amp;errMsg);</highlight></codeline>
<codeline lineno="44"><highlight class="normal"><sp/><sp/><sp/><sp/></highlight><highlight class="keywordflow">if</highlight><highlight class="normal"><sp/>(rc<sp/>!=<sp/>SQLITE_OK)<sp/>{</highlight></codeline>
<codeline lineno="45"><highlight class="normal"><sp/><sp/><sp/><sp/><sp/><sp/><sp/><sp/>std::cerr<sp/>&lt;&lt;<sp/></highlight><highlight class="stringliteral">&quot;SQL<sp/>error:<sp/>&quot;</highlight><highlight class="normal"><sp/>&lt;&lt;<sp/>errMsg<sp/>&lt;&lt;<sp/>std::endl;</highlight></codeline>
<codeline lineno="46"><highlight class="normal"><sp/><sp/><sp/><sp/><sp/><sp/><sp/><sp/>sqlite3_free(errMsg);</highlight></codeline>
<codeline lineno="47"><highlight class="normal"><sp/><sp/><sp/><sp/><sp/><sp/><sp/><sp/></highlight><highlight class="keywordflow">return</highlight><highlight class="normal"><sp/>rc;</highlight></codeline>
<codeline lineno="48"><highlight class="normal"><sp/><sp/><sp/><sp/>}</highlight></codeline>
<codeline lineno="49"><highlight class="normal"><sp/><sp/><sp/><sp/></highlight><highlight class="keywordflow">return</highlight><highlight class="normal"><sp/>SQLITE_OK;</highlight></codeline>
<codeline lineno="50"><highlight class="normal">}</highlight></codeline>
<codeline lineno="51"><highlight class="normal"></highlight></codeline>
<codeline lineno="58" refid="clientes_8hpp_1abbbf1146e2f06def6264e3666068a06d" refkind="member"><highlight class="normal"></highlight><highlight class="keywordtype">int</highlight><highlight class="normal"><sp/><ref refid="clientes_8hpp_1abbbf1146e2f06def6264e3666068a06d" kindref="member">insertarDatosClientes</ref>(sqlite3<sp/>*db)<sp/>{</highlight></codeline>
<codeline lineno="59"><highlight class="normal"><sp/><sp/><sp/><sp/></highlight><highlight class="keyword">const</highlight><highlight class="normal"><sp/></highlight><highlight class="keywordtype">char</highlight><highlight class="normal">*<sp/>insertDataSQL<sp/>=<sp/>R</highlight><highlight class="stringliteral">&quot;(</highlight></codeline>
<codeline lineno="60"><highlight class="stringliteral"><sp/><sp/><sp/><sp/><sp/><sp/><sp/><sp/>INSERT<sp/>INTO<sp/>Clientes<sp/>(IdCliente,<sp/>Cedula,<sp/>Nombre,<sp/>Telefono,<sp/>Direccion,<sp/>Correo,<sp/>Balance,<sp/>TipoCuenta)<sp/>VALUES</highlight></codeline>
<codeline lineno="61"><highlight class="stringliteral"><sp/><sp/><sp/><sp/><sp/><sp/><sp/><sp/>(2701006,<sp/>&apos;702890948&apos;,<sp/>&apos;YAKIR<sp/>HERMAN<sp/>BUSTOS&apos;,<sp/>&apos;65431234&apos;,<sp/>&apos;San<sp/>Jose,<sp/>Barrio<sp/>Escalante&apos;,<sp/>&apos;yakir.herman@hotmail.com&apos;,<sp/>87654.22,<sp/>&apos;Dolares&apos;),</highlight></codeline>
<codeline lineno="62"><highlight class="stringliteral"><sp/><sp/><sp/><sp/><sp/><sp/><sp/><sp/>(1701006,<sp/>&apos;702890948&apos;,<sp/>&apos;YAKIR<sp/>HERMAN<sp/>BUSTOS&apos;,<sp/>&apos;65431234&apos;,<sp/>&apos;San<sp/>Jose,<sp/>Barrio<sp/>Escalante&apos;,<sp/>&apos;yakir.herman@hotmail.com&apos;,<sp/>250000,<sp/>&apos;Colones&apos;),</highlight></codeline>
<codeline lineno="63"><highlight class="stringliteral"><sp/><sp/><sp/><sp/><sp/><sp/><sp/><sp/>(2701027,<sp/>&apos;702890950&apos;,<sp/>&apos;MARLENNY<sp/>MAROTO<sp/>GUADAMUZ&apos;,<sp/>&apos;87456789&apos;,<sp/>&apos;Heredia,<sp/>San<sp/>Francisco&apos;,<sp/>&apos;marleny.maroto@yahoo.com&apos;,<sp/>20985.98,<sp/>&apos;Dolares&apos;),</highlight></codeline>
<codeline lineno="64"><highlight class="stringliteral"><sp/><sp/><sp/><sp/><sp/><sp/><sp/><sp/>(2701019,<sp/>&apos;702890951&apos;,<sp/>&apos;ANNIA<sp/>CORTES<sp/>SOLANO&apos;,<sp/>&apos;90321567&apos;,<sp/>&apos;Alajuela,<sp/>San<sp/>Rafael&apos;,<sp/>&apos;annia.cortes@gmail.com&apos;,<sp/>98745.22,<sp/>&apos;Dolares&apos;),</highlight></codeline>
<codeline lineno="65"><highlight class="stringliteral"><sp/><sp/><sp/><sp/><sp/><sp/><sp/><sp/>(1701014,<sp/>&apos;702890952&apos;,<sp/>&apos;LILLIAM<sp/>VILLAVICENCIO<sp/>HIDALGO&apos;,<sp/>&apos;78349087&apos;,<sp/>&apos;Cartago,<sp/>Paraiso&apos;,<sp/>&apos;lilliam.villavicencio@hotmail.com&apos;,<sp/>1450987.45,<sp/>&apos;Colones&apos;),</highlight></codeline>
<codeline lineno="66"><highlight class="stringliteral"><sp/><sp/><sp/><sp/><sp/><sp/><sp/><sp/>(1504004,<sp/>&apos;504380806&apos;,<sp/>&apos;ANA<sp/>HERNANDEZ<sp/>TORRES&apos;,<sp/>&apos;60123456&apos;,<sp/>&apos;San<sp/>Jose,<sp/>La<sp/>Sabana&apos;,<sp/>&apos;ana.hernandez@yahoo.com&apos;,<sp/>654987.33,<sp/>&apos;Colones&apos;),</highlight></codeline>
<codeline lineno="67"><highlight class="stringliteral"><sp/><sp/><sp/><sp/><sp/><sp/><sp/><sp/>(1203004,<sp/>&apos;901460040&apos;,<sp/>&apos;NESTOR<sp/>AURELIO<sp/>CHACON<sp/>MONCADA&apos;,<sp/>&apos;65468901&apos;,<sp/>&apos;Cartago,<sp/>Tejar&apos;,<sp/>&apos;nestor.chacon@hotmail.com&apos;,<sp/>4421987.12,<sp/>&apos;Colones&apos;);</highlight></codeline>
<codeline lineno="68"><highlight class="stringliteral"><sp/><sp/><sp/><sp/>)&quot;;</highlight></codeline>
<codeline lineno="69"><highlight class="stringliteral"><sp/><sp/><sp/><sp/></highlight><highlight class="keywordtype">char</highlight><highlight class="normal"><sp/>*errMsg<sp/>=<sp/></highlight><highlight class="keyword">nullptr</highlight><highlight class="normal">;</highlight></codeline>
<codeline lineno="70"><highlight class="normal"><sp/><sp/><sp/><sp/></highlight><highlight class="keywordtype">int</highlight><highlight class="normal"><sp/>rc<sp/>=<sp/>sqlite3_exec(db,<sp/>insertDataSQL,<sp/>0,<sp/>0,<sp/>&amp;errMsg);</highlight></codeline>
<codeline lineno="71"><highlight class="normal"><sp/><sp/><sp/><sp/></highlight><highlight class="keywordflow">if</highlight><highlight class="normal"><sp/>(rc<sp/>!=<sp/>SQLITE_OK)<sp/>{</highlight></codeline>
<codeline lineno="72"><highlight class="normal"><sp/><sp/><sp/><sp/><sp/><sp/><sp/><sp/>std::cerr<sp/>&lt;&lt;<sp/></highlight><highlight class="stringliteral">&quot;SQL<sp/>error:<sp/>&quot;</highlight><highlight class="normal"><sp/>&lt;&lt;<sp/>errMsg<sp/>&lt;&lt;<sp/>std::endl;</highlight></codeline>
<codeline lineno="73"><highlight class="normal"><sp/><sp/><sp/><sp/><sp/><sp/><sp/><sp/>sqlite3_free(errMsg);</highlight></codeline>
<codeline lineno="74"><highlight class="normal"><sp/><sp/><sp/><sp/>}</highlight></codeline>
<codeline lineno="75"><highlight class="normal"><sp/><sp/><sp/><sp/></highlight><highlight class="keywordflow">return</highlight><highlight class="normal"><sp/>rc;</highlight></codeline>
<codeline lineno="76"><highlight class="normal">}</highlight></codeline>
<codeline lineno="77"><highlight class="normal"></highlight></codeline>
<codeline lineno="85" refid="clientes_8hpp_1a53e8f5afb89622fa0319eabc86f11bdf" refkind="member"><highlight class="normal"></highlight><highlight class="keywordtype">bool</highlight><highlight class="normal"><sp/><ref refid="clientes_8hpp_1a53e8f5afb89622fa0319eabc86f11bdf" kindref="member">existeCedula</ref>(sqlite3<sp/>*db,<sp/></highlight><highlight class="keyword">const</highlight><highlight class="normal"><sp/>std::string<sp/>&amp;cedula)<sp/>{</highlight></codeline>
<codeline lineno="86"><highlight class="normal"><sp/><sp/><sp/><sp/>std::string<sp/>sql<sp/>=<sp/></highlight><highlight class="stringliteral">&quot;SELECT<sp/>1<sp/>FROM<sp/>Clientes<sp/>WHERE<sp/>Cedula<sp/>=<sp/>?;&quot;</highlight><highlight class="normal">;</highlight></codeline>
<codeline lineno="87"><highlight class="normal"><sp/><sp/><sp/><sp/>sqlite3_stmt<sp/>*stmt;</highlight></codeline>
<codeline lineno="88"><highlight class="normal"><sp/><sp/><sp/><sp/></highlight><highlight class="keywordflow">if</highlight><highlight class="normal"><sp/>(sqlite3_prepare_v2(db,<sp/>sql.c_str(),<sp/>-1,<sp/>&amp;stmt,<sp/></highlight><highlight class="keyword">nullptr</highlight><highlight class="normal">)<sp/>!=<sp/>SQLITE_OK)<sp/>{</highlight></codeline>
<codeline lineno="89"><highlight class="normal"><sp/><sp/><sp/><sp/><sp/><sp/><sp/><sp/>std::cerr<sp/>&lt;&lt;<sp/></highlight><highlight class="stringliteral">&quot;Error<sp/>al<sp/>preparar<sp/>la<sp/>consulta:<sp/>&quot;</highlight><highlight class="normal"><sp/>&lt;&lt;<sp/>sqlite3_errmsg(db)<sp/>&lt;&lt;<sp/>std::endl;</highlight></codeline>
<codeline lineno="90"><highlight class="normal"><sp/><sp/><sp/><sp/><sp/><sp/><sp/><sp/></highlight><highlight class="keywordflow">return</highlight><highlight class="normal"><sp/></highlight><highlight class="keyword">false</highlight><highlight class="normal">;</highlight></codeline>
<codeline lineno="91"><highlight class="normal"><sp/><sp/><sp/><sp/>}</highlight></codeline>
<codeline lineno="92"><highlight class="normal"><sp/><sp/><sp/><sp/>sqlite3_bind_text(stmt,<sp/>1,<sp/>cedula.c_str(),<sp/>-1,<sp/>SQLITE_STATIC);</highlight></codeline>
<codeline lineno="93"><highlight class="normal"><sp/><sp/><sp/><sp/></highlight><highlight class="keywordtype">bool</highlight><highlight class="normal"><sp/>existe<sp/>=<sp/>sqlite3_step(stmt)<sp/>==<sp/>SQLITE_ROW;</highlight></codeline>
<codeline lineno="94"><highlight class="normal"><sp/><sp/><sp/><sp/>sqlite3_finalize(stmt);</highlight></codeline>
<codeline lineno="95"><highlight class="normal"><sp/><sp/><sp/><sp/></highlight><highlight class="keywordflow">return</highlight><highlight class="normal"><sp/>existe;</highlight></codeline>
<codeline lineno="96"><highlight class="normal">}</highlight></codeline>
<codeline lineno="97"><highlight class="normal"></highlight></codeline>
<codeline lineno="105" refid="clientes_8hpp_1a51613a4fbade82d782afff2ff55d0f69" refkind="member"><highlight class="normal"></highlight><highlight class="keywordtype">void</highlight><highlight class="normal"><sp/><ref refid="clientes_8hpp_1a51613a4fbade82d782afff2ff55d0f69" kindref="member">imprimirInfoCliente</ref>(sqlite3<sp/>*db,<sp/></highlight><highlight class="keyword">const</highlight><highlight class="normal"><sp/>std::string<sp/>&amp;cedula)<sp/>{</highlight></codeline>
<codeline lineno="106"><highlight class="normal"><sp/><sp/><sp/><sp/>std::string<sp/>sql<sp/>=<sp/></highlight><highlight class="stringliteral">&quot;SELECT<sp/>Cedula,<sp/>Nombre,<sp/>Balance<sp/>FROM<sp/>Clientes<sp/>WHERE<sp/>Cedula<sp/>=<sp/>?;&quot;</highlight><highlight class="normal">;</highlight></codeline>
<codeline lineno="107"><highlight class="normal"><sp/><sp/><sp/><sp/>sqlite3_stmt<sp/>*stmt;</highlight></codeline>
<codeline lineno="108"><highlight class="normal"><sp/><sp/><sp/><sp/></highlight><highlight class="keywordflow">if</highlight><highlight class="normal"><sp/>(sqlite3_prepare_v2(db,<sp/>sql.c_str(),<sp/>-1,<sp/>&amp;stmt,<sp/></highlight><highlight class="keyword">nullptr</highlight><highlight class="normal">)<sp/>==<sp/>SQLITE_OK)<sp/>{</highlight></codeline>
<codeline lineno="109"><highlight class="normal"><sp/><sp/><sp/><sp/><sp/><sp/><sp/><sp/>sqlite3_bind_text(stmt,<sp/>1,<sp/>cedula.c_str(),<sp/>-1,<sp/>SQLITE_STATIC);</highlight></codeline>
<codeline lineno="110"><highlight class="normal"><sp/><sp/><sp/><sp/><sp/><sp/><sp/><sp/></highlight><highlight class="keywordflow">if</highlight><highlight class="normal"><sp/>(sqlite3_step(stmt)<sp/>==<sp/>SQLITE_ROW)<sp/>{</highlight></codeline>
<codeline lineno="111"><highlight class="normal"><sp/><sp/><sp/><sp/><sp/><sp/><sp/><sp/><sp/><sp/><sp/><sp/>std::string<sp/>cedula<sp/>=<sp/></highlight><highlight class="keyword">reinterpret_cast&lt;</highlight><highlight class="keyword">const<sp/></highlight><highlight class="keywordtype">char</highlight><highlight class="normal">*</highlight><highlight class="keyword">&gt;</highlight><highlight class="normal">(sqlite3_column_text(stmt,<sp/>0));</highlight></codeline>
<codeline lineno="112"><highlight class="normal"><sp/><sp/><sp/><sp/><sp/><sp/><sp/><sp/><sp/><sp/><sp/><sp/>std::string<sp/>nombre<sp/>=<sp/></highlight><highlight class="keyword">reinterpret_cast&lt;</highlight><highlight class="keyword">const<sp/></highlight><highlight class="keywordtype">char</highlight><highlight class="normal">*</highlight><highlight class="keyword">&gt;</highlight><highlight class="normal">(sqlite3_column_text(stmt,<sp/>1));</highlight></codeline>
<codeline lineno="113"><highlight class="normal"><sp/><sp/><sp/><sp/><sp/><sp/><sp/><sp/><sp/><sp/><sp/><sp/></highlight><highlight class="keywordtype">double</highlight><highlight class="normal"><sp/>balance<sp/>=<sp/>sqlite3_column_double(stmt,<sp/>2);</highlight></codeline>
<codeline lineno="114"><highlight class="normal"><sp/><sp/><sp/><sp/><sp/><sp/><sp/><sp/><sp/><sp/><sp/><sp/>std::cout<sp/>&lt;&lt;<sp/></highlight><highlight class="stringliteral">&quot;Cedula:<sp/>&quot;</highlight><highlight class="normal"><sp/>&lt;&lt;<sp/>cedula<sp/>&lt;&lt;<sp/></highlight><highlight class="stringliteral">&quot;\nNombre:<sp/>&quot;</highlight><highlight class="normal"><sp/>&lt;&lt;<sp/>nombre<sp/>&lt;&lt;<sp/></highlight><highlight class="stringliteral">&quot;\nBalance:<sp/>&quot;</highlight><highlight class="normal"><sp/>&lt;&lt;<sp/>balance<sp/>&lt;&lt;<sp/>std::endl;</highlight></codeline>
<codeline lineno="115"><highlight class="normal"><sp/><sp/><sp/><sp/><sp/><sp/><sp/><sp/>}</highlight></codeline>
<codeline lineno="116"><highlight class="normal"><sp/><sp/><sp/><sp/><sp/><sp/><sp/><sp/>sqlite3_finalize(stmt);</highlight></codeline>
<codeline lineno="117"><highlight class="normal"><sp/><sp/><sp/><sp/>}<sp/></highlight><highlight class="keywordflow">else</highlight><highlight class="normal"><sp/>{</highlight></codeline>
<codeline lineno="118"><highlight class="normal"><sp/><sp/><sp/><sp/><sp/><sp/><sp/><sp/>std::cerr<sp/>&lt;&lt;<sp/></highlight><highlight class="stringliteral">&quot;Error<sp/>al<sp/>preparar<sp/>la<sp/>consulta:<sp/>&quot;</highlight><highlight class="normal"><sp/>&lt;&lt;<sp/>sqlite3_errmsg(db)<sp/>&lt;&lt;<sp/>std::endl;</highlight></codeline>
<codeline lineno="119"><highlight class="normal"><sp/><sp/><sp/><sp/>}</highlight></codeline>
<codeline lineno="120"><highlight class="normal">}</highlight></codeline>
<codeline lineno="121"><highlight class="normal"></highlight></codeline>
<codeline lineno="128" refid="clientes_8hpp_1a7ecd26a48cebf8e04ff486064ec83be6" refkind="member"><highlight class="normal"></highlight><highlight class="keywordtype">void</highlight><highlight class="normal"><sp/><ref refid="clientes_8hpp_1a7ecd26a48cebf8e04ff486064ec83be6" kindref="member">validarNombre</ref>(</highlight><highlight class="keyword">const</highlight><highlight class="normal"><sp/>std::string&amp;<sp/>nombre)<sp/>{</highlight></codeline>
<codeline lineno="129"><highlight class="normal"><sp/><sp/><sp/><sp/></highlight><highlight class="keywordflow">if</highlight><highlight class="normal"><sp/>(!std::regex_match(nombre,<sp/>std::regex(</highlight><highlight class="stringliteral">&quot;^[a-zA-Z<sp/>]+$&quot;</highlight><highlight class="normal">)))<sp/>{</highlight></codeline>
<codeline lineno="130"><highlight class="normal"><sp/><sp/><sp/><sp/><sp/><sp/><sp/><sp/></highlight><highlight class="keywordflow">throw</highlight><highlight class="normal"><sp/>std::invalid_argument(</highlight><highlight class="stringliteral">&quot;El<sp/>nombre<sp/>solo<sp/>debe<sp/>contener<sp/>letras<sp/>y<sp/>espacios.&quot;</highlight><highlight class="normal">);</highlight></codeline>
<codeline lineno="131"><highlight class="normal"><sp/><sp/><sp/><sp/>}</highlight></codeline>
<codeline lineno="132"><highlight class="normal">}</highlight></codeline>
<codeline lineno="133"><highlight class="normal"></highlight></codeline>
<codeline lineno="140" refid="clientes_8hpp_1ad97247aab3ced5dca8dbbcd52f5b74d9" refkind="member"><highlight class="normal"></highlight><highlight class="keywordtype">void</highlight><highlight class="normal"><sp/><ref refid="clientes_8hpp_1ad97247aab3ced5dca8dbbcd52f5b74d9" kindref="member">validarTelefono</ref>(</highlight><highlight class="keyword">const</highlight><highlight class="normal"><sp/>std::string&amp;<sp/>telefono)<sp/>{</highlight></codeline>
<codeline lineno="141"><highlight class="normal"><sp/><sp/><sp/><sp/></highlight><highlight class="keywordflow">if</highlight><highlight class="normal"><sp/>(!std::regex_match(telefono,<sp/>std::regex(</highlight><highlight class="stringliteral">&quot;\\d{8}&quot;</highlight><highlight class="normal">)))<sp/>{</highlight></codeline>
<codeline lineno="142"><highlight class="normal"><sp/><sp/><sp/><sp/><sp/><sp/><sp/><sp/></highlight><highlight class="keywordflow">throw</highlight><highlight class="normal"><sp/>std::invalid_argument(</highlight><highlight class="stringliteral">&quot;El<sp/>telefono<sp/>debe<sp/>estar<sp/>en<sp/>el<sp/>formato<sp/>12345678.&quot;</highlight><highlight class="normal">);</highlight></codeline>
<codeline lineno="143"><highlight class="normal"><sp/><sp/><sp/><sp/>}</highlight></codeline>
<codeline lineno="144"><highlight class="normal">}</highlight></codeline>
<codeline lineno="145"><highlight class="normal"></highlight></codeline>
<codeline lineno="152" refid="clientes_8hpp_1a62c888a1e1c62df66873a0eb36b07cc3" refkind="member"><highlight class="normal"></highlight><highlight class="keywordtype">void</highlight><highlight class="normal"><sp/><ref refid="clientes_8hpp_1a62c888a1e1c62df66873a0eb36b07cc3" kindref="member">validarDireccion</ref>(</highlight><highlight class="keyword">const</highlight><highlight class="normal"><sp/>std::string&amp;<sp/>direccion)<sp/>{</highlight></codeline>
<codeline lineno="153"><highlight class="normal"><sp/><sp/><sp/><sp/></highlight><highlight class="keywordflow">if</highlight><highlight class="normal"><sp/>(!std::regex_match(direccion,<sp/>std::regex(</highlight><highlight class="stringliteral">&quot;^[a-zA-Z0-9<sp/>]+$&quot;</highlight><highlight class="normal">)))<sp/>{</highlight></codeline>
<codeline lineno="154"><highlight class="normal"><sp/><sp/><sp/><sp/><sp/><sp/><sp/><sp/></highlight><highlight class="keywordflow">throw</highlight><highlight class="normal"><sp/>std::invalid_argument(</highlight><highlight class="stringliteral">&quot;La<sp/>direccion<sp/>solo<sp/>debe<sp/>contener<sp/>letras,<sp/>numeros<sp/>y<sp/>espacios.&quot;</highlight><highlight class="normal">);</highlight></codeline>
<codeline lineno="155"><highlight class="normal"><sp/><sp/><sp/><sp/>}</highlight></codeline>
<codeline lineno="156"><highlight class="normal">}</highlight></codeline>
<codeline lineno="157"><highlight class="normal"></highlight></codeline>
<codeline lineno="164" refid="clientes_8hpp_1a046219743f25040c96360482a6a58236" refkind="member"><highlight class="normal"></highlight><highlight class="keywordtype">void</highlight><highlight class="normal"><sp/><ref refid="clientes_8hpp_1a046219743f25040c96360482a6a58236" kindref="member">validarCorreo</ref>(</highlight><highlight class="keyword">const</highlight><highlight class="normal"><sp/>std::string&amp;<sp/>correo)<sp/>{</highlight></codeline>
<codeline lineno="165"><highlight class="normal"><sp/><sp/><sp/><sp/></highlight><highlight class="keywordflow">if</highlight><highlight class="normal"><sp/>(!std::regex_match(correo,<sp/>std::regex(</highlight><highlight class="stringliteral">&quot;^[\\w.%+-]+@[\\w.-]+\\.[a-zA-Z]{2,}$&quot;</highlight><highlight class="normal">)))<sp/>{</highlight></codeline>
<codeline lineno="166"><highlight class="normal"><sp/><sp/><sp/><sp/><sp/><sp/><sp/><sp/></highlight><highlight class="keywordflow">throw</highlight><highlight class="normal"><sp/>std::invalid_argument(</highlight><highlight class="stringliteral">&quot;El<sp/>correo<sp/>debe<sp/>estar<sp/>en<sp/>el<sp/>formato<sp/>ejemplo@dominio.com.&quot;</highlight><highlight class="normal">);</highlight></codeline>
<codeline lineno="167"><highlight class="normal"><sp/><sp/><sp/><sp/>}</highlight></codeline>
<codeline lineno="168"><highlight class="normal">}</highlight></codeline>
<codeline lineno="169"><highlight class="normal"></highlight></codeline>
<codeline lineno="176" refid="clientes_8hpp_1a76b333600bae8b51db95f12908908b13" refkind="member"><highlight class="normal"></highlight><highlight class="keywordtype">void</highlight><highlight class="normal"><sp/><ref refid="clientes_8hpp_1a76b333600bae8b51db95f12908908b13" kindref="member">validarTipoCuenta</ref>(</highlight><highlight class="keyword">const</highlight><highlight class="normal"><sp/>std::string&amp;<sp/>tipoCuenta)<sp/>{</highlight></codeline>
<codeline lineno="177"><highlight class="normal"><sp/><sp/><sp/><sp/></highlight><highlight class="keywordflow">if</highlight><highlight class="normal"><sp/>(tipoCuenta<sp/>!=<sp/></highlight><highlight class="stringliteral">&quot;Dolares&quot;</highlight><highlight class="normal"><sp/>&amp;&amp;<sp/>tipoCuenta<sp/>!=<sp/></highlight><highlight class="stringliteral">&quot;Colones&quot;</highlight><highlight class="normal">)<sp/>{</highlight></codeline>
<codeline lineno="178"><highlight class="normal"><sp/><sp/><sp/><sp/><sp/><sp/><sp/><sp/></highlight><highlight class="keywordflow">throw</highlight><highlight class="normal"><sp/>std::invalid_argument(</highlight><highlight class="stringliteral">&quot;El<sp/>tipo<sp/>de<sp/>cuenta<sp/>debe<sp/>ser<sp/>&apos;Dolares&apos;<sp/>o<sp/>&apos;Colones&apos;.&quot;</highlight><highlight class="normal">);</highlight></codeline>
<codeline lineno="179"><highlight class="normal"><sp/><sp/><sp/><sp/>}</highlight></codeline>
<codeline lineno="180"><highlight class="normal">}</highlight></codeline>
<codeline lineno="181"><highlight class="normal"></highlight></codeline>
<codeline lineno="182"><highlight class="normal"></highlight></codeline>
<codeline lineno="188" refid="clientes_8hpp_1ac19904d0e8377329820a1d4d0a399c0b" refkind="member"><highlight class="normal"></highlight><highlight class="keywordtype">void</highlight><highlight class="normal"><sp/><ref refid="clientes_8hpp_1ac19904d0e8377329820a1d4d0a399c0b" kindref="member">agregarNuevoCliente</ref>(sqlite3<sp/>*db)<sp/>{</highlight></codeline>
<codeline lineno="189"><highlight class="normal"><sp/><sp/><sp/><sp/>std::string<sp/>cedula,<sp/>nombre,<sp/>telefono,<sp/>direccion,<sp/>correo,<sp/>tipoCuenta;</highlight></codeline>
<codeline lineno="190"><highlight class="normal"><sp/><sp/><sp/><sp/></highlight><highlight class="keywordtype">double</highlight><highlight class="normal"><sp/>balance<sp/>=<sp/>0.0;</highlight></codeline>
<codeline lineno="191"><highlight class="normal"></highlight></codeline>
<codeline lineno="192"><highlight class="normal"><sp/><sp/><sp/><sp/></highlight><highlight class="keywordflow">while</highlight><highlight class="normal"><sp/>(</highlight><highlight class="keyword">true</highlight><highlight class="normal">)<sp/>{</highlight></codeline>
<codeline lineno="193"><highlight class="normal"><sp/><sp/><sp/><sp/><sp/><sp/><sp/><sp/>std::cout<sp/>&lt;&lt;<sp/></highlight><highlight class="stringliteral">&quot;Ingrese<sp/>la<sp/>cedula<sp/>(9<sp/>numeros,<sp/>ingrese<sp/>&apos;0&apos;<sp/>para<sp/>salir):<sp/>&quot;</highlight><highlight class="normal">;</highlight></codeline>
<codeline lineno="194"><highlight class="normal"><sp/><sp/><sp/><sp/><sp/><sp/><sp/><sp/>std::cin<sp/>&gt;&gt;<sp/>cedula;</highlight></codeline>
<codeline lineno="195"><highlight class="normal"><sp/><sp/><sp/><sp/><sp/><sp/><sp/><sp/></highlight><highlight class="keywordflow">if</highlight><highlight class="normal"><sp/>(cedula<sp/>==<sp/></highlight><highlight class="stringliteral">&quot;0&quot;</highlight><highlight class="normal">)<sp/>{</highlight></codeline>
<codeline lineno="196"><highlight class="normal"><sp/><sp/><sp/><sp/><sp/><sp/><sp/><sp/><sp/><sp/><sp/><sp/>std::cout<sp/>&lt;&lt;<sp/></highlight><highlight class="stringliteral">&quot;Saliendo<sp/>del<sp/>registro<sp/>de<sp/>cliente.&quot;</highlight><highlight class="normal"><sp/>&lt;&lt;<sp/>std::endl;</highlight></codeline>
<codeline lineno="197"><highlight class="normal"><sp/><sp/><sp/><sp/><sp/><sp/><sp/><sp/><sp/><sp/><sp/><sp/></highlight><highlight class="keywordflow">return</highlight><highlight class="normal">;</highlight></codeline>
<codeline lineno="198"><highlight class="normal"><sp/><sp/><sp/><sp/><sp/><sp/><sp/><sp/>}</highlight></codeline>
<codeline lineno="199"><highlight class="normal"><sp/><sp/><sp/><sp/><sp/><sp/><sp/><sp/></highlight><highlight class="keywordflow">if</highlight><highlight class="normal"><sp/>(<ref refid="clientes_8hpp_1a53e8f5afb89622fa0319eabc86f11bdf" kindref="member">existeCedula</ref>(db,<sp/>cedula))<sp/>{</highlight></codeline>
<codeline lineno="200"><highlight class="normal"><sp/><sp/><sp/><sp/><sp/><sp/><sp/><sp/><sp/><sp/><sp/><sp/>std::cerr<sp/>&lt;&lt;<sp/></highlight><highlight class="stringliteral">&quot;La<sp/>cedula<sp/>ya<sp/>existe.<sp/>Por<sp/>favor,<sp/>ingrese<sp/>una<sp/>cedula<sp/>valida.&quot;</highlight><highlight class="normal"><sp/>&lt;&lt;<sp/>std::endl;</highlight></codeline>
<codeline lineno="201"><highlight class="normal"><sp/><sp/><sp/><sp/><sp/><sp/><sp/><sp/><sp/><sp/><sp/><sp/></highlight><highlight class="keywordflow">continue</highlight><highlight class="normal">;</highlight></codeline>
<codeline lineno="202"><highlight class="normal"><sp/><sp/><sp/><sp/><sp/><sp/><sp/><sp/>}<sp/></highlight><highlight class="keywordflow">else</highlight><highlight class="normal"><sp/>{</highlight></codeline>
<codeline lineno="203"><highlight class="normal"><sp/><sp/><sp/><sp/><sp/><sp/><sp/><sp/><sp/><sp/><sp/><sp/></highlight><highlight class="keywordflow">break</highlight><highlight class="normal">;</highlight></codeline>
<codeline lineno="204"><highlight class="normal"><sp/><sp/><sp/><sp/><sp/><sp/><sp/><sp/>}</highlight></codeline>
<codeline lineno="205"><highlight class="normal"><sp/><sp/><sp/><sp/>}</highlight></codeline>
<codeline lineno="206"><highlight class="normal"><sp/><sp/><sp/><sp/></highlight></codeline>
<codeline lineno="207"><highlight class="normal"><sp/><sp/><sp/><sp/></highlight><highlight class="keywordflow">while</highlight><highlight class="normal"><sp/>(</highlight><highlight class="keyword">true</highlight><highlight class="normal">)<sp/>{</highlight></codeline>
<codeline lineno="208"><highlight class="normal"><sp/><sp/><sp/><sp/><sp/><sp/><sp/><sp/>std::cout<sp/>&lt;&lt;<sp/></highlight><highlight class="stringliteral">&quot;Ingrese<sp/>el<sp/>nombre<sp/>(solo<sp/>letras<sp/>y<sp/>espacios):<sp/>&quot;</highlight><highlight class="normal">;</highlight></codeline>
<codeline lineno="209"><highlight class="normal"><sp/><sp/><sp/><sp/><sp/><sp/><sp/><sp/>std::cin.ignore();</highlight></codeline>
<codeline lineno="210"><highlight class="normal"><sp/><sp/><sp/><sp/><sp/><sp/><sp/><sp/>std::getline(std::cin,<sp/>nombre);</highlight></codeline>
<codeline lineno="211"><highlight class="normal"><sp/><sp/><sp/><sp/><sp/><sp/><sp/><sp/></highlight><highlight class="keywordflow">if</highlight><highlight class="normal"><sp/>(nombre<sp/>==<sp/></highlight><highlight class="stringliteral">&quot;0&quot;</highlight><highlight class="normal">)<sp/>{</highlight></codeline>
<codeline lineno="212"><highlight class="normal"><sp/><sp/><sp/><sp/><sp/><sp/><sp/><sp/><sp/><sp/><sp/><sp/>std::cout<sp/>&lt;&lt;<sp/></highlight><highlight class="stringliteral">&quot;Saliendo<sp/>del<sp/>registro<sp/>de<sp/>cliente.&quot;</highlight><highlight class="normal"><sp/>&lt;&lt;<sp/>std::endl;</highlight></codeline>
<codeline lineno="213"><highlight class="normal"><sp/><sp/><sp/><sp/><sp/><sp/><sp/><sp/><sp/><sp/><sp/><sp/></highlight><highlight class="keywordflow">break</highlight><highlight class="normal">;</highlight></codeline>
<codeline lineno="214"><highlight class="normal"><sp/><sp/><sp/><sp/><sp/><sp/><sp/><sp/>}</highlight></codeline>
<codeline lineno="215"><highlight class="normal"><sp/><sp/><sp/><sp/></highlight></codeline>
<codeline lineno="216"><highlight class="normal"><sp/><sp/><sp/><sp/><sp/><sp/><sp/><sp/></highlight><highlight class="comment">//<sp/>Convertir<sp/>el<sp/>nombre<sp/>a<sp/>mayusculas</highlight><highlight class="normal"></highlight></codeline>
<codeline lineno="217"><highlight class="normal"><sp/><sp/><sp/><sp/><sp/><sp/><sp/><sp/>std::transform(nombre.begin(),<sp/>nombre.end(),<sp/>nombre.begin(),<sp/>::toupper);</highlight></codeline>
<codeline lineno="218"><highlight class="normal"><sp/><sp/><sp/><sp/><sp/><sp/><sp/><sp/></highlight><highlight class="keywordflow">try</highlight><highlight class="normal"><sp/>{</highlight></codeline>
<codeline lineno="219"><highlight class="normal"><sp/><sp/><sp/><sp/><sp/><sp/><sp/><sp/><sp/><sp/><sp/><sp/><ref refid="clientes_8hpp_1a7ecd26a48cebf8e04ff486064ec83be6" kindref="member">validarNombre</ref>(nombre);</highlight></codeline>
<codeline lineno="220"><highlight class="normal"><sp/><sp/><sp/><sp/><sp/><sp/><sp/><sp/><sp/><sp/><sp/><sp/></highlight><highlight class="keywordflow">break</highlight><highlight class="normal">;</highlight></codeline>
<codeline lineno="221"><highlight class="normal"><sp/><sp/><sp/><sp/><sp/><sp/><sp/><sp/>}<sp/></highlight><highlight class="keywordflow">catch</highlight><highlight class="normal"><sp/>(</highlight><highlight class="keyword">const</highlight><highlight class="normal"><sp/>std::invalid_argument<sp/>&amp;e)<sp/>{</highlight></codeline>
<codeline lineno="222"><highlight class="normal"><sp/><sp/><sp/><sp/><sp/><sp/><sp/><sp/><sp/><sp/><sp/><sp/>std::cerr<sp/>&lt;&lt;<sp/></highlight><highlight class="stringliteral">&quot;Error:<sp/>&quot;</highlight><highlight class="normal"><sp/>&lt;&lt;<sp/>e.what()<sp/>&lt;&lt;<sp/>std::endl;</highlight></codeline>
<codeline lineno="223"><highlight class="normal"><sp/><sp/><sp/><sp/><sp/><sp/><sp/><sp/>}</highlight></codeline>
<codeline lineno="224"><highlight class="normal"><sp/><sp/><sp/><sp/>}</highlight></codeline>
<codeline lineno="225"><highlight class="normal"><sp/><sp/><sp/><sp/></highlight></codeline>
<codeline lineno="226"><highlight class="normal"><sp/><sp/><sp/><sp/></highlight><highlight class="keywordflow">while</highlight><highlight class="normal"><sp/>(</highlight><highlight class="keyword">true</highlight><highlight class="normal">)<sp/>{</highlight></codeline>
<codeline lineno="227"><highlight class="normal"><sp/><sp/><sp/><sp/><sp/><sp/><sp/><sp/>std::cout<sp/>&lt;&lt;<sp/></highlight><highlight class="stringliteral">&quot;Ingrese<sp/>el<sp/>telefono<sp/>(formato:<sp/>12345678):<sp/>&quot;</highlight><highlight class="normal">;</highlight></codeline>
<codeline lineno="228"><highlight class="normal"><sp/><sp/><sp/><sp/><sp/><sp/><sp/><sp/>std::cin<sp/>&gt;&gt;<sp/>telefono;</highlight></codeline>
<codeline lineno="229"><highlight class="normal"><sp/><sp/><sp/><sp/><sp/><sp/><sp/><sp/></highlight><highlight class="keywordflow">if</highlight><highlight class="normal"><sp/>(telefono<sp/>==<sp/></highlight><highlight class="stringliteral">&quot;0&quot;</highlight><highlight class="normal">)<sp/>{</highlight></codeline>
<codeline lineno="230"><highlight class="normal"><sp/><sp/><sp/><sp/><sp/><sp/><sp/><sp/><sp/><sp/><sp/><sp/>std::cout<sp/>&lt;&lt;<sp/></highlight><highlight class="stringliteral">&quot;Saliendo<sp/>del<sp/>registro<sp/>de<sp/>cliente.&quot;</highlight><highlight class="normal"><sp/>&lt;&lt;<sp/>std::endl;</highlight></codeline>
<codeline lineno="231"><highlight class="normal"><sp/><sp/><sp/><sp/><sp/><sp/><sp/><sp/><sp/><sp/><sp/><sp/></highlight><highlight class="keywordflow">break</highlight><highlight class="normal">;</highlight></codeline>
<codeline lineno="232"><highlight class="normal"><sp/><sp/><sp/><sp/><sp/><sp/><sp/><sp/>}</highlight></codeline>
<codeline lineno="233"><highlight class="normal"><sp/><sp/><sp/><sp/><sp/><sp/><sp/><sp/></highlight><highlight class="keywordflow">try</highlight><highlight class="normal"><sp/>{</highlight></codeline>
<codeline lineno="234"><highlight class="normal"><sp/><sp/><sp/><sp/><sp/><sp/><sp/><sp/><sp/><sp/><sp/><sp/><ref refid="clientes_8hpp_1ad97247aab3ced5dca8dbbcd52f5b74d9" kindref="member">validarTelefono</ref>(telefono);</highlight></codeline>
<codeline lineno="235"><highlight class="normal"><sp/><sp/><sp/><sp/><sp/><sp/><sp/><sp/><sp/><sp/><sp/><sp/></highlight><highlight class="keywordflow">break</highlight><highlight class="normal">;</highlight></codeline>
<codeline lineno="236"><highlight class="normal"><sp/><sp/><sp/><sp/><sp/><sp/><sp/><sp/>}<sp/></highlight><highlight class="keywordflow">catch</highlight><highlight class="normal"><sp/>(</highlight><highlight class="keyword">const</highlight><highlight class="normal"><sp/>std::invalid_argument<sp/>&amp;e)<sp/>{</highlight></codeline>
<codeline lineno="237"><highlight class="normal"><sp/><sp/><sp/><sp/><sp/><sp/><sp/><sp/><sp/><sp/><sp/><sp/>std::cerr<sp/>&lt;&lt;<sp/></highlight><highlight class="stringliteral">&quot;Error:<sp/>&quot;</highlight><highlight class="normal"><sp/>&lt;&lt;<sp/>e.what()<sp/>&lt;&lt;<sp/>std::endl;</highlight></codeline>
<codeline lineno="238"><highlight class="normal"><sp/><sp/><sp/><sp/><sp/><sp/><sp/><sp/>}</highlight></codeline>
<codeline lineno="239"><highlight class="normal"><sp/><sp/><sp/><sp/>}</highlight></codeline>
<codeline lineno="240"><highlight class="normal"><sp/><sp/><sp/><sp/></highlight></codeline>
<codeline lineno="241"><highlight class="normal"><sp/><sp/><sp/><sp/></highlight><highlight class="keywordflow">while</highlight><highlight class="normal"><sp/>(</highlight><highlight class="keyword">true</highlight><highlight class="normal">)<sp/>{</highlight></codeline>
<codeline lineno="242"><highlight class="normal"><sp/><sp/><sp/><sp/><sp/><sp/><sp/><sp/>std::cout<sp/>&lt;&lt;<sp/></highlight><highlight class="stringliteral">&quot;Ingrese<sp/>la<sp/>direccion:<sp/>&quot;</highlight><highlight class="normal">;</highlight></codeline>
<codeline lineno="243"><highlight class="normal"><sp/><sp/><sp/><sp/><sp/><sp/><sp/><sp/>std::cin.ignore();</highlight></codeline>
<codeline lineno="244"><highlight class="normal"><sp/><sp/><sp/><sp/><sp/><sp/><sp/><sp/>std::getline(std::cin,<sp/>direccion);</highlight></codeline>
<codeline lineno="245"><highlight class="normal"><sp/><sp/><sp/><sp/><sp/><sp/><sp/><sp/></highlight><highlight class="keywordflow">if</highlight><highlight class="normal"><sp/>(direccion<sp/>==<sp/></highlight><highlight class="stringliteral">&quot;0&quot;</highlight><highlight class="normal">)<sp/>{</highlight></codeline>
<codeline lineno="246"><highlight class="normal"><sp/><sp/><sp/><sp/><sp/><sp/><sp/><sp/><sp/><sp/><sp/><sp/>std::cout<sp/>&lt;&lt;<sp/></highlight><highlight class="stringliteral">&quot;Saliendo<sp/>del<sp/>registro<sp/>de<sp/>cliente.&quot;</highlight><highlight class="normal"><sp/>&lt;&lt;<sp/>std::endl;</highlight></codeline>
<codeline lineno="247"><highlight class="normal"><sp/><sp/><sp/><sp/><sp/><sp/><sp/><sp/><sp/><sp/><sp/><sp/></highlight><highlight class="keywordflow">break</highlight><highlight class="normal">;</highlight></codeline>
<codeline lineno="248"><highlight class="normal"><sp/><sp/><sp/><sp/><sp/><sp/><sp/><sp/>}</highlight></codeline>
<codeline lineno="249"><highlight class="normal"><sp/><sp/><sp/><sp/><sp/><sp/><sp/><sp/></highlight><highlight class="keywordflow">try</highlight><highlight class="normal"><sp/>{</highlight></codeline>
<codeline lineno="250"><highlight class="normal"><sp/><sp/><sp/><sp/><sp/><sp/><sp/><sp/><sp/><sp/><sp/><sp/><ref refid="clientes_8hpp_1a62c888a1e1c62df66873a0eb36b07cc3" kindref="member">validarDireccion</ref>(direccion);</highlight></codeline>
<codeline lineno="251"><highlight class="normal"><sp/><sp/><sp/><sp/><sp/><sp/><sp/><sp/><sp/><sp/><sp/><sp/></highlight><highlight class="keywordflow">break</highlight><highlight class="normal">;</highlight></codeline>
<codeline lineno="252"><highlight class="normal"><sp/><sp/><sp/><sp/><sp/><sp/><sp/><sp/>}<sp/></highlight><highlight class="keywordflow">catch</highlight><highlight class="normal"><sp/>(</highlight><highlight class="keyword">const</highlight><highlight class="normal"><sp/>std::invalid_argument<sp/>&amp;e)<sp/>{</highlight></codeline>
<codeline lineno="253"><highlight class="normal"><sp/><sp/><sp/><sp/><sp/><sp/><sp/><sp/><sp/><sp/><sp/><sp/>std::cerr<sp/>&lt;&lt;<sp/></highlight><highlight class="stringliteral">&quot;Error:<sp/>&quot;</highlight><highlight class="normal"><sp/>&lt;&lt;<sp/>e.what()<sp/>&lt;&lt;<sp/>std::endl;</highlight></codeline>
<codeline lineno="254"><highlight class="normal"><sp/><sp/><sp/><sp/><sp/><sp/><sp/><sp/>}</highlight></codeline>
<codeline lineno="255"><highlight class="normal"><sp/><sp/><sp/><sp/>}</highlight></codeline>
<codeline lineno="256"><highlight class="normal"><sp/><sp/><sp/><sp/></highlight></codeline>
<codeline lineno="257"><highlight class="normal"><sp/><sp/><sp/><sp/></highlight><highlight class="keywordflow">while</highlight><highlight class="normal"><sp/>(</highlight><highlight class="keyword">true</highlight><highlight class="normal">)<sp/>{</highlight></codeline>
<codeline lineno="258"><highlight class="normal"><sp/><sp/><sp/><sp/><sp/><sp/><sp/><sp/>std::cout<sp/>&lt;&lt;<sp/></highlight><highlight class="stringliteral">&quot;Ingrese<sp/>el<sp/>correo<sp/>(formato:<sp/>ejemplo@dominio.com):<sp/>&quot;</highlight><highlight class="normal">;</highlight></codeline>
<codeline lineno="259"><highlight class="normal"><sp/><sp/><sp/><sp/><sp/><sp/><sp/><sp/>std::cin<sp/>&gt;&gt;<sp/>correo;</highlight></codeline>
<codeline lineno="260"><highlight class="normal"><sp/><sp/><sp/><sp/><sp/><sp/><sp/><sp/></highlight><highlight class="keywordflow">if</highlight><highlight class="normal"><sp/>(correo<sp/>==<sp/></highlight><highlight class="stringliteral">&quot;0&quot;</highlight><highlight class="normal">)<sp/>{</highlight></codeline>
<codeline lineno="261"><highlight class="normal"><sp/><sp/><sp/><sp/><sp/><sp/><sp/><sp/><sp/><sp/><sp/><sp/>std::cout<sp/>&lt;&lt;<sp/></highlight><highlight class="stringliteral">&quot;Saliendo<sp/>del<sp/>registro<sp/>de<sp/>cliente.&quot;</highlight><highlight class="normal"><sp/>&lt;&lt;<sp/>std::endl;</highlight></codeline>
<codeline lineno="262"><highlight class="normal"><sp/><sp/><sp/><sp/><sp/><sp/><sp/><sp/><sp/><sp/><sp/><sp/></highlight><highlight class="keywordflow">break</highlight><highlight class="normal">;</highlight></codeline>
<codeline lineno="263"><highlight class="normal"><sp/><sp/><sp/><sp/><sp/><sp/><sp/><sp/>}</highlight></codeline>
<codeline lineno="264"><highlight class="normal"><sp/><sp/><sp/><sp/><sp/><sp/><sp/><sp/></highlight><highlight class="keywordflow">try</highlight><highlight class="normal"><sp/>{</highlight></codeline>
<codeline lineno="265"><highlight class="normal"><sp/><sp/><sp/><sp/><sp/><sp/><sp/><sp/><sp/><sp/><sp/><sp/><ref refid="clientes_8hpp_1a046219743f25040c96360482a6a58236" kindref="member">validarCorreo</ref>(correo);</highlight></codeline>
<codeline lineno="266"><highlight class="normal"><sp/><sp/><sp/><sp/><sp/><sp/><sp/><sp/><sp/><sp/><sp/><sp/></highlight><highlight class="keywordflow">break</highlight><highlight class="normal">;</highlight></codeline>
<codeline lineno="267"><highlight class="normal"><sp/><sp/><sp/><sp/><sp/><sp/><sp/><sp/>}<sp/></highlight><highlight class="keywordflow">catch</highlight><highlight class="normal"><sp/>(</highlight><highlight class="keyword">const</highlight><highlight class="normal"><sp/>std::invalid_argument<sp/>&amp;e)<sp/>{</highlight></codeline>
<codeline lineno="268"><highlight class="normal"><sp/><sp/><sp/><sp/><sp/><sp/><sp/><sp/><sp/><sp/><sp/><sp/>std::cerr<sp/>&lt;&lt;<sp/></highlight><highlight class="stringliteral">&quot;Error:<sp/>&quot;</highlight><highlight class="normal"><sp/>&lt;&lt;<sp/>e.what()<sp/>&lt;&lt;<sp/>std::endl;</highlight></codeline>
<codeline lineno="269"><highlight class="normal"><sp/><sp/><sp/><sp/><sp/><sp/><sp/><sp/>}</highlight></codeline>
<codeline lineno="270"><highlight class="normal"><sp/><sp/><sp/><sp/>}</highlight></codeline>
<codeline lineno="271"><highlight class="normal"><sp/><sp/><sp/><sp/></highlight></codeline>
<codeline lineno="272"><highlight class="normal"><sp/><sp/><sp/><sp/></highlight><highlight class="keywordflow">while</highlight><highlight class="normal"><sp/>(</highlight><highlight class="keyword">true</highlight><highlight class="normal">)<sp/>{</highlight></codeline>
<codeline lineno="273"><highlight class="normal"><sp/><sp/><sp/><sp/><sp/><sp/><sp/><sp/>std::cout<sp/>&lt;&lt;<sp/></highlight><highlight class="stringliteral">&quot;Ingrese<sp/>el<sp/>tipo<sp/>de<sp/>cuenta<sp/>(Dolares<sp/>o<sp/>Colones):<sp/>&quot;</highlight><highlight class="normal">;</highlight></codeline>
<codeline lineno="274"><highlight class="normal"><sp/><sp/><sp/><sp/><sp/><sp/><sp/><sp/>std::cin<sp/>&gt;&gt;<sp/>tipoCuenta;</highlight></codeline>
<codeline lineno="275"><highlight class="normal"><sp/><sp/><sp/><sp/><sp/><sp/><sp/><sp/></highlight><highlight class="keywordflow">if</highlight><highlight class="normal"><sp/>(tipoCuenta<sp/>==<sp/></highlight><highlight class="stringliteral">&quot;0&quot;</highlight><highlight class="normal">)<sp/>{</highlight></codeline>
<codeline lineno="276"><highlight class="normal"><sp/><sp/><sp/><sp/><sp/><sp/><sp/><sp/><sp/><sp/><sp/><sp/>std::cout<sp/>&lt;&lt;<sp/></highlight><highlight class="stringliteral">&quot;Saliendo<sp/>del<sp/>registro<sp/>de<sp/>cliente.&quot;</highlight><highlight class="normal"><sp/>&lt;&lt;<sp/>std::endl;</highlight></codeline>
<codeline lineno="277"><highlight class="normal"><sp/><sp/><sp/><sp/><sp/><sp/><sp/><sp/><sp/><sp/><sp/><sp/></highlight><highlight class="keywordflow">break</highlight><highlight class="normal">;</highlight></codeline>
<codeline lineno="278"><highlight class="normal"><sp/><sp/><sp/><sp/><sp/><sp/><sp/><sp/>}</highlight></codeline>
<codeline lineno="279"><highlight class="normal"><sp/><sp/><sp/><sp/><sp/><sp/><sp/><sp/></highlight><highlight class="keywordflow">try</highlight><highlight class="normal"><sp/>{</highlight></codeline>
<codeline lineno="280"><highlight class="normal"><sp/><sp/><sp/><sp/><sp/><sp/><sp/><sp/><sp/><sp/><sp/><sp/><ref refid="clientes_8hpp_1a76b333600bae8b51db95f12908908b13" kindref="member">validarTipoCuenta</ref>(tipoCuenta);</highlight></codeline>
<codeline lineno="281"><highlight class="normal"><sp/><sp/><sp/><sp/><sp/><sp/><sp/><sp/><sp/><sp/><sp/><sp/></highlight><highlight class="keywordflow">break</highlight><highlight class="normal">;</highlight></codeline>
<codeline lineno="282"><highlight class="normal"><sp/><sp/><sp/><sp/><sp/><sp/><sp/><sp/>}<sp/></highlight><highlight class="keywordflow">catch</highlight><highlight class="normal"><sp/>(</highlight><highlight class="keyword">const</highlight><highlight class="normal"><sp/>std::invalid_argument<sp/>&amp;e)<sp/>{</highlight></codeline>
<codeline lineno="283"><highlight class="normal"><sp/><sp/><sp/><sp/><sp/><sp/><sp/><sp/><sp/><sp/><sp/><sp/>std::cerr<sp/>&lt;&lt;<sp/></highlight><highlight class="stringliteral">&quot;Error:<sp/>&quot;</highlight><highlight class="normal"><sp/>&lt;&lt;<sp/>e.what()<sp/>&lt;&lt;<sp/>std::endl;</highlight></codeline>
<codeline lineno="284"><highlight class="normal"><sp/><sp/><sp/><sp/><sp/><sp/><sp/><sp/>}</highlight></codeline>
<codeline lineno="285"><highlight class="normal"><sp/><sp/><sp/><sp/>}</highlight></codeline>
<codeline lineno="286"><highlight class="normal"></highlight></codeline>
<codeline lineno="287"><highlight class="normal"><sp/><sp/><sp/><sp/></highlight><highlight class="keywordtype">int</highlight><highlight class="normal"><sp/>id;</highlight></codeline>
<codeline lineno="288"><highlight class="normal"><sp/><sp/><sp/><sp/></highlight><highlight class="keywordtype">int</highlight><highlight class="normal"><sp/>primerDigito<sp/>=<sp/>(tipoCuenta<sp/>==<sp/></highlight><highlight class="stringliteral">&quot;Dolares&quot;</highlight><highlight class="normal">)<sp/>?<sp/>2<sp/>:<sp/>1;</highlight></codeline>
<codeline lineno="289"><highlight class="normal"><sp/><sp/><sp/><sp/>std::string<sp/>sql<sp/>=<sp/></highlight><highlight class="stringliteral">&quot;SELECT<sp/>COUNT(*)<sp/>FROM<sp/>Clientes<sp/>WHERE<sp/>TipoCuenta<sp/>=<sp/>?&quot;</highlight><highlight class="normal">;</highlight></codeline>
<codeline lineno="290"><highlight class="normal"><sp/><sp/><sp/><sp/>sqlite3_stmt<sp/>*stmt;</highlight></codeline>
<codeline lineno="291"><highlight class="normal"></highlight></codeline>
<codeline lineno="292"><highlight class="normal"><sp/><sp/><sp/><sp/></highlight><highlight class="keywordflow">do</highlight><highlight class="normal"><sp/>{</highlight></codeline>
<codeline lineno="293"><highlight class="normal"><sp/><sp/><sp/><sp/><sp/><sp/><sp/><sp/></highlight><highlight class="keywordtype">id</highlight><highlight class="normal"><sp/>=<sp/>primerDigito<sp/>*<sp/>1000000<sp/>+<sp/>rand()<sp/>%<sp/>1000000;</highlight></codeline>
<codeline lineno="294"><highlight class="normal"></highlight></codeline>
<codeline lineno="295"><highlight class="normal"><sp/><sp/><sp/><sp/><sp/><sp/><sp/><sp/></highlight><highlight class="keywordflow">if</highlight><highlight class="normal"><sp/>(sqlite3_prepare_v2(db,<sp/>sql.c_str(),<sp/>-1,<sp/>&amp;stmt,<sp/></highlight><highlight class="keyword">nullptr</highlight><highlight class="normal">)<sp/>!=<sp/>SQLITE_OK)<sp/>{</highlight></codeline>
<codeline lineno="296"><highlight class="normal"><sp/><sp/><sp/><sp/><sp/><sp/><sp/><sp/><sp/><sp/><sp/><sp/>std::cerr<sp/>&lt;&lt;<sp/></highlight><highlight class="stringliteral">&quot;Error<sp/>al<sp/>preparar<sp/>la<sp/>consulta:<sp/>&quot;</highlight><highlight class="normal"><sp/>&lt;&lt;<sp/>sqlite3_errmsg(db)<sp/>&lt;&lt;<sp/>std::endl;</highlight></codeline>
<codeline lineno="297"><highlight class="normal"><sp/><sp/><sp/><sp/><sp/><sp/><sp/><sp/><sp/><sp/><sp/><sp/></highlight><highlight class="keywordflow">break</highlight><highlight class="normal">;</highlight></codeline>
<codeline lineno="298"><highlight class="normal"><sp/><sp/><sp/><sp/><sp/><sp/><sp/><sp/>}</highlight></codeline>
<codeline lineno="299"><highlight class="normal"></highlight></codeline>
<codeline lineno="300"><highlight class="normal"><sp/><sp/><sp/><sp/><sp/><sp/><sp/><sp/>sqlite3_bind_int(stmt,<sp/>1,<sp/></highlight><highlight class="keywordtype">id</highlight><highlight class="normal">);</highlight></codeline>
<codeline lineno="301"><highlight class="normal"></highlight></codeline>
<codeline lineno="302"><highlight class="normal"><sp/><sp/><sp/><sp/><sp/><sp/><sp/><sp/></highlight><highlight class="keywordflow">if</highlight><highlight class="normal"><sp/>(sqlite3_step(stmt)<sp/>!=<sp/>SQLITE_ROW)<sp/>{</highlight></codeline>
<codeline lineno="303"><highlight class="normal"><sp/><sp/><sp/><sp/><sp/><sp/><sp/><sp/><sp/><sp/><sp/><sp/>std::cerr<sp/>&lt;&lt;<sp/></highlight><highlight class="stringliteral">&quot;Error<sp/>al<sp/>ejecutar<sp/>la<sp/>consulta:<sp/>&quot;</highlight><highlight class="normal"><sp/>&lt;&lt;<sp/>sqlite3_errmsg(db)<sp/>&lt;&lt;<sp/>std::endl;</highlight></codeline>
<codeline lineno="304"><highlight class="normal"><sp/><sp/><sp/><sp/><sp/><sp/><sp/><sp/><sp/><sp/><sp/><sp/>sqlite3_finalize(stmt);</highlight></codeline>
<codeline lineno="305"><highlight class="normal"><sp/><sp/><sp/><sp/><sp/><sp/><sp/><sp/><sp/><sp/><sp/><sp/></highlight><highlight class="keywordflow">break</highlight><highlight class="normal">;</highlight></codeline>
<codeline lineno="306"><highlight class="normal"><sp/><sp/><sp/><sp/><sp/><sp/><sp/><sp/>}</highlight></codeline>
<codeline lineno="307"><highlight class="normal"></highlight></codeline>
<codeline lineno="308"><highlight class="normal"><sp/><sp/><sp/><sp/><sp/><sp/><sp/><sp/></highlight><highlight class="keywordtype">int</highlight><highlight class="normal"><sp/>count<sp/>=<sp/>sqlite3_column_int(stmt,<sp/>0);</highlight></codeline>
<codeline lineno="309"><highlight class="normal"><sp/><sp/><sp/><sp/><sp/><sp/><sp/><sp/>sqlite3_finalize(stmt);</highlight></codeline>
<codeline lineno="310"><highlight class="normal"></highlight></codeline>
<codeline lineno="311"><highlight class="normal"><sp/><sp/><sp/><sp/><sp/><sp/><sp/><sp/></highlight><highlight class="keywordflow">if</highlight><highlight class="normal"><sp/>(count<sp/>==<sp/>0)<sp/>{</highlight></codeline>
<codeline lineno="312"><highlight class="normal"><sp/><sp/><sp/><sp/><sp/><sp/><sp/><sp/><sp/><sp/><sp/><sp/></highlight><highlight class="keywordflow">break</highlight><highlight class="normal">;</highlight></codeline>
<codeline lineno="313"><highlight class="normal"><sp/><sp/><sp/><sp/><sp/><sp/><sp/><sp/>}</highlight></codeline>
<codeline lineno="314"><highlight class="normal"><sp/><sp/><sp/><sp/>}<sp/></highlight><highlight class="keywordflow">while</highlight><highlight class="normal"><sp/>(</highlight><highlight class="keyword">true</highlight><highlight class="normal">);</highlight></codeline>
<codeline lineno="315"><highlight class="normal"></highlight></codeline>
<codeline lineno="316"><highlight class="normal"></highlight></codeline>
<codeline lineno="317"><highlight class="normal"><sp/><sp/><sp/><sp/>std::cout<sp/>&lt;&lt;<sp/></highlight><highlight class="stringliteral">&quot;El<sp/>ID<sp/>de<sp/>la<sp/>cuenta<sp/>en<sp/>&quot;</highlight><highlight class="normal"><sp/>&lt;&lt;<sp/>tipoCuenta<sp/>&lt;&lt;<sp/></highlight><highlight class="stringliteral">&quot;es:<sp/>&quot;</highlight><highlight class="normal"><sp/>&lt;&lt;<sp/></highlight><highlight class="keywordtype">id</highlight><highlight class="normal"><sp/>&lt;&lt;<sp/>std::endl;</highlight></codeline>
<codeline lineno="318"><highlight class="normal"></highlight></codeline>
<codeline lineno="324"><highlight class="normal"><sp/><sp/><sp/><sp/>sql<sp/>=<sp/>R</highlight><highlight class="stringliteral">&quot;(</highlight></codeline>
<codeline lineno="325"><highlight class="stringliteral"><sp/><sp/><sp/><sp/><sp/><sp/><sp/><sp/>INSERT<sp/>INTO<sp/>Clientes<sp/>(IdCliente,<sp/>Cedula,<sp/>Nombre,<sp/>Telefono,<sp/>Direccion,<sp/>Correo,<sp/>Balance,<sp/>TipoCuenta)<sp/></highlight></codeline>
<codeline lineno="326"><highlight class="stringliteral"><sp/><sp/><sp/><sp/><sp/><sp/><sp/><sp/>VALUES<sp/>(?,<sp/>?,<sp/>?,<sp/>?,<sp/>?,<sp/>?,<sp/>?,<sp/>?);</highlight></codeline>
<codeline lineno="327"><highlight class="stringliteral"><sp/><sp/><sp/><sp/>)&quot;;</highlight></codeline>
<codeline lineno="328"><highlight class="stringliteral"></highlight></codeline>
<codeline lineno="329"><highlight class="stringliteral"></highlight></codeline>
<codeline lineno="330"><highlight class="stringliteral"><sp/><sp/><sp/><sp/>sqlite3_bind_int(stmt,<sp/>1,<sp/></highlight><highlight class="keywordtype">id</highlight><highlight class="normal">);</highlight></codeline>
<codeline lineno="331"><highlight class="normal"><sp/><sp/><sp/><sp/>sqlite3_bind_text(stmt,<sp/>2,<sp/>cedula.c_str(),<sp/>-1,<sp/>SQLITE_STATIC);</highlight></codeline>
<codeline lineno="332"><highlight class="normal"><sp/><sp/><sp/><sp/>sqlite3_bind_text(stmt,<sp/>3,<sp/>nombre.c_str(),<sp/>-1,<sp/>SQLITE_STATIC);</highlight></codeline>
<codeline lineno="333"><highlight class="normal"><sp/><sp/><sp/><sp/>sqlite3_bind_text(stmt,<sp/>4,<sp/>telefono.c_str(),<sp/>-1,<sp/>SQLITE_STATIC);</highlight></codeline>
<codeline lineno="334"><highlight class="normal"><sp/><sp/><sp/><sp/>sqlite3_bind_text(stmt,<sp/>5,<sp/>direccion.c_str(),<sp/>-1,<sp/>SQLITE_STATIC);</highlight></codeline>
<codeline lineno="335"><highlight class="normal"><sp/><sp/><sp/><sp/>sqlite3_bind_text(stmt,<sp/>6,<sp/>correo.c_str(),<sp/>-1,<sp/>SQLITE_STATIC);</highlight></codeline>
<codeline lineno="336"><highlight class="normal"><sp/><sp/><sp/><sp/>sqlite3_bind_double(stmt,<sp/>7,<sp/>balance);<sp/></highlight><highlight class="comment">//<sp/>Asegúrate<sp/>de<sp/>que<sp/>balance<sp/>sea<sp/>del<sp/>tipo<sp/>correcto<sp/>según<sp/>la<sp/>estructura<sp/>de<sp/>tu<sp/>tabla</highlight><highlight class="normal"></highlight></codeline>
<codeline lineno="337"><highlight class="normal"><sp/><sp/><sp/><sp/>sqlite3_bind_text(stmt,<sp/>8,<sp/>tipoCuenta.c_str(),<sp/>-1,<sp/>SQLITE_STATIC);</highlight></codeline>
<codeline lineno="338"><highlight class="normal"></highlight></codeline>
<codeline lineno="339"><highlight class="normal"><sp/><sp/><sp/><sp/></highlight><highlight class="keywordflow">if</highlight><highlight class="normal"><sp/>(sqlite3_step(stmt)<sp/>!=<sp/>SQLITE_DONE)<sp/>{</highlight></codeline>
<codeline lineno="340"><highlight class="normal"><sp/><sp/><sp/><sp/><sp/><sp/><sp/><sp/>std::cerr<sp/>&lt;&lt;<sp/></highlight><highlight class="stringliteral">&quot;Error<sp/>al<sp/>ejecutar<sp/>la<sp/>insercion:<sp/>&quot;</highlight><highlight class="normal"><sp/>&lt;&lt;<sp/>sqlite3_errmsg(db)<sp/>&lt;&lt;<sp/>std::endl;</highlight></codeline>
<codeline lineno="341"><highlight class="normal"><sp/><sp/><sp/><sp/>}<sp/></highlight><highlight class="keywordflow">else</highlight><highlight class="normal"><sp/>{</highlight></codeline>
<codeline lineno="342"><highlight class="normal"><sp/><sp/><sp/><sp/><sp/><sp/><sp/><sp/>std::cout<sp/>&lt;&lt;<sp/></highlight><highlight class="stringliteral">&quot;Cliente<sp/>agregado<sp/>exitosamente&quot;</highlight><highlight class="normal"><sp/>&lt;&lt;<sp/>std::endl;</highlight></codeline>
<codeline lineno="343"><highlight class="normal"><sp/><sp/><sp/><sp/><sp/><sp/><sp/><sp/></highlight></codeline>
<codeline lineno="344"><highlight class="normal"><sp/><sp/><sp/><sp/>}</highlight></codeline>
<codeline lineno="345"><highlight class="normal"></highlight></codeline>
<codeline lineno="346"><highlight class="normal"><sp/><sp/><sp/><sp/>sqlite3_finalize(stmt);</highlight></codeline>
<codeline lineno="347"><highlight class="normal"><sp/><sp/><sp/></highlight></codeline>
<codeline lineno="348"><highlight class="normal">}</highlight></codeline>
<codeline lineno="349"><highlight class="normal"></highlight></codeline>
<codeline lineno="356" refid="clientes_8hpp_1aa7f1e18627a568718d21c58654e30ee5" refkind="member"><highlight class="normal"></highlight><highlight class="keywordtype">void</highlight><highlight class="normal"><sp/><ref refid="clientes_8hpp_1aa7f1e18627a568718d21c58654e30ee5" kindref="member">imprimirIdClientesPorCedula</ref>(sqlite3*<sp/>db,<sp/></highlight><highlight class="keyword">const</highlight><highlight class="normal"><sp/>std::string&amp;<sp/>cedula)<sp/>{</highlight></codeline>
<codeline lineno="357"><highlight class="normal"><sp/><sp/><sp/><sp/></highlight><highlight class="keyword">const</highlight><highlight class="normal"><sp/></highlight><highlight class="keywordtype">char</highlight><highlight class="normal">*<sp/>sql<sp/>=<sp/></highlight><highlight class="stringliteral">&quot;SELECT<sp/>IdCliente,<sp/>TipoCuenta<sp/>FROM<sp/>Clientes<sp/>WHERE<sp/>Cedula<sp/>=<sp/>?&quot;</highlight><highlight class="normal">;</highlight></codeline>
<codeline lineno="358"><highlight class="normal"><sp/><sp/><sp/><sp/>sqlite3_stmt*<sp/>stmt;</highlight></codeline>
<codeline lineno="359"><highlight class="normal"></highlight></codeline>
<codeline lineno="360"><highlight class="normal"><sp/><sp/><sp/><sp/></highlight><highlight class="keywordtype">int</highlight><highlight class="normal"><sp/>rc<sp/>=<sp/>sqlite3_prepare_v2(db,<sp/>sql,<sp/>-1,<sp/>&amp;stmt,<sp/></highlight><highlight class="keyword">nullptr</highlight><highlight class="normal">);</highlight></codeline>
<codeline lineno="361"><highlight class="normal"><sp/><sp/><sp/><sp/></highlight><highlight class="keywordflow">if</highlight><highlight class="normal"><sp/>(rc<sp/>!=<sp/>SQLITE_OK)<sp/>{</highlight></codeline>
<codeline lineno="362"><highlight class="normal"><sp/><sp/><sp/><sp/><sp/><sp/><sp/><sp/>std::cerr<sp/>&lt;&lt;<sp/></highlight><highlight class="stringliteral">&quot;Error<sp/>preparando<sp/>la<sp/>declaración<sp/>SQL:<sp/>&quot;</highlight><highlight class="normal"><sp/>&lt;&lt;<sp/>sqlite3_errmsg(db)<sp/>&lt;&lt;<sp/>std::endl;</highlight></codeline>
<codeline lineno="363"><highlight class="normal"><sp/><sp/><sp/><sp/><sp/><sp/><sp/><sp/></highlight><highlight class="keywordflow">return</highlight><highlight class="normal">;</highlight></codeline>
<codeline lineno="364"><highlight class="normal"><sp/><sp/><sp/><sp/>}</highlight></codeline>
<codeline lineno="365"><highlight class="normal"></highlight></codeline>
<codeline lineno="366"><highlight class="normal"><sp/><sp/><sp/><sp/></highlight><highlight class="comment">//<sp/>Conectar<sp/>la<sp/>cédula<sp/>al<sp/>parámetro</highlight><highlight class="normal"></highlight></codeline>
<codeline lineno="367"><highlight class="normal"><sp/><sp/><sp/><sp/>sqlite3_bind_text(stmt,<sp/>1,<sp/>cedula.c_str(),<sp/>-1,<sp/>SQLITE_STATIC);</highlight></codeline>
<codeline lineno="368"><highlight class="normal"></highlight></codeline>
<codeline lineno="369"><highlight class="normal"><sp/><sp/><sp/><sp/></highlight><highlight class="comment">//<sp/>Imprimir<sp/>resultados</highlight><highlight class="normal"></highlight></codeline>
<codeline lineno="370"><highlight class="normal"><sp/><sp/><sp/><sp/>std::cout<sp/>&lt;&lt;<sp/></highlight><highlight class="stringliteral">&quot;\nIdCuenta<sp/>|<sp/>Tipo<sp/>de<sp/>Cuenta&quot;</highlight><highlight class="normal"><sp/>&lt;&lt;<sp/>std::endl;</highlight></codeline>
<codeline lineno="371"><highlight class="normal"><sp/><sp/><sp/><sp/></highlight><highlight class="keywordflow">while</highlight><highlight class="normal"><sp/>((rc<sp/>=<sp/>sqlite3_step(stmt))<sp/>==<sp/>SQLITE_ROW)<sp/>{</highlight></codeline>
<codeline lineno="372"><highlight class="normal"><sp/><sp/><sp/><sp/><sp/><sp/><sp/><sp/></highlight><highlight class="keywordtype">int</highlight><highlight class="normal"><sp/>idCliente<sp/>=<sp/>sqlite3_column_int(stmt,<sp/>0);</highlight></codeline>
<codeline lineno="373"><highlight class="normal"><sp/><sp/><sp/><sp/><sp/><sp/><sp/><sp/></highlight><highlight class="keyword">const</highlight><highlight class="normal"><sp/></highlight><highlight class="keywordtype">unsigned</highlight><highlight class="normal"><sp/></highlight><highlight class="keywordtype">char</highlight><highlight class="normal">*<sp/>tipoCuenta<sp/>=<sp/>sqlite3_column_text(stmt,<sp/>1);</highlight></codeline>
<codeline lineno="374"><highlight class="normal"><sp/><sp/><sp/><sp/><sp/><sp/><sp/><sp/>std::cout<sp/>&lt;&lt;<sp/>idCliente<sp/>&lt;&lt;<sp/></highlight><highlight class="stringliteral">&quot;<sp/><sp/>|<sp/>&quot;</highlight><highlight class="normal"><sp/>&lt;&lt;<sp/>tipoCuenta<sp/>&lt;&lt;<sp/>std::endl;</highlight></codeline>
<codeline lineno="375"><highlight class="normal"><sp/><sp/><sp/><sp/>}</highlight></codeline>
<codeline lineno="376"><highlight class="normal"></highlight></codeline>
<codeline lineno="377"><highlight class="normal"><sp/><sp/><sp/><sp/></highlight><highlight class="keywordflow">if</highlight><highlight class="normal"><sp/>(rc<sp/>!=<sp/>SQLITE_DONE)<sp/>{</highlight></codeline>
<codeline lineno="378"><highlight class="normal"><sp/><sp/><sp/><sp/><sp/><sp/><sp/><sp/>std::cerr<sp/>&lt;&lt;<sp/></highlight><highlight class="stringliteral">&quot;Error<sp/>ejecutando<sp/>la<sp/>declaración<sp/>SQL:<sp/>&quot;</highlight><highlight class="normal"><sp/>&lt;&lt;<sp/>sqlite3_errmsg(db)<sp/>&lt;&lt;<sp/>std::endl;</highlight></codeline>
<codeline lineno="379"><highlight class="normal"><sp/><sp/><sp/><sp/>}</highlight></codeline>
<codeline lineno="380"><highlight class="normal"></highlight></codeline>
<codeline lineno="381"><highlight class="normal"><sp/><sp/><sp/><sp/></highlight><highlight class="comment">//<sp/>Finalizar<sp/>la<sp/>declaración</highlight><highlight class="normal"></highlight></codeline>
<codeline lineno="382"><highlight class="normal"><sp/><sp/><sp/><sp/>sqlite3_finalize(stmt);</highlight></codeline>
<codeline lineno="383"><highlight class="normal">}</highlight></codeline>
<codeline lineno="384"><highlight class="normal"></highlight></codeline>
<codeline lineno="385"><highlight class="normal"></highlight><highlight class="preprocessor">#endif<sp/></highlight><highlight class="comment">//CLIENTES_HPP</highlight><highlight class="normal"></highlight></codeline>
    </programlisting>
    <location file="clientes.hpp"/>
  </compounddef>
</doxygen>
