<?xml version='1.0' encoding='UTF-8' standalone='no'?>
<doxygen xmlns:xsi="http://www.w3.org/2001/XMLSchema-instance" xsi:noNamespaceSchemaLocation="compound.xsd" version="1.10.0" xml:lang="en-US">
  <compounddef id="clientes2_8cpp" kind="file" language="C++">
    <compoundname>clientes2.cpp</compoundname>
    <includes refid="clientes2_8hpp" local="yes">clientes2.hpp</includes>
    <incdepgraph>
      <node id="1">
        <label>clientes2.cpp</label>
        <link refid="clientes2_8cpp"/>
        <childnode refid="2" relation="include">
        </childnode>
      </node>
      <node id="2">
        <label>clientes2.hpp</label>
        <link refid="clientes2_8hpp"/>
        <childnode refid="3" relation="include">
        </childnode>
        <childnode refid="4" relation="include">
        </childnode>
        <childnode refid="5" relation="include">
        </childnode>
      </node>
      <node id="3">
        <label>iostream</label>
      </node>
      <node id="4">
        <label>sqlite3.h</label>
      </node>
      <node id="5">
        <label>string</label>
      </node>
    </incdepgraph>
    <briefdescription>
    </briefdescription>
    <detaileddescription>
    </detaileddescription>
    <programlisting>
<codeline lineno="1"><highlight class="preprocessor">#include<sp/>&quot;<ref refid="clientes2_8hpp" kindref="compound">clientes2.hpp</ref>&quot;</highlight><highlight class="normal"></highlight></codeline>
<codeline lineno="2"><highlight class="normal"></highlight></codeline>
<codeline lineno="3"><highlight class="normal"><ref refid="class_cliente_1acc3eb79c782a47c192326df7160d45e9" kindref="member">Cliente::Cliente</ref>(sqlite3*<sp/>db,<sp/></highlight><highlight class="keyword">const</highlight><highlight class="normal"><sp/></highlight><highlight class="keywordtype">int</highlight><highlight class="normal"><sp/>idCliente)<sp/>:<sp/>db(db),<sp/>idCliente(idCliente)<sp/>{}</highlight></codeline>
<codeline lineno="4"><highlight class="normal"></highlight></codeline>
<codeline lineno="5"><highlight class="normal"></highlight><highlight class="keywordtype">int</highlight><highlight class="normal"><sp/><ref refid="class_cliente_1af88f23508f54dbf59e1602e57d325e45" kindref="member">Cliente::getIdCliente</ref>()</highlight><highlight class="keyword"><sp/>const<sp/></highlight><highlight class="normal">{</highlight></codeline>
<codeline lineno="6"><highlight class="normal"><sp/><sp/><sp/><sp/></highlight><highlight class="keywordflow">return</highlight><highlight class="normal"><sp/>idCliente;</highlight></codeline>
<codeline lineno="7"><highlight class="normal">}</highlight></codeline>
<codeline lineno="8"><highlight class="normal"></highlight><highlight class="comment">//tabla<sp/>de<sp/>clientes</highlight><highlight class="normal"></highlight></codeline>
<codeline lineno="9"><highlight class="normal">std::string<sp/><ref refid="class_cliente_1a85f2204e9392277634be0b52ade6994e" kindref="member">Cliente::getInfoClientes</ref>(</highlight><highlight class="keyword">const</highlight><highlight class="normal"><sp/>std::string&amp;<sp/>tabla,<sp/></highlight><highlight class="keyword">const</highlight><highlight class="normal"><sp/>std::string&amp;<sp/>dato,<sp/></highlight><highlight class="keywordtype">int</highlight><highlight class="normal"><sp/>idCliente)<sp/>{<sp/><sp/><sp/></highlight></codeline>
<codeline lineno="10"><highlight class="normal"><sp/><sp/><sp/><sp/>std::string<sp/>sql<sp/>=<sp/></highlight><highlight class="stringliteral">&quot;SELECT<sp/>&quot;</highlight><highlight class="normal"><sp/>+<sp/>dato<sp/>+<sp/></highlight><highlight class="stringliteral">&quot;<sp/>FROM<sp/>&quot;</highlight><highlight class="normal"><sp/>+<sp/>tabla<sp/>+<sp/></highlight><highlight class="stringliteral">&quot;<sp/>WHERE<sp/>IdCliente<sp/>=<sp/>&quot;</highlight><highlight class="normal"><sp/>+<sp/>std::to_string(idCliente)<sp/>+<sp/></highlight><highlight class="stringliteral">&quot;;&quot;</highlight><highlight class="normal">;</highlight></codeline>
<codeline lineno="11"><highlight class="normal"><sp/><sp/><sp/><sp/>sqlite3_stmt<sp/>*stmt;</highlight></codeline>
<codeline lineno="12"><highlight class="normal"><sp/><sp/><sp/><sp/>std::string<sp/>info<sp/>=<sp/></highlight><highlight class="stringliteral">&quot;-1&quot;</highlight><highlight class="normal">;</highlight></codeline>
<codeline lineno="13"><highlight class="normal"></highlight></codeline>
<codeline lineno="14"><highlight class="normal"><sp/><sp/><sp/><sp/></highlight><highlight class="keywordflow">if</highlight><highlight class="normal"><sp/>(sqlite3_prepare_v2(db,<sp/>sql.c_str(),<sp/>-1,<sp/>&amp;stmt,<sp/></highlight><highlight class="keyword">nullptr</highlight><highlight class="normal">)<sp/>==<sp/>SQLITE_OK)<sp/>{</highlight></codeline>
<codeline lineno="15"><highlight class="normal"><sp/><sp/><sp/><sp/><sp/><sp/><sp/><sp/></highlight><highlight class="keywordflow">if</highlight><highlight class="normal"><sp/>(sqlite3_step(stmt)<sp/>==<sp/>SQLITE_ROW)<sp/>{</highlight></codeline>
<codeline lineno="16"><highlight class="normal"><sp/><sp/><sp/><sp/><sp/><sp/><sp/><sp/><sp/><sp/><sp/><sp/></highlight><highlight class="keyword">const</highlight><highlight class="normal"><sp/></highlight><highlight class="keywordtype">unsigned</highlight><highlight class="normal"><sp/></highlight><highlight class="keywordtype">char</highlight><highlight class="normal">*<sp/>text<sp/>=<sp/>sqlite3_column_text(stmt,<sp/>0);</highlight></codeline>
<codeline lineno="17"><highlight class="normal"><sp/><sp/><sp/><sp/><sp/><sp/><sp/><sp/><sp/><sp/><sp/><sp/></highlight><highlight class="keywordflow">if</highlight><highlight class="normal"><sp/>(text)<sp/>{</highlight></codeline>
<codeline lineno="18"><highlight class="normal"><sp/><sp/><sp/><sp/><sp/><sp/><sp/><sp/><sp/><sp/><sp/><sp/><sp/><sp/><sp/><sp/>info<sp/>=<sp/></highlight><highlight class="keyword">reinterpret_cast&lt;</highlight><highlight class="keyword">const<sp/></highlight><highlight class="keywordtype">char</highlight><highlight class="normal">*</highlight><highlight class="keyword">&gt;</highlight><highlight class="normal">(text);</highlight></codeline>
<codeline lineno="19"><highlight class="normal"><sp/><sp/><sp/><sp/><sp/><sp/><sp/><sp/><sp/><sp/><sp/><sp/>}</highlight></codeline>
<codeline lineno="20"><highlight class="normal"><sp/><sp/><sp/><sp/><sp/><sp/><sp/><sp/>}<sp/></highlight><highlight class="keywordflow">else</highlight><highlight class="normal"><sp/>{</highlight></codeline>
<codeline lineno="21"><highlight class="normal"><sp/><sp/><sp/><sp/><sp/><sp/><sp/><sp/><sp/><sp/><sp/><sp/>std::cerr<sp/>&lt;&lt;<sp/></highlight><highlight class="stringliteral">&quot;Error<sp/>al<sp/>ejecutar<sp/>la<sp/>consulta:<sp/>&quot;</highlight><highlight class="normal"><sp/>&lt;&lt;<sp/>sqlite3_errmsg(db)<sp/>&lt;&lt;<sp/>std::endl;</highlight></codeline>
<codeline lineno="22"><highlight class="normal"><sp/><sp/><sp/><sp/><sp/><sp/><sp/><sp/>}</highlight></codeline>
<codeline lineno="23"><highlight class="normal"><sp/><sp/><sp/><sp/><sp/><sp/><sp/><sp/>sqlite3_finalize(stmt);</highlight></codeline>
<codeline lineno="24"><highlight class="normal"><sp/><sp/><sp/><sp/>}<sp/></highlight><highlight class="keywordflow">else</highlight><highlight class="normal"><sp/>{</highlight></codeline>
<codeline lineno="25"><highlight class="normal"><sp/><sp/><sp/><sp/><sp/><sp/><sp/><sp/>std::cerr<sp/>&lt;&lt;<sp/></highlight><highlight class="stringliteral">&quot;Error<sp/>en<sp/>la<sp/>preparación<sp/>de<sp/>la<sp/>consulta<sp/>SQL:<sp/>&quot;</highlight><highlight class="normal"><sp/>&lt;&lt;<sp/>sqlite3_errmsg(db)<sp/>&lt;&lt;<sp/>std::endl;</highlight></codeline>
<codeline lineno="26"><highlight class="normal"><sp/><sp/><sp/><sp/>}</highlight></codeline>
<codeline lineno="27"><highlight class="normal"></highlight></codeline>
<codeline lineno="28"><highlight class="normal"><sp/><sp/><sp/><sp/></highlight><highlight class="keywordflow">return</highlight><highlight class="normal"><sp/>info;</highlight></codeline>
<codeline lineno="29"><highlight class="normal">}</highlight></codeline>
<codeline lineno="30"><highlight class="normal"></highlight></codeline>
<codeline lineno="31"><highlight class="normal"></highlight><highlight class="keywordtype">void</highlight><highlight class="normal"><sp/><ref refid="class_cliente_1a231e4e0ccd92be818da6ef665ef2ec53" kindref="member">Cliente::setInfoClientes</ref>(</highlight><highlight class="keyword">const</highlight><highlight class="normal"><sp/>std::string&amp;<sp/>tabla,<sp/></highlight><highlight class="keyword">const</highlight><highlight class="normal"><sp/>std::string&amp;<sp/>dato,<sp/></highlight><highlight class="keyword">const</highlight><highlight class="normal"><sp/>std::string&amp;<sp/>datoActualizado,<sp/></highlight><highlight class="keywordtype">int</highlight><highlight class="normal"><sp/>idCliente)<sp/>{</highlight></codeline>
<codeline lineno="32"><highlight class="normal"><sp/><sp/><sp/><sp/>std::string<sp/>sql<sp/>=<sp/></highlight><highlight class="stringliteral">&quot;UPDATE<sp/>&quot;</highlight><highlight class="normal"><sp/>+<sp/>tabla<sp/>+<sp/></highlight><highlight class="stringliteral">&quot;<sp/>SET<sp/>&quot;</highlight><highlight class="normal"><sp/>+<sp/>dato<sp/>+<sp/></highlight><highlight class="stringliteral">&quot;<sp/>=<sp/>&apos;&quot;</highlight><highlight class="normal"><sp/>+<sp/>datoActualizado<sp/>+<sp/></highlight><highlight class="stringliteral">&quot;&apos;<sp/>WHERE<sp/>IdCliente<sp/>=<sp/>&quot;</highlight><highlight class="normal"><sp/>+<sp/>std::to_string(idCliente)<sp/>+<sp/></highlight><highlight class="stringliteral">&quot;;&quot;</highlight><highlight class="normal">;</highlight></codeline>
<codeline lineno="33"><highlight class="normal"><sp/><sp/><sp/><sp/></highlight><highlight class="keywordtype">char</highlight><highlight class="normal"><sp/>*errMsg<sp/>=<sp/></highlight><highlight class="keyword">nullptr</highlight><highlight class="normal">;</highlight></codeline>
<codeline lineno="34"><highlight class="normal"></highlight></codeline>
<codeline lineno="35"><highlight class="normal"><sp/><sp/><sp/><sp/></highlight><highlight class="keywordtype">int</highlight><highlight class="normal"><sp/>rc<sp/>=<sp/>sqlite3_exec(db,<sp/>sql.c_str(),<sp/></highlight><highlight class="keyword">nullptr</highlight><highlight class="normal">,<sp/></highlight><highlight class="keyword">nullptr</highlight><highlight class="normal">,<sp/>&amp;errMsg);</highlight></codeline>
<codeline lineno="36"><highlight class="normal"><sp/><sp/><sp/><sp/></highlight><highlight class="keywordflow">if</highlight><highlight class="normal"><sp/>(rc<sp/>!=<sp/>SQLITE_OK)<sp/>{</highlight></codeline>
<codeline lineno="37"><highlight class="normal"><sp/><sp/><sp/><sp/><sp/><sp/><sp/><sp/>std::cerr<sp/>&lt;&lt;<sp/></highlight><highlight class="stringliteral">&quot;Error<sp/>al<sp/>actualizar<sp/>el<sp/>dato:<sp/>&quot;</highlight><highlight class="normal"><sp/>&lt;&lt;<sp/>errMsg<sp/>&lt;&lt;<sp/>std::endl;</highlight></codeline>
<codeline lineno="38"><highlight class="normal"><sp/><sp/><sp/><sp/><sp/><sp/><sp/><sp/>sqlite3_free(errMsg);</highlight></codeline>
<codeline lineno="39"><highlight class="normal"><sp/><sp/><sp/><sp/><sp/><sp/><sp/><sp/></highlight><highlight class="keywordflow">return</highlight><highlight class="normal">;</highlight></codeline>
<codeline lineno="40"><highlight class="normal"><sp/><sp/><sp/><sp/>}</highlight></codeline>
<codeline lineno="41"><highlight class="normal">}</highlight></codeline>
<codeline lineno="42"><highlight class="normal"></highlight></codeline>
<codeline lineno="43"><highlight class="normal"></highlight><highlight class="comment">//Tabla<sp/>de<sp/>Tasas</highlight><highlight class="normal"></highlight></codeline>
<codeline lineno="44"><highlight class="normal">std::string<sp/><ref refid="class_cliente_1a19548bfe36cb49e900007c9fc1b00e4b" kindref="member">Cliente::getInfoInteres</ref>(</highlight><highlight class="keyword">const</highlight><highlight class="normal"><sp/>std::string&amp;<sp/>tabla,<sp/></highlight><highlight class="keyword">const</highlight><highlight class="normal"><sp/>std::string&amp;<sp/>dato,<sp/></highlight><highlight class="keywordtype">int</highlight><highlight class="normal"><sp/></highlight><highlight class="keywordtype">id</highlight><highlight class="normal">)<sp/>{<sp/><sp/><sp/></highlight></codeline>
<codeline lineno="45"><highlight class="normal"><sp/><sp/><sp/><sp/>std::string<sp/>sql<sp/>=<sp/></highlight><highlight class="stringliteral">&quot;SELECT<sp/>&quot;</highlight><highlight class="normal"><sp/>+<sp/>dato<sp/>+<sp/></highlight><highlight class="stringliteral">&quot;<sp/>FROM<sp/>&quot;</highlight><highlight class="normal"><sp/>+<sp/>tabla<sp/>+<sp/></highlight><highlight class="stringliteral">&quot;<sp/>WHERE<sp/>id<sp/>=<sp/>&quot;</highlight><highlight class="normal"><sp/>+<sp/>std::to_string(</highlight><highlight class="keywordtype">id</highlight><highlight class="normal">)<sp/>+<sp/></highlight><highlight class="stringliteral">&quot;;&quot;</highlight><highlight class="normal">;</highlight></codeline>
<codeline lineno="46"><highlight class="normal"><sp/><sp/><sp/><sp/>sqlite3_stmt<sp/>*stmt;</highlight></codeline>
<codeline lineno="47"><highlight class="normal"><sp/><sp/><sp/><sp/>std::string<sp/>info<sp/>=<sp/></highlight><highlight class="stringliteral">&quot;-1&quot;</highlight><highlight class="normal">;</highlight></codeline>
<codeline lineno="48"><highlight class="normal"></highlight></codeline>
<codeline lineno="49"><highlight class="normal"><sp/><sp/><sp/><sp/></highlight><highlight class="keywordflow">if</highlight><highlight class="normal"><sp/>(sqlite3_prepare_v2(db,<sp/>sql.c_str(),<sp/>-1,<sp/>&amp;stmt,<sp/></highlight><highlight class="keyword">nullptr</highlight><highlight class="normal">)<sp/>==<sp/>SQLITE_OK)<sp/>{</highlight></codeline>
<codeline lineno="50"><highlight class="normal"><sp/><sp/><sp/><sp/><sp/><sp/><sp/><sp/></highlight><highlight class="keywordflow">if</highlight><highlight class="normal"><sp/>(sqlite3_step(stmt)<sp/>==<sp/>SQLITE_ROW)<sp/>{</highlight></codeline>
<codeline lineno="51"><highlight class="normal"><sp/><sp/><sp/><sp/><sp/><sp/><sp/><sp/><sp/><sp/><sp/><sp/></highlight><highlight class="keyword">const</highlight><highlight class="normal"><sp/></highlight><highlight class="keywordtype">unsigned</highlight><highlight class="normal"><sp/></highlight><highlight class="keywordtype">char</highlight><highlight class="normal">*<sp/>text<sp/>=<sp/>sqlite3_column_text(stmt,<sp/>0);</highlight></codeline>
<codeline lineno="52"><highlight class="normal"><sp/><sp/><sp/><sp/><sp/><sp/><sp/><sp/><sp/><sp/><sp/><sp/></highlight><highlight class="keywordflow">if</highlight><highlight class="normal"><sp/>(text)<sp/>{</highlight></codeline>
<codeline lineno="53"><highlight class="normal"><sp/><sp/><sp/><sp/><sp/><sp/><sp/><sp/><sp/><sp/><sp/><sp/><sp/><sp/><sp/><sp/>info<sp/>=<sp/></highlight><highlight class="keyword">reinterpret_cast&lt;</highlight><highlight class="keyword">const<sp/></highlight><highlight class="keywordtype">char</highlight><highlight class="normal">*</highlight><highlight class="keyword">&gt;</highlight><highlight class="normal">(text);</highlight></codeline>
<codeline lineno="54"><highlight class="normal"><sp/><sp/><sp/><sp/><sp/><sp/><sp/><sp/><sp/><sp/><sp/><sp/>}</highlight></codeline>
<codeline lineno="55"><highlight class="normal"><sp/><sp/><sp/><sp/><sp/><sp/><sp/><sp/>}<sp/></highlight><highlight class="keywordflow">else</highlight><highlight class="normal"><sp/>{</highlight></codeline>
<codeline lineno="56"><highlight class="normal"><sp/><sp/><sp/><sp/><sp/><sp/><sp/><sp/><sp/><sp/><sp/><sp/>std::cerr<sp/>&lt;&lt;<sp/></highlight><highlight class="stringliteral">&quot;Error<sp/>al<sp/>ejecutar<sp/>la<sp/>consulta:<sp/>&quot;</highlight><highlight class="normal"><sp/>&lt;&lt;<sp/>sqlite3_errmsg(db)<sp/>&lt;&lt;<sp/>std::endl;</highlight></codeline>
<codeline lineno="57"><highlight class="normal"><sp/><sp/><sp/><sp/><sp/><sp/><sp/><sp/>}</highlight></codeline>
<codeline lineno="58"><highlight class="normal"><sp/><sp/><sp/><sp/><sp/><sp/><sp/><sp/>sqlite3_finalize(stmt);</highlight></codeline>
<codeline lineno="59"><highlight class="normal"><sp/><sp/><sp/><sp/>}<sp/></highlight><highlight class="keywordflow">else</highlight><highlight class="normal"><sp/>{</highlight></codeline>
<codeline lineno="60"><highlight class="normal"><sp/><sp/><sp/><sp/><sp/><sp/><sp/><sp/>std::cerr<sp/>&lt;&lt;<sp/></highlight><highlight class="stringliteral">&quot;Error<sp/>en<sp/>la<sp/>preparación<sp/>de<sp/>la<sp/>consulta<sp/>SQL:<sp/>&quot;</highlight><highlight class="normal"><sp/>&lt;&lt;<sp/>sqlite3_errmsg(db)<sp/>&lt;&lt;<sp/>std::endl;</highlight></codeline>
<codeline lineno="61"><highlight class="normal"><sp/><sp/><sp/><sp/>}</highlight></codeline>
<codeline lineno="62"><highlight class="normal"></highlight></codeline>
<codeline lineno="63"><highlight class="normal"><sp/><sp/><sp/><sp/></highlight><highlight class="keywordflow">return</highlight><highlight class="normal"><sp/>info;</highlight></codeline>
<codeline lineno="64"><highlight class="normal">}</highlight></codeline>
<codeline lineno="65"><highlight class="normal"></highlight></codeline>
<codeline lineno="66"><highlight class="normal"></highlight><highlight class="comment">//Tabla<sp/>de<sp/>Prestamos</highlight><highlight class="normal"></highlight></codeline>
<codeline lineno="67"><highlight class="normal">std::string<sp/><ref refid="class_cliente_1a3e8ad9629463523fef40c330517dcca9" kindref="member">Cliente::getInfoPrestamos</ref>(</highlight><highlight class="keyword">const</highlight><highlight class="normal"><sp/>std::string&amp;<sp/>dato,<sp/></highlight><highlight class="keywordtype">int</highlight><highlight class="normal"><sp/>idPrestamos)<sp/>{<sp/><sp/><sp/></highlight></codeline>
<codeline lineno="68"><highlight class="normal"><sp/><sp/><sp/><sp/>std::string<sp/>sql<sp/>=<sp/></highlight><highlight class="stringliteral">&quot;SELECT<sp/>&quot;</highlight><highlight class="normal"><sp/>+<sp/>dato<sp/>+<sp/></highlight><highlight class="stringliteral">&quot;<sp/>FROM<sp/>tablaPrestamos<sp/>WHERE<sp/>idPrestamo<sp/>=<sp/>&quot;</highlight><highlight class="normal"><sp/>+<sp/>std::to_string(idPrestamos)<sp/>+<sp/></highlight><highlight class="stringliteral">&quot;;&quot;</highlight><highlight class="normal">;</highlight></codeline>
<codeline lineno="69"><highlight class="normal"><sp/><sp/><sp/><sp/>sqlite3_stmt<sp/>*stmt;</highlight></codeline>
<codeline lineno="70"><highlight class="normal"><sp/><sp/><sp/><sp/>std::string<sp/>info<sp/>=<sp/></highlight><highlight class="stringliteral">&quot;-1&quot;</highlight><highlight class="normal">;</highlight></codeline>
<codeline lineno="71"><highlight class="normal"></highlight></codeline>
<codeline lineno="72"><highlight class="normal"><sp/><sp/><sp/><sp/></highlight><highlight class="keywordflow">if</highlight><highlight class="normal"><sp/>(sqlite3_prepare_v2(db,<sp/>sql.c_str(),<sp/>-1,<sp/>&amp;stmt,<sp/></highlight><highlight class="keyword">nullptr</highlight><highlight class="normal">)<sp/>==<sp/>SQLITE_OK)<sp/>{</highlight></codeline>
<codeline lineno="73"><highlight class="normal"><sp/><sp/><sp/><sp/><sp/><sp/><sp/><sp/></highlight><highlight class="keywordflow">if</highlight><highlight class="normal"><sp/>(sqlite3_step(stmt)<sp/>==<sp/>SQLITE_ROW)<sp/>{</highlight></codeline>
<codeline lineno="74"><highlight class="normal"><sp/><sp/><sp/><sp/><sp/><sp/><sp/><sp/><sp/><sp/><sp/><sp/></highlight><highlight class="keyword">const</highlight><highlight class="normal"><sp/></highlight><highlight class="keywordtype">unsigned</highlight><highlight class="normal"><sp/></highlight><highlight class="keywordtype">char</highlight><highlight class="normal">*<sp/>text<sp/>=<sp/>sqlite3_column_text(stmt,<sp/>0);</highlight></codeline>
<codeline lineno="75"><highlight class="normal"><sp/><sp/><sp/><sp/><sp/><sp/><sp/><sp/><sp/><sp/><sp/><sp/></highlight><highlight class="keywordflow">if</highlight><highlight class="normal"><sp/>(text)<sp/>{</highlight></codeline>
<codeline lineno="76"><highlight class="normal"><sp/><sp/><sp/><sp/><sp/><sp/><sp/><sp/><sp/><sp/><sp/><sp/><sp/><sp/><sp/><sp/>info<sp/>=<sp/></highlight><highlight class="keyword">reinterpret_cast&lt;</highlight><highlight class="keyword">const<sp/></highlight><highlight class="keywordtype">char</highlight><highlight class="normal">*</highlight><highlight class="keyword">&gt;</highlight><highlight class="normal">(text);</highlight></codeline>
<codeline lineno="77"><highlight class="normal"><sp/><sp/><sp/><sp/><sp/><sp/><sp/><sp/><sp/><sp/><sp/><sp/>}</highlight></codeline>
<codeline lineno="78"><highlight class="normal"><sp/><sp/><sp/><sp/><sp/><sp/><sp/><sp/>}<sp/></highlight><highlight class="keywordflow">else</highlight><highlight class="normal"><sp/>{</highlight></codeline>
<codeline lineno="79"><highlight class="normal"><sp/><sp/><sp/><sp/><sp/><sp/><sp/><sp/><sp/><sp/><sp/><sp/>std::cerr<sp/>&lt;&lt;<sp/></highlight><highlight class="stringliteral">&quot;Error<sp/>al<sp/>ejecutar<sp/>la<sp/>consulta:<sp/>&quot;</highlight><highlight class="normal"><sp/>&lt;&lt;<sp/>sqlite3_errmsg(db)<sp/>&lt;&lt;<sp/>std::endl;</highlight></codeline>
<codeline lineno="80"><highlight class="normal"><sp/><sp/><sp/><sp/><sp/><sp/><sp/><sp/>}</highlight></codeline>
<codeline lineno="81"><highlight class="normal"><sp/><sp/><sp/><sp/><sp/><sp/><sp/><sp/>sqlite3_finalize(stmt);</highlight></codeline>
<codeline lineno="82"><highlight class="normal"><sp/><sp/><sp/><sp/>}<sp/></highlight><highlight class="keywordflow">else</highlight><highlight class="normal"><sp/>{</highlight></codeline>
<codeline lineno="83"><highlight class="normal"><sp/><sp/><sp/><sp/><sp/><sp/><sp/><sp/>std::cerr<sp/>&lt;&lt;<sp/></highlight><highlight class="stringliteral">&quot;Error<sp/>en<sp/>la<sp/>preparación<sp/>de<sp/>la<sp/>consulta<sp/>SQL:<sp/>&quot;</highlight><highlight class="normal"><sp/>&lt;&lt;<sp/>sqlite3_errmsg(db)<sp/>&lt;&lt;<sp/>std::endl;</highlight></codeline>
<codeline lineno="84"><highlight class="normal"><sp/><sp/><sp/><sp/>}</highlight></codeline>
<codeline lineno="85"><highlight class="normal"></highlight></codeline>
<codeline lineno="86"><highlight class="normal"><sp/><sp/><sp/><sp/></highlight><highlight class="keywordflow">return</highlight><highlight class="normal"><sp/>info;</highlight></codeline>
<codeline lineno="87"><highlight class="normal">}</highlight></codeline>
<codeline lineno="88"><highlight class="normal"></highlight></codeline>
<codeline lineno="89"><highlight class="normal"></highlight><highlight class="keywordtype">void</highlight><highlight class="normal"><sp/><ref refid="class_cliente_1a75460a55c7b2ab7d97f4d84694899698" kindref="member">Cliente::setInfoPrestamos</ref>(</highlight><highlight class="keyword">const</highlight><highlight class="normal"><sp/>std::string&amp;<sp/>dato,<sp/></highlight><highlight class="keyword">const</highlight><highlight class="normal"><sp/>std::string&amp;<sp/>datoActualizado,<sp/></highlight><highlight class="keywordtype">int</highlight><highlight class="normal"><sp/>idPrestamo)<sp/>{</highlight></codeline>
<codeline lineno="90"><highlight class="normal"><sp/><sp/><sp/><sp/>std::string<sp/>sql<sp/>=<sp/></highlight><highlight class="stringliteral">&quot;UPDATE<sp/>tablaPrestamos<sp/>SET<sp/>&quot;</highlight><highlight class="normal"><sp/>+<sp/>dato<sp/>+<sp/></highlight><highlight class="stringliteral">&quot;<sp/>=<sp/>&apos;&quot;</highlight><highlight class="normal"><sp/>+<sp/>datoActualizado<sp/>+<sp/></highlight><highlight class="stringliteral">&quot;&apos;<sp/>WHERE<sp/>IdPrestamo<sp/>=<sp/>&quot;</highlight><highlight class="normal"><sp/>+<sp/>std::to_string(idPrestamo)<sp/>+<sp/></highlight><highlight class="stringliteral">&quot;;&quot;</highlight><highlight class="normal">;</highlight></codeline>
<codeline lineno="91"><highlight class="normal"><sp/><sp/><sp/><sp/></highlight><highlight class="keywordtype">char</highlight><highlight class="normal"><sp/>*errMsg<sp/>=<sp/></highlight><highlight class="keyword">nullptr</highlight><highlight class="normal">;</highlight></codeline>
<codeline lineno="92"><highlight class="normal"></highlight></codeline>
<codeline lineno="93"><highlight class="normal"><sp/><sp/><sp/><sp/></highlight><highlight class="keywordtype">int</highlight><highlight class="normal"><sp/>rc<sp/>=<sp/>sqlite3_exec(db,<sp/>sql.c_str(),<sp/></highlight><highlight class="keyword">nullptr</highlight><highlight class="normal">,<sp/></highlight><highlight class="keyword">nullptr</highlight><highlight class="normal">,<sp/>&amp;errMsg);</highlight></codeline>
<codeline lineno="94"><highlight class="normal"><sp/><sp/><sp/><sp/></highlight><highlight class="keywordflow">if</highlight><highlight class="normal"><sp/>(rc<sp/>!=<sp/>SQLITE_OK)<sp/>{</highlight></codeline>
<codeline lineno="95"><highlight class="normal"><sp/><sp/><sp/><sp/><sp/><sp/><sp/><sp/>std::cerr<sp/>&lt;&lt;<sp/></highlight><highlight class="stringliteral">&quot;Error<sp/>al<sp/>actualizar<sp/>el<sp/>dato:<sp/>&quot;</highlight><highlight class="normal"><sp/>&lt;&lt;<sp/>errMsg<sp/>&lt;&lt;<sp/>std::endl;</highlight></codeline>
<codeline lineno="96"><highlight class="normal"><sp/><sp/><sp/><sp/><sp/><sp/><sp/><sp/>sqlite3_free(errMsg);</highlight></codeline>
<codeline lineno="97"><highlight class="normal"><sp/><sp/><sp/><sp/><sp/><sp/><sp/><sp/></highlight><highlight class="keywordflow">return</highlight><highlight class="normal">;</highlight></codeline>
<codeline lineno="98"><highlight class="normal"><sp/><sp/><sp/><sp/>}</highlight></codeline>
<codeline lineno="99"><highlight class="normal">}</highlight></codeline>
<codeline lineno="100"><highlight class="normal"></highlight></codeline>
<codeline lineno="101"><highlight class="normal"></highlight><highlight class="comment">//Tasas<sp/>de<sp/>CDP</highlight><highlight class="normal"></highlight></codeline>
<codeline lineno="102"><highlight class="normal">std::string<sp/><ref refid="class_cliente_1a09f1208e373439b7c008ecaeee494453" kindref="member">Cliente::getInfoTasasCDP</ref>(</highlight><highlight class="keyword">const</highlight><highlight class="normal"><sp/>std::string&amp;<sp/>dato,<sp/></highlight><highlight class="keywordtype">int</highlight><highlight class="normal"><sp/>idCDP)<sp/>{<sp/><sp/><sp/></highlight></codeline>
<codeline lineno="103"><highlight class="normal"><sp/><sp/><sp/><sp/>std::string<sp/>sql<sp/>=<sp/></highlight><highlight class="stringliteral">&quot;SELECT<sp/>&quot;</highlight><highlight class="normal"><sp/>+<sp/>dato<sp/>+<sp/></highlight><highlight class="stringliteral">&quot;<sp/>FROM<sp/>TasasCDP<sp/>WHERE<sp/>id<sp/>=<sp/>&quot;</highlight><highlight class="normal"><sp/>+<sp/>std::to_string(idCDP)<sp/>+<sp/></highlight><highlight class="stringliteral">&quot;;&quot;</highlight><highlight class="normal">;</highlight></codeline>
<codeline lineno="104"><highlight class="normal"><sp/><sp/><sp/><sp/>sqlite3_stmt<sp/>*stmt;</highlight></codeline>
<codeline lineno="105"><highlight class="normal"><sp/><sp/><sp/><sp/>std::string<sp/>info<sp/>=<sp/></highlight><highlight class="stringliteral">&quot;-1&quot;</highlight><highlight class="normal">;</highlight></codeline>
<codeline lineno="106"><highlight class="normal"></highlight></codeline>
<codeline lineno="107"><highlight class="normal"><sp/><sp/><sp/><sp/></highlight><highlight class="keywordflow">if</highlight><highlight class="normal"><sp/>(sqlite3_prepare_v2(db,<sp/>sql.c_str(),<sp/>-1,<sp/>&amp;stmt,<sp/></highlight><highlight class="keyword">nullptr</highlight><highlight class="normal">)<sp/>==<sp/>SQLITE_OK)<sp/>{</highlight></codeline>
<codeline lineno="108"><highlight class="normal"><sp/><sp/><sp/><sp/><sp/><sp/><sp/><sp/></highlight><highlight class="keywordflow">if</highlight><highlight class="normal"><sp/>(sqlite3_step(stmt)<sp/>==<sp/>SQLITE_ROW)<sp/>{</highlight></codeline>
<codeline lineno="109"><highlight class="normal"><sp/><sp/><sp/><sp/><sp/><sp/><sp/><sp/><sp/><sp/><sp/><sp/></highlight><highlight class="keyword">const</highlight><highlight class="normal"><sp/></highlight><highlight class="keywordtype">unsigned</highlight><highlight class="normal"><sp/></highlight><highlight class="keywordtype">char</highlight><highlight class="normal">*<sp/>text<sp/>=<sp/>sqlite3_column_text(stmt,<sp/>0);</highlight></codeline>
<codeline lineno="110"><highlight class="normal"><sp/><sp/><sp/><sp/><sp/><sp/><sp/><sp/><sp/><sp/><sp/><sp/></highlight><highlight class="keywordflow">if</highlight><highlight class="normal"><sp/>(text)<sp/>{</highlight></codeline>
<codeline lineno="111"><highlight class="normal"><sp/><sp/><sp/><sp/><sp/><sp/><sp/><sp/><sp/><sp/><sp/><sp/><sp/><sp/><sp/><sp/>info<sp/>=<sp/></highlight><highlight class="keyword">reinterpret_cast&lt;</highlight><highlight class="keyword">const<sp/></highlight><highlight class="keywordtype">char</highlight><highlight class="normal">*</highlight><highlight class="keyword">&gt;</highlight><highlight class="normal">(text);</highlight></codeline>
<codeline lineno="112"><highlight class="normal"><sp/><sp/><sp/><sp/><sp/><sp/><sp/><sp/><sp/><sp/><sp/><sp/>}</highlight></codeline>
<codeline lineno="113"><highlight class="normal"><sp/><sp/><sp/><sp/><sp/><sp/><sp/><sp/>}<sp/></highlight><highlight class="keywordflow">else</highlight><highlight class="normal"><sp/>{</highlight></codeline>
<codeline lineno="114"><highlight class="normal"><sp/><sp/><sp/><sp/><sp/><sp/><sp/><sp/><sp/><sp/><sp/><sp/>std::cerr<sp/>&lt;&lt;<sp/></highlight><highlight class="stringliteral">&quot;Error<sp/>al<sp/>ejecutar<sp/>la<sp/>consulta:<sp/>&quot;</highlight><highlight class="normal"><sp/>&lt;&lt;<sp/>sqlite3_errmsg(db)<sp/>&lt;&lt;<sp/>std::endl;</highlight></codeline>
<codeline lineno="115"><highlight class="normal"><sp/><sp/><sp/><sp/><sp/><sp/><sp/><sp/>}</highlight></codeline>
<codeline lineno="116"><highlight class="normal"><sp/><sp/><sp/><sp/><sp/><sp/><sp/><sp/>sqlite3_finalize(stmt);</highlight></codeline>
<codeline lineno="117"><highlight class="normal"><sp/><sp/><sp/><sp/>}<sp/></highlight><highlight class="keywordflow">else</highlight><highlight class="normal"><sp/>{</highlight></codeline>
<codeline lineno="118"><highlight class="normal"><sp/><sp/><sp/><sp/><sp/><sp/><sp/><sp/>std::cerr<sp/>&lt;&lt;<sp/></highlight><highlight class="stringliteral">&quot;Error<sp/>en<sp/>la<sp/>preparación<sp/>de<sp/>la<sp/>consulta<sp/>SQL:<sp/>&quot;</highlight><highlight class="normal"><sp/>&lt;&lt;<sp/>sqlite3_errmsg(db)<sp/>&lt;&lt;<sp/>std::endl;</highlight></codeline>
<codeline lineno="119"><highlight class="normal"><sp/><sp/><sp/><sp/>}</highlight></codeline>
<codeline lineno="120"><highlight class="normal"></highlight></codeline>
<codeline lineno="121"><highlight class="normal"><sp/><sp/><sp/><sp/></highlight><highlight class="keywordflow">return</highlight><highlight class="normal"><sp/>info;</highlight></codeline>
<codeline lineno="122"><highlight class="normal">}</highlight></codeline>
<codeline lineno="123"><highlight class="normal"></highlight></codeline>
<codeline lineno="124"><highlight class="normal"></highlight><highlight class="comment">//Tabla<sp/>de<sp/>CDPs</highlight><highlight class="normal"></highlight></codeline>
<codeline lineno="125"><highlight class="normal"></highlight></codeline>
<codeline lineno="126"><highlight class="normal">std::string<sp/><ref refid="class_cliente_1aa3230d5ee4ee3a8f764d34b50ed78d43" kindref="member">Cliente::getInfoCDPs</ref>(</highlight><highlight class="keyword">const</highlight><highlight class="normal"><sp/>std::string&amp;<sp/>dato,<sp/></highlight><highlight class="keywordtype">int</highlight><highlight class="normal"><sp/>idCDP)<sp/>{<sp/><sp/><sp/></highlight></codeline>
<codeline lineno="127"><highlight class="normal"><sp/><sp/><sp/><sp/>std::string<sp/>sql<sp/>=<sp/></highlight><highlight class="stringliteral">&quot;SELECT<sp/>&quot;</highlight><highlight class="normal"><sp/>+<sp/>dato<sp/>+<sp/></highlight><highlight class="stringliteral">&quot;<sp/>FROM<sp/>tablaCDP<sp/>WHERE<sp/>IdCDP<sp/>=<sp/>&quot;</highlight><highlight class="normal"><sp/>+<sp/>std::to_string(idCDP)<sp/>+<sp/></highlight><highlight class="stringliteral">&quot;;&quot;</highlight><highlight class="normal">;</highlight></codeline>
<codeline lineno="128"><highlight class="normal"><sp/><sp/><sp/><sp/>sqlite3_stmt<sp/>*stmt;</highlight></codeline>
<codeline lineno="129"><highlight class="normal"><sp/><sp/><sp/><sp/>std::string<sp/>info<sp/>=<sp/></highlight><highlight class="stringliteral">&quot;-1&quot;</highlight><highlight class="normal">;</highlight></codeline>
<codeline lineno="130"><highlight class="normal"></highlight></codeline>
<codeline lineno="131"><highlight class="normal"><sp/><sp/><sp/><sp/></highlight><highlight class="keywordflow">if</highlight><highlight class="normal"><sp/>(sqlite3_prepare_v2(db,<sp/>sql.c_str(),<sp/>-1,<sp/>&amp;stmt,<sp/></highlight><highlight class="keyword">nullptr</highlight><highlight class="normal">)<sp/>==<sp/>SQLITE_OK)<sp/>{</highlight></codeline>
<codeline lineno="132"><highlight class="normal"><sp/><sp/><sp/><sp/><sp/><sp/><sp/><sp/></highlight><highlight class="keywordflow">if</highlight><highlight class="normal"><sp/>(sqlite3_step(stmt)<sp/>==<sp/>SQLITE_ROW)<sp/>{</highlight></codeline>
<codeline lineno="133"><highlight class="normal"><sp/><sp/><sp/><sp/><sp/><sp/><sp/><sp/><sp/><sp/><sp/><sp/></highlight><highlight class="keyword">const</highlight><highlight class="normal"><sp/></highlight><highlight class="keywordtype">unsigned</highlight><highlight class="normal"><sp/></highlight><highlight class="keywordtype">char</highlight><highlight class="normal">*<sp/>text<sp/>=<sp/>sqlite3_column_text(stmt,<sp/>0);</highlight></codeline>
<codeline lineno="134"><highlight class="normal"><sp/><sp/><sp/><sp/><sp/><sp/><sp/><sp/><sp/><sp/><sp/><sp/></highlight><highlight class="keywordflow">if</highlight><highlight class="normal"><sp/>(text)<sp/>{</highlight></codeline>
<codeline lineno="135"><highlight class="normal"><sp/><sp/><sp/><sp/><sp/><sp/><sp/><sp/><sp/><sp/><sp/><sp/><sp/><sp/><sp/><sp/>info<sp/>=<sp/></highlight><highlight class="keyword">reinterpret_cast&lt;</highlight><highlight class="keyword">const<sp/></highlight><highlight class="keywordtype">char</highlight><highlight class="normal">*</highlight><highlight class="keyword">&gt;</highlight><highlight class="normal">(text);</highlight></codeline>
<codeline lineno="136"><highlight class="normal"><sp/><sp/><sp/><sp/><sp/><sp/><sp/><sp/><sp/><sp/><sp/><sp/>}</highlight></codeline>
<codeline lineno="137"><highlight class="normal"><sp/><sp/><sp/><sp/><sp/><sp/><sp/><sp/>}<sp/></highlight><highlight class="keywordflow">else</highlight><highlight class="normal"><sp/>{</highlight></codeline>
<codeline lineno="138"><highlight class="normal"><sp/><sp/><sp/><sp/><sp/><sp/><sp/><sp/><sp/><sp/><sp/><sp/>std::cerr<sp/>&lt;&lt;<sp/></highlight><highlight class="stringliteral">&quot;Error<sp/>al<sp/>ejecutar<sp/>la<sp/>consulta:<sp/>&quot;</highlight><highlight class="normal"><sp/>&lt;&lt;<sp/>sqlite3_errmsg(db)<sp/>&lt;&lt;<sp/>std::endl;</highlight></codeline>
<codeline lineno="139"><highlight class="normal"><sp/><sp/><sp/><sp/><sp/><sp/><sp/><sp/>}</highlight></codeline>
<codeline lineno="140"><highlight class="normal"><sp/><sp/><sp/><sp/><sp/><sp/><sp/><sp/>sqlite3_finalize(stmt);</highlight></codeline>
<codeline lineno="141"><highlight class="normal"><sp/><sp/><sp/><sp/>}<sp/></highlight><highlight class="keywordflow">else</highlight><highlight class="normal"><sp/>{</highlight></codeline>
<codeline lineno="142"><highlight class="normal"><sp/><sp/><sp/><sp/><sp/><sp/><sp/><sp/>std::cerr<sp/>&lt;&lt;<sp/></highlight><highlight class="stringliteral">&quot;Error<sp/>en<sp/>la<sp/>preparación<sp/>de<sp/>la<sp/>consulta<sp/>SQL:<sp/>&quot;</highlight><highlight class="normal"><sp/>&lt;&lt;<sp/>sqlite3_errmsg(db)<sp/>&lt;&lt;<sp/>std::endl;</highlight></codeline>
<codeline lineno="143"><highlight class="normal"><sp/><sp/><sp/><sp/>}</highlight></codeline>
<codeline lineno="144"><highlight class="normal"></highlight></codeline>
<codeline lineno="145"><highlight class="normal"><sp/><sp/><sp/><sp/></highlight><highlight class="keywordflow">return</highlight><highlight class="normal"><sp/>info;</highlight></codeline>
<codeline lineno="146"><highlight class="normal">}</highlight></codeline>
<codeline lineno="147"><highlight class="normal"></highlight></codeline>
<codeline lineno="148"><highlight class="normal"></highlight><highlight class="keywordtype">void</highlight><highlight class="normal"><sp/><ref refid="class_cliente_1abeb250b804bbcb111b4e6d9dbeb2a496" kindref="member">Cliente::setInfoCDPs</ref>(</highlight><highlight class="keyword">const</highlight><highlight class="normal"><sp/>std::string&amp;<sp/>dato,<sp/></highlight><highlight class="keyword">const</highlight><highlight class="normal"><sp/>std::string&amp;<sp/>datoActualizado,<sp/></highlight><highlight class="keywordtype">int</highlight><highlight class="normal"><sp/>idCDP)<sp/>{</highlight></codeline>
<codeline lineno="149"><highlight class="normal"><sp/><sp/><sp/><sp/>std::string<sp/>sql<sp/>=<sp/></highlight><highlight class="stringliteral">&quot;UPDATE<sp/>tablaCDP<sp/>SET<sp/>&quot;</highlight><highlight class="normal"><sp/>+<sp/>dato<sp/>+<sp/></highlight><highlight class="stringliteral">&quot;<sp/>=<sp/>&apos;&quot;</highlight><highlight class="normal"><sp/>+<sp/>datoActualizado<sp/>+<sp/></highlight><highlight class="stringliteral">&quot;&apos;<sp/>WHERE<sp/>IdCDP<sp/>=<sp/>&quot;</highlight><highlight class="normal"><sp/>+<sp/>std::to_string(idCDP)<sp/>+<sp/></highlight><highlight class="stringliteral">&quot;;&quot;</highlight><highlight class="normal">;</highlight></codeline>
<codeline lineno="150"><highlight class="normal"><sp/><sp/><sp/><sp/></highlight><highlight class="keywordtype">char</highlight><highlight class="normal"><sp/>*errMsg<sp/>=<sp/></highlight><highlight class="keyword">nullptr</highlight><highlight class="normal">;</highlight></codeline>
<codeline lineno="151"><highlight class="normal"></highlight></codeline>
<codeline lineno="152"><highlight class="normal"><sp/><sp/><sp/><sp/></highlight><highlight class="keywordtype">int</highlight><highlight class="normal"><sp/>rc<sp/>=<sp/>sqlite3_exec(db,<sp/>sql.c_str(),<sp/></highlight><highlight class="keyword">nullptr</highlight><highlight class="normal">,<sp/></highlight><highlight class="keyword">nullptr</highlight><highlight class="normal">,<sp/>&amp;errMsg);</highlight></codeline>
<codeline lineno="153"><highlight class="normal"><sp/><sp/><sp/><sp/></highlight><highlight class="keywordflow">if</highlight><highlight class="normal"><sp/>(rc<sp/>!=<sp/>SQLITE_OK)<sp/>{</highlight></codeline>
<codeline lineno="154"><highlight class="normal"><sp/><sp/><sp/><sp/><sp/><sp/><sp/><sp/>std::cerr<sp/>&lt;&lt;<sp/></highlight><highlight class="stringliteral">&quot;Error<sp/>al<sp/>actualizar<sp/>el<sp/>dato:<sp/>&quot;</highlight><highlight class="normal"><sp/>&lt;&lt;<sp/>errMsg<sp/>&lt;&lt;<sp/>std::endl;</highlight></codeline>
<codeline lineno="155"><highlight class="normal"><sp/><sp/><sp/><sp/><sp/><sp/><sp/><sp/>sqlite3_free(errMsg);</highlight></codeline>
<codeline lineno="156"><highlight class="normal"><sp/><sp/><sp/><sp/><sp/><sp/><sp/><sp/></highlight><highlight class="keywordflow">return</highlight><highlight class="normal">;</highlight></codeline>
<codeline lineno="157"><highlight class="normal"><sp/><sp/><sp/><sp/>}</highlight></codeline>
<codeline lineno="158"><highlight class="normal">}</highlight></codeline>
    </programlisting>
    <location file="clientes2.cpp"/>
  </compounddef>
</doxygen>
