<?xml version='1.0' encoding='UTF-8' standalone='no'?>
<doxygen xmlns:xsi="http://www.w3.org/2001/XMLSchema-instance" xsi:noNamespaceSchemaLocation="compound.xsd" version="1.10.0" xml:lang="en-US">
  <compounddef id="clientes2_8hpp" kind="file" language="C++">
    <compoundname>clientes2.hpp</compoundname>
    <includes local="no">iostream</includes>
    <includes local="no">sqlite3.h</includes>
    <includes local="no">string</includes>
    <includedby refid="_operaciones_8hpp" local="yes">Operaciones.hpp</includedby>
    <includedby refid="clientes2_8cpp" local="yes">clientes2.cpp</includedby>
    <includedby refid="main2_8cpp" local="yes">main2.cpp</includedby>
    <incdepgraph>
      <node id="1">
        <label>clientes2.hpp</label>
        <link refid="clientes2_8hpp"/>
        <childnode refid="2" relation="include">
        </childnode>
        <childnode refid="3" relation="include">
        </childnode>
        <childnode refid="4" relation="include">
        </childnode>
      </node>
      <node id="2">
        <label>iostream</label>
      </node>
      <node id="3">
        <label>sqlite3.h</label>
      </node>
      <node id="4">
        <label>string</label>
      </node>
    </incdepgraph>
    <invincdepgraph>
      <node id="3">
        <label>Operaciones.cpp</label>
        <link refid="_operaciones_8cpp"/>
      </node>
      <node id="2">
        <label>Operaciones.hpp</label>
        <link refid="_operaciones_8hpp"/>
        <childnode refid="3" relation="include">
        </childnode>
        <childnode refid="4" relation="include">
        </childnode>
      </node>
      <node id="5">
        <label>clientes2.cpp</label>
        <link refid="clientes2_8cpp"/>
      </node>
      <node id="1">
        <label>clientes2.hpp</label>
        <link refid="clientes2_8hpp"/>
        <childnode refid="2" relation="include">
        </childnode>
        <childnode refid="5" relation="include">
        </childnode>
        <childnode refid="4" relation="include">
        </childnode>
      </node>
      <node id="4">
        <label>main2.cpp</label>
        <link refid="main2_8cpp"/>
      </node>
    </invincdepgraph>
    <innerclass refid="class_cliente" prot="public">Cliente</innerclass>
    <briefdescription>
    </briefdescription>
    <detaileddescription>
    </detaileddescription>
    <programlisting>
<codeline lineno="1"><highlight class="preprocessor">#ifndef<sp/>CLIENTES2_HPP</highlight><highlight class="normal"></highlight></codeline>
<codeline lineno="2"><highlight class="normal"></highlight><highlight class="preprocessor">#define<sp/>CLIENTES2_HPP</highlight><highlight class="normal"></highlight></codeline>
<codeline lineno="3"><highlight class="normal"></highlight></codeline>
<codeline lineno="4"><highlight class="normal"></highlight><highlight class="preprocessor">#include<sp/>&lt;iostream&gt;</highlight><highlight class="normal"></highlight></codeline>
<codeline lineno="5"><highlight class="normal"></highlight><highlight class="preprocessor">#include<sp/>&lt;sqlite3.h&gt;</highlight><highlight class="normal"></highlight></codeline>
<codeline lineno="6"><highlight class="normal"></highlight><highlight class="preprocessor">#include<sp/>&lt;string&gt;</highlight><highlight class="normal"></highlight></codeline>
<codeline lineno="7"><highlight class="normal"></highlight></codeline>
<codeline lineno="11" refid="class_cliente" refkind="compound"><highlight class="normal"></highlight><highlight class="keyword">class<sp/></highlight><highlight class="normal"><ref refid="class_cliente" kindref="compound">Cliente</ref><sp/>{</highlight></codeline>
<codeline lineno="12"><highlight class="normal"></highlight><highlight class="keyword">private</highlight><highlight class="normal">:</highlight></codeline>
<codeline lineno="13"><highlight class="normal"><sp/><sp/><sp/><sp/>sqlite3*<sp/>db;<sp/></highlight></codeline>
<codeline lineno="14"><highlight class="normal"><sp/><sp/><sp/><sp/></highlight><highlight class="keywordtype">int</highlight><highlight class="normal"><sp/>idCliente;<sp/></highlight></codeline>
<codeline lineno="15"><highlight class="normal"></highlight></codeline>
<codeline lineno="16"><highlight class="normal"></highlight><highlight class="keyword">public</highlight><highlight class="normal">:</highlight></codeline>
<codeline lineno="21"><highlight class="normal"><sp/><sp/><sp/><sp/></highlight><highlight class="keywordtype">int</highlight><highlight class="normal"><sp/><ref refid="class_cliente_1af88f23508f54dbf59e1602e57d325e45" kindref="member">getIdCliente</ref>()<sp/></highlight><highlight class="keyword">const</highlight><highlight class="normal">;</highlight></codeline>
<codeline lineno="22"><highlight class="normal"></highlight></codeline>
<codeline lineno="28"><highlight class="normal"><sp/><sp/><sp/><sp/><ref refid="class_cliente_1acc3eb79c782a47c192326df7160d45e9" kindref="member">Cliente</ref>(sqlite3*<sp/>db,<sp/></highlight><highlight class="keywordtype">int</highlight><highlight class="normal"><sp/>idCliente);</highlight></codeline>
<codeline lineno="29"><highlight class="normal"></highlight></codeline>
<codeline lineno="37"><highlight class="normal"><sp/><sp/><sp/><sp/>std::string<sp/><ref refid="class_cliente_1a85f2204e9392277634be0b52ade6994e" kindref="member">getInfoClientes</ref>(</highlight><highlight class="keyword">const</highlight><highlight class="normal"><sp/>std::string&amp;<sp/>tabla,<sp/></highlight><highlight class="keyword">const</highlight><highlight class="normal"><sp/>std::string&amp;<sp/>dato,<sp/></highlight><highlight class="keywordtype">int</highlight><highlight class="normal"><sp/>idCliente);</highlight></codeline>
<codeline lineno="38"><highlight class="normal"></highlight></codeline>
<codeline lineno="46"><highlight class="normal"><sp/><sp/><sp/><sp/></highlight><highlight class="keywordtype">void</highlight><highlight class="normal"><sp/><ref refid="class_cliente_1a231e4e0ccd92be818da6ef665ef2ec53" kindref="member">setInfoClientes</ref>(</highlight><highlight class="keyword">const</highlight><highlight class="normal"><sp/>std::string&amp;<sp/>tabla,<sp/></highlight><highlight class="keyword">const</highlight><highlight class="normal"><sp/>std::string&amp;<sp/>dato,<sp/></highlight><highlight class="keyword">const</highlight><highlight class="normal"><sp/>std::string&amp;<sp/>datoActualizado,<sp/></highlight><highlight class="keywordtype">int</highlight><highlight class="normal"><sp/>idCliente);</highlight></codeline>
<codeline lineno="47"><highlight class="normal"></highlight></codeline>
<codeline lineno="55"><highlight class="normal"><sp/><sp/><sp/><sp/>std::string<sp/><ref refid="class_cliente_1a19548bfe36cb49e900007c9fc1b00e4b" kindref="member">getInfoInteres</ref>(</highlight><highlight class="keyword">const</highlight><highlight class="normal"><sp/>std::string&amp;<sp/>tabla,<sp/></highlight><highlight class="keyword">const</highlight><highlight class="normal"><sp/>std::string&amp;<sp/>dato,<sp/></highlight><highlight class="keywordtype">int</highlight><highlight class="normal"><sp/></highlight><highlight class="keywordtype">id</highlight><highlight class="normal">);</highlight></codeline>
<codeline lineno="56"><highlight class="normal"></highlight></codeline>
<codeline lineno="63"><highlight class="normal"><sp/><sp/><sp/><sp/>std::string<sp/><ref refid="class_cliente_1a3e8ad9629463523fef40c330517dcca9" kindref="member">getInfoPrestamos</ref>(</highlight><highlight class="keyword">const</highlight><highlight class="normal"><sp/>std::string&amp;<sp/>dato,<sp/></highlight><highlight class="keywordtype">int</highlight><highlight class="normal"><sp/>idPrestamos);</highlight></codeline>
<codeline lineno="64"><highlight class="normal"></highlight></codeline>
<codeline lineno="71"><highlight class="normal"><sp/><sp/><sp/><sp/></highlight><highlight class="keywordtype">void</highlight><highlight class="normal"><sp/><ref refid="class_cliente_1a75460a55c7b2ab7d97f4d84694899698" kindref="member">setInfoPrestamos</ref>(</highlight><highlight class="keyword">const</highlight><highlight class="normal"><sp/>std::string&amp;<sp/>dato,<sp/></highlight><highlight class="keyword">const</highlight><highlight class="normal"><sp/>std::string&amp;<sp/>datoActualizado,<sp/></highlight><highlight class="keywordtype">int</highlight><highlight class="normal"><sp/>idPrestamo);</highlight></codeline>
<codeline lineno="72"><highlight class="normal"></highlight></codeline>
<codeline lineno="79"><highlight class="normal"><sp/><sp/><sp/><sp/>std::string<sp/><ref refid="class_cliente_1a09f1208e373439b7c008ecaeee494453" kindref="member">getInfoTasasCDP</ref>(</highlight><highlight class="keyword">const</highlight><highlight class="normal"><sp/>std::string&amp;<sp/>dato,<sp/></highlight><highlight class="keywordtype">int</highlight><highlight class="normal"><sp/>idCDP);</highlight></codeline>
<codeline lineno="80"><highlight class="normal"></highlight></codeline>
<codeline lineno="87"><highlight class="normal"><sp/><sp/><sp/><sp/>std::string<sp/><ref refid="class_cliente_1aa3230d5ee4ee3a8f764d34b50ed78d43" kindref="member">getInfoCDPs</ref>(</highlight><highlight class="keyword">const</highlight><highlight class="normal"><sp/>std::string&amp;<sp/>dato,<sp/></highlight><highlight class="keywordtype">int</highlight><highlight class="normal"><sp/>idCDP);</highlight></codeline>
<codeline lineno="88"><highlight class="normal"></highlight></codeline>
<codeline lineno="95"><highlight class="normal"><sp/><sp/><sp/><sp/></highlight><highlight class="keywordtype">void</highlight><highlight class="normal"><sp/><ref refid="class_cliente_1abeb250b804bbcb111b4e6d9dbeb2a496" kindref="member">setInfoCDPs</ref>(</highlight><highlight class="keyword">const</highlight><highlight class="normal"><sp/>std::string&amp;<sp/>dato,<sp/></highlight><highlight class="keyword">const</highlight><highlight class="normal"><sp/>std::string&amp;<sp/>datoActualizado,<sp/></highlight><highlight class="keywordtype">int</highlight><highlight class="normal"><sp/>idCDP);</highlight></codeline>
<codeline lineno="96"><highlight class="normal">};</highlight></codeline>
<codeline lineno="97"><highlight class="normal"></highlight></codeline>
<codeline lineno="98"><highlight class="normal"></highlight><highlight class="preprocessor">#endif<sp/></highlight><highlight class="comment">//<sp/>CLIENTES2_HPP</highlight><highlight class="normal"></highlight></codeline>
<codeline lineno="99"><highlight class="normal"></highlight></codeline>
    </programlisting>
    <location file="clientes2.hpp"/>
  </compounddef>
</doxygen>
