<?xml version='1.0' encoding='UTF-8' standalone='no'?>
<doxygen xmlns:xsi="http://www.w3.org/2001/XMLSchema-instance" xsi:noNamespaceSchemaLocation="compound.xsd" version="1.10.0" xml:lang="en-US">
  <compounddef id="edc_8hpp" kind="file" language="C++">
    <compoundname>edc.hpp</compoundname>
    <includes local="no">iostream</includes>
    <includes local="no">vector</includes>
    <includes local="no">sqlite3.h</includes>
    <includes local="no">iomanip</includes>
    <includes local="no">sstream</includes>
    <includes local="no">cmath</includes>
    <includedby refid="main2_8cpp" local="yes">main2.cpp</includedby>
    <incdepgraph>
      <node id="1">
        <label>edc.hpp</label>
        <link refid="edc_8hpp"/>
        <childnode refid="2" relation="include">
        </childnode>
        <childnode refid="3" relation="include">
        </childnode>
        <childnode refid="4" relation="include">
        </childnode>
        <childnode refid="5" relation="include">
        </childnode>
        <childnode refid="6" relation="include">
        </childnode>
        <childnode refid="7" relation="include">
        </childnode>
      </node>
      <node id="7">
        <label>cmath</label>
      </node>
      <node id="5">
        <label>iomanip</label>
      </node>
      <node id="2">
        <label>iostream</label>
      </node>
      <node id="4">
        <label>sqlite3.h</label>
      </node>
      <node id="6">
        <label>sstream</label>
      </node>
      <node id="3">
        <label>vector</label>
      </node>
    </incdepgraph>
    <invincdepgraph>
      <node id="1">
        <label>edc.hpp</label>
        <link refid="edc_8hpp"/>
        <childnode refid="2" relation="include">
        </childnode>
      </node>
      <node id="2">
        <label>main2.cpp</label>
        <link refid="main2_8cpp"/>
      </node>
    </invincdepgraph>
    <sectiondef kind="func">
      <memberdef kind="function" id="edc_8hpp_1ab3e4f1b6cb2a887db96e434258cb4c29" prot="public" static="no" const="no" explicit="no" inline="no" virt="non-virtual">
        <type>void</type>
        <definition>void regresarDatosTransaccion</definition>
        <argsstring>(sqlite3 *db, int IdCliente, const std::string &amp;fechaInicio, const std::string &amp;fechaFin)</argsstring>
        <name>regresarDatosTransaccion</name>
        <param>
          <type>sqlite3 *</type>
          <declname>db</declname>
        </param>
        <param>
          <type>int</type>
          <declname>IdCliente</declname>
        </param>
        <param>
          <type>const std::string &amp;</type>
          <declname>fechaInicio</declname>
        </param>
        <param>
          <type>const std::string &amp;</type>
          <declname>fechaFin</declname>
        </param>
        <briefdescription>
<para>Función para recibir datos de la transacción de un cliente específico en un rango de fechas. </para>
        </briefdescription>
        <detaileddescription>
<para><parameterlist kind="param"><parameteritem>
<parameternamelist>
<parametername>db</parametername>
</parameternamelist>
<parameterdescription>
<para>Puntero a la base de datos SQLite. </para>
</parameterdescription>
</parameteritem>
<parameteritem>
<parameternamelist>
<parametername>IdCliente</parametername>
</parameternamelist>
<parameterdescription>
<para>ID del cliente cuya transacción se desea recuperar. </para>
</parameterdescription>
</parameteritem>
<parameteritem>
<parameternamelist>
<parametername>fechaInicio</parametername>
</parameternamelist>
<parameterdescription>
<para>Fecha de inicio del rango en formato &quot;YYYY-MM-DD&quot;. </para>
</parameterdescription>
</parameteritem>
<parameteritem>
<parameternamelist>
<parametername>fechaFin</parametername>
</parameternamelist>
<parameterdescription>
<para>Fecha de fin del rango en formato &quot;YYYY-MM-DD&quot;. </para>
</parameterdescription>
</parameteritem>
</parameterlist>
</para>
        </detaileddescription>
        <inbodydescription>
        </inbodydescription>
        <location file="edc.hpp" line="24" column="6" bodyfile="edc.hpp" bodystart="24" bodyend="72"/>
      </memberdef>
    </sectiondef>
    <briefdescription>
<para>Archivo que contiene la función para recuperar datos de transacciones de una base de datos SQLite. </para>
    </briefdescription>
    <detaileddescription>
    </detaileddescription>
    <programlisting>
<codeline lineno="1"></codeline>
<codeline lineno="6"><highlight class="normal"></highlight><highlight class="preprocessor">#ifndef<sp/>EDC_HPP</highlight><highlight class="normal"></highlight></codeline>
<codeline lineno="7"><highlight class="normal"></highlight><highlight class="preprocessor">#define<sp/>EDC_HPP</highlight><highlight class="normal"></highlight></codeline>
<codeline lineno="8"><highlight class="normal"></highlight></codeline>
<codeline lineno="9"><highlight class="normal"></highlight><highlight class="preprocessor">#include<sp/>&lt;iostream&gt;</highlight><highlight class="normal"></highlight></codeline>
<codeline lineno="10"><highlight class="normal"></highlight><highlight class="preprocessor">#include<sp/>&lt;vector&gt;</highlight><highlight class="normal"></highlight></codeline>
<codeline lineno="11"><highlight class="normal"></highlight><highlight class="preprocessor">#include<sp/>&lt;sqlite3.h&gt;</highlight><highlight class="normal"></highlight></codeline>
<codeline lineno="12"><highlight class="normal"></highlight><highlight class="preprocessor">#include<sp/>&lt;iomanip&gt;</highlight><highlight class="normal"></highlight></codeline>
<codeline lineno="13"><highlight class="normal"></highlight><highlight class="preprocessor">#include<sp/>&lt;sstream&gt;</highlight><highlight class="normal"></highlight></codeline>
<codeline lineno="14"><highlight class="normal"></highlight><highlight class="preprocessor">#include<sp/>&lt;cmath&gt;</highlight><highlight class="normal"></highlight></codeline>
<codeline lineno="15"><highlight class="normal"></highlight></codeline>
<codeline lineno="24" refid="edc_8hpp_1ab3e4f1b6cb2a887db96e434258cb4c29" refkind="member"><highlight class="normal"></highlight><highlight class="keywordtype">void</highlight><highlight class="normal"><sp/><ref refid="edc_8hpp_1ab3e4f1b6cb2a887db96e434258cb4c29" kindref="member">regresarDatosTransaccion</ref>(sqlite3*<sp/>db,<sp/></highlight><highlight class="keywordtype">int</highlight><highlight class="normal"><sp/>IdCliente,<sp/></highlight><highlight class="keyword">const</highlight><highlight class="normal"><sp/>std::string&amp;<sp/>fechaInicio,<sp/></highlight><highlight class="keyword">const</highlight><highlight class="normal"><sp/>std::string&amp;<sp/>fechaFin)<sp/>{</highlight></codeline>
<codeline lineno="25"><highlight class="normal"><sp/><sp/><sp/><sp/></highlight><highlight class="keyword">const</highlight><highlight class="normal"><sp/></highlight><highlight class="keywordtype">char</highlight><highlight class="normal">*<sp/>sql<sp/>=<sp/></highlight><highlight class="stringliteral">&quot;SELECT<sp/>FechaTransaccion,<sp/>Detalle,<sp/>Credito,<sp/>Debito,<sp/>SaldoBalance<sp/>FROM<sp/>tablaTransacciones<sp/>WHERE<sp/>IdCliente<sp/>=<sp/>?<sp/>AND<sp/>FechaTransaccion<sp/>BETWEEN<sp/>?<sp/>AND<sp/>?&quot;</highlight><highlight class="normal">;</highlight></codeline>
<codeline lineno="26"><highlight class="normal"><sp/><sp/><sp/><sp/>sqlite3_stmt*<sp/>stmt;</highlight></codeline>
<codeline lineno="27"><highlight class="normal"></highlight></codeline>
<codeline lineno="28"><highlight class="normal"><sp/><sp/><sp/><sp/></highlight><highlight class="keywordtype">int</highlight><highlight class="normal"><sp/>rc<sp/>=<sp/>sqlite3_prepare_v2(db,<sp/>sql,<sp/>-1,<sp/>&amp;stmt,<sp/></highlight><highlight class="keyword">nullptr</highlight><highlight class="normal">);</highlight></codeline>
<codeline lineno="29"><highlight class="normal"><sp/><sp/><sp/><sp/></highlight><highlight class="keywordflow">if</highlight><highlight class="normal"><sp/>(rc<sp/>!=<sp/>SQLITE_OK)<sp/>{</highlight></codeline>
<codeline lineno="30"><highlight class="normal"><sp/><sp/><sp/><sp/><sp/><sp/><sp/><sp/>std::cerr<sp/>&lt;&lt;<sp/></highlight><highlight class="stringliteral">&quot;Error<sp/>preparando<sp/>declaración<sp/>SQL:<sp/>&quot;</highlight><highlight class="normal"><sp/>&lt;&lt;<sp/>sqlite3_errmsg(db)<sp/>&lt;&lt;<sp/>std::endl;</highlight></codeline>
<codeline lineno="31"><highlight class="normal"><sp/><sp/><sp/><sp/><sp/><sp/><sp/><sp/></highlight><highlight class="keywordflow">return</highlight><highlight class="normal">;</highlight></codeline>
<codeline lineno="32"><highlight class="normal"><sp/><sp/><sp/><sp/>}</highlight></codeline>
<codeline lineno="33"><highlight class="normal"></highlight></codeline>
<codeline lineno="34"><highlight class="normal"><sp/><sp/><sp/><sp/></highlight><highlight class="comment">//<sp/>Conecta<sp/>IdCliente<sp/>y<sp/>fechas<sp/>a<sp/>parámetros</highlight><highlight class="normal"></highlight></codeline>
<codeline lineno="35"><highlight class="normal"><sp/><sp/><sp/><sp/>sqlite3_bind_int(stmt,<sp/>1,<sp/>IdCliente);</highlight></codeline>
<codeline lineno="36"><highlight class="normal"><sp/><sp/><sp/><sp/>sqlite3_bind_text(stmt,<sp/>2,<sp/>fechaInicio.c_str(),<sp/>-1,<sp/>SQLITE_STATIC);</highlight></codeline>
<codeline lineno="37"><highlight class="normal"><sp/><sp/><sp/><sp/>sqlite3_bind_text(stmt,<sp/>3,<sp/>fechaFin.c_str(),<sp/>-1,<sp/>SQLITE_STATIC);</highlight></codeline>
<codeline lineno="38"><highlight class="normal"></highlight></codeline>
<codeline lineno="39"><highlight class="normal"><sp/><sp/><sp/><sp/></highlight><highlight class="comment">//<sp/>Imprime<sp/>la<sp/>información<sp/>en<sp/>tabla</highlight><highlight class="normal"></highlight></codeline>
<codeline lineno="40"><highlight class="normal"><sp/><sp/><sp/><sp/>std::cout<sp/>&lt;&lt;<sp/>std::setw(20)<sp/>&lt;&lt;<sp/>std::setfill(</highlight><highlight class="charliteral">&apos;<sp/>&apos;</highlight><highlight class="normal">)<sp/>&lt;&lt;<sp/></highlight><highlight class="stringliteral">&quot;Fecha<sp/>Transaccion&quot;</highlight><highlight class="normal"><sp/>&lt;&lt;<sp/></highlight><highlight class="stringliteral">&quot;<sp/>|<sp/>&quot;</highlight><highlight class="normal"></highlight></codeline>
<codeline lineno="41"><highlight class="normal"><sp/><sp/><sp/><sp/><sp/><sp/><sp/><sp/><sp/><sp/><sp/><sp/><sp/><sp/>&lt;&lt;<sp/>std::setw(30)<sp/>&lt;&lt;<sp/></highlight><highlight class="stringliteral">&quot;Detalle&quot;</highlight><highlight class="normal"><sp/>&lt;&lt;<sp/></highlight><highlight class="stringliteral">&quot;<sp/>|<sp/>&quot;</highlight><highlight class="normal"></highlight></codeline>
<codeline lineno="42"><highlight class="normal"><sp/><sp/><sp/><sp/><sp/><sp/><sp/><sp/><sp/><sp/><sp/><sp/><sp/><sp/>&lt;&lt;<sp/>std::setw(14)<sp/>&lt;&lt;<sp/></highlight><highlight class="stringliteral">&quot;Credito&quot;</highlight><highlight class="normal"><sp/>&lt;&lt;<sp/></highlight><highlight class="stringliteral">&quot;<sp/>|<sp/>&quot;</highlight><highlight class="normal"></highlight></codeline>
<codeline lineno="43"><highlight class="normal"><sp/><sp/><sp/><sp/><sp/><sp/><sp/><sp/><sp/><sp/><sp/><sp/><sp/><sp/>&lt;&lt;<sp/>std::setw(14)<sp/>&lt;&lt;<sp/></highlight><highlight class="stringliteral">&quot;Debito&quot;</highlight><highlight class="normal"><sp/>&lt;&lt;<sp/></highlight><highlight class="stringliteral">&quot;<sp/>|<sp/>&quot;</highlight><highlight class="normal"></highlight></codeline>
<codeline lineno="44"><highlight class="normal"><sp/><sp/><sp/><sp/><sp/><sp/><sp/><sp/><sp/><sp/><sp/><sp/><sp/><sp/>&lt;&lt;<sp/>std::setw(15)<sp/>&lt;&lt;<sp/></highlight><highlight class="stringliteral">&quot;Saldo<sp/>Balance&quot;</highlight><highlight class="normal"><sp/>&lt;&lt;<sp/>std::endl;</highlight></codeline>
<codeline lineno="45"><highlight class="normal"><sp/><sp/><sp/><sp/>std::cout<sp/>&lt;&lt;<sp/>std::string(20,<sp/></highlight><highlight class="charliteral">&apos;-&apos;</highlight><highlight class="normal">)<sp/>&lt;&lt;<sp/></highlight><highlight class="stringliteral">&quot;<sp/>|<sp/>&quot;</highlight><highlight class="normal"></highlight></codeline>
<codeline lineno="46"><highlight class="normal"><sp/><sp/><sp/><sp/><sp/><sp/><sp/><sp/><sp/><sp/><sp/><sp/><sp/><sp/>&lt;&lt;<sp/>std::string(30,<sp/></highlight><highlight class="charliteral">&apos;-&apos;</highlight><highlight class="normal">)<sp/>&lt;&lt;<sp/></highlight><highlight class="stringliteral">&quot;<sp/>|<sp/>&quot;</highlight><highlight class="normal"></highlight></codeline>
<codeline lineno="47"><highlight class="normal"><sp/><sp/><sp/><sp/><sp/><sp/><sp/><sp/><sp/><sp/><sp/><sp/><sp/><sp/>&lt;&lt;<sp/>std::string(14,<sp/></highlight><highlight class="charliteral">&apos;-&apos;</highlight><highlight class="normal">)<sp/>&lt;&lt;<sp/></highlight><highlight class="stringliteral">&quot;<sp/>|<sp/>&quot;</highlight><highlight class="normal"></highlight></codeline>
<codeline lineno="48"><highlight class="normal"><sp/><sp/><sp/><sp/><sp/><sp/><sp/><sp/><sp/><sp/><sp/><sp/><sp/><sp/>&lt;&lt;<sp/>std::string(14,<sp/></highlight><highlight class="charliteral">&apos;-&apos;</highlight><highlight class="normal">)<sp/>&lt;&lt;<sp/></highlight><highlight class="stringliteral">&quot;<sp/>|<sp/>&quot;</highlight><highlight class="normal"></highlight></codeline>
<codeline lineno="49"><highlight class="normal"><sp/><sp/><sp/><sp/><sp/><sp/><sp/><sp/><sp/><sp/><sp/><sp/><sp/><sp/>&lt;&lt;<sp/>std::string(15,<sp/></highlight><highlight class="charliteral">&apos;-&apos;</highlight><highlight class="normal">)<sp/>&lt;&lt;<sp/>std::endl;</highlight></codeline>
<codeline lineno="50"><highlight class="normal"></highlight></codeline>
<codeline lineno="51"><highlight class="normal"><sp/><sp/><sp/><sp/></highlight><highlight class="keywordtype">bool</highlight><highlight class="normal"><sp/>foundData<sp/>=<sp/></highlight><highlight class="keyword">false</highlight><highlight class="normal">;</highlight></codeline>
<codeline lineno="52"><highlight class="normal"></highlight></codeline>
<codeline lineno="53"><highlight class="normal"><sp/><sp/><sp/><sp/></highlight><highlight class="keywordflow">while</highlight><highlight class="normal"><sp/>((rc<sp/>=<sp/>sqlite3_step(stmt))<sp/>==<sp/>SQLITE_ROW)<sp/>{</highlight></codeline>
<codeline lineno="54"><highlight class="normal"><sp/><sp/><sp/><sp/><sp/><sp/><sp/><sp/>foundData<sp/>=<sp/></highlight><highlight class="keyword">true</highlight><highlight class="normal">;</highlight></codeline>
<codeline lineno="55"><highlight class="normal"><sp/><sp/><sp/><sp/><sp/><sp/><sp/><sp/>std::cout<sp/>&lt;&lt;<sp/>std::setw(20)<sp/>&lt;&lt;<sp/>sqlite3_column_text(stmt,<sp/>0)<sp/>&lt;&lt;<sp/></highlight><highlight class="stringliteral">&quot;<sp/>|<sp/>&quot;</highlight><highlight class="normal"></highlight></codeline>
<codeline lineno="56"><highlight class="normal"><sp/><sp/><sp/><sp/><sp/><sp/><sp/><sp/><sp/><sp/><sp/><sp/><sp/><sp/><sp/><sp/><sp/><sp/>&lt;&lt;<sp/>std::setw(30)<sp/>&lt;&lt;<sp/>sqlite3_column_text(stmt,<sp/>1)<sp/>&lt;&lt;<sp/></highlight><highlight class="stringliteral">&quot;<sp/>|<sp/>&quot;</highlight><highlight class="normal"></highlight></codeline>
<codeline lineno="57"><highlight class="normal"><sp/><sp/><sp/><sp/><sp/><sp/><sp/><sp/><sp/><sp/><sp/><sp/><sp/><sp/><sp/><sp/><sp/><sp/>&lt;&lt;<sp/>std::setw(14)<sp/>&lt;&lt;<sp/>sqlite3_column_double(stmt,<sp/>2)<sp/>&lt;&lt;<sp/></highlight><highlight class="stringliteral">&quot;<sp/>|<sp/>&quot;</highlight><highlight class="normal"></highlight></codeline>
<codeline lineno="58"><highlight class="normal"><sp/><sp/><sp/><sp/><sp/><sp/><sp/><sp/><sp/><sp/><sp/><sp/><sp/><sp/><sp/><sp/><sp/><sp/>&lt;&lt;<sp/>std::setw(14)<sp/>&lt;&lt;<sp/>sqlite3_column_double(stmt,<sp/>3)<sp/>&lt;&lt;<sp/></highlight><highlight class="stringliteral">&quot;<sp/>|<sp/>&quot;</highlight><highlight class="normal"></highlight></codeline>
<codeline lineno="59"><highlight class="normal"><sp/><sp/><sp/><sp/><sp/><sp/><sp/><sp/><sp/><sp/><sp/><sp/><sp/><sp/><sp/><sp/><sp/><sp/>&lt;&lt;<sp/>std::setw(15)<sp/>&lt;&lt;<sp/>sqlite3_column_double(stmt,<sp/>4)<sp/>&lt;&lt;<sp/>std::endl;</highlight></codeline>
<codeline lineno="60"><highlight class="normal"><sp/><sp/><sp/><sp/>}</highlight></codeline>
<codeline lineno="61"><highlight class="normal"></highlight></codeline>
<codeline lineno="62"><highlight class="normal"><sp/><sp/><sp/><sp/></highlight><highlight class="keywordflow">if</highlight><highlight class="normal"><sp/>(!foundData)<sp/>{</highlight></codeline>
<codeline lineno="63"><highlight class="normal"><sp/><sp/><sp/><sp/><sp/><sp/><sp/><sp/>std::cout<sp/>&lt;&lt;<sp/></highlight><highlight class="stringliteral">&quot;No<sp/>se<sp/>encontraron<sp/>datos<sp/>para<sp/>el<sp/>IdCliente<sp/>especificado.&quot;</highlight><highlight class="normal"><sp/>&lt;&lt;<sp/>std::endl;</highlight></codeline>
<codeline lineno="64"><highlight class="normal"><sp/><sp/><sp/><sp/>}</highlight></codeline>
<codeline lineno="65"><highlight class="normal"></highlight></codeline>
<codeline lineno="66"><highlight class="normal"><sp/><sp/><sp/><sp/></highlight><highlight class="keywordflow">if</highlight><highlight class="normal"><sp/>(rc<sp/>!=<sp/>SQLITE_DONE)<sp/>{</highlight></codeline>
<codeline lineno="67"><highlight class="normal"><sp/><sp/><sp/><sp/><sp/><sp/><sp/><sp/>std::cerr<sp/>&lt;&lt;<sp/></highlight><highlight class="stringliteral">&quot;Error<sp/>ejecutando<sp/>la<sp/>declaración<sp/>SQL:<sp/>&quot;</highlight><highlight class="normal"><sp/>&lt;&lt;<sp/>sqlite3_errmsg(db)<sp/>&lt;&lt;<sp/>std::endl;</highlight></codeline>
<codeline lineno="68"><highlight class="normal"><sp/><sp/><sp/><sp/>}</highlight></codeline>
<codeline lineno="69"><highlight class="normal"></highlight></codeline>
<codeline lineno="70"><highlight class="normal"><sp/><sp/><sp/><sp/></highlight><highlight class="comment">//<sp/>Finaliza<sp/>la<sp/>declaración</highlight><highlight class="normal"></highlight></codeline>
<codeline lineno="71"><highlight class="normal"><sp/><sp/><sp/><sp/>sqlite3_finalize(stmt);</highlight></codeline>
<codeline lineno="72"><highlight class="normal">}</highlight></codeline>
<codeline lineno="73"><highlight class="normal"></highlight><highlight class="preprocessor">#endif<sp/></highlight><highlight class="comment">//<sp/>EDC_HPP</highlight></codeline>
    </programlisting>
    <location file="edc.hpp"/>
  </compounddef>
</doxygen>
