<?xml version='1.0' encoding='UTF-8' standalone='no'?>
<doxygenindex xmlns:xsi="http://www.w3.org/2001/XMLSchema-instance" xsi:noNamespaceSchemaLocation="index.xsd" version="1.10.0" xml:lang="en-US">
  <compound refid="class_cliente" kind="class"><name>Cliente</name>
    <member refid="class_cliente_1a7d5ac2bc1516db395ec999045bf891d5" kind="variable"><name>db</name></member>
    <member refid="class_cliente_1afe3567470c5d4a97700501ff8830ebc9" kind="variable"><name>idCliente</name></member>
    <member refid="class_cliente_1af88f23508f54dbf59e1602e57d325e45" kind="function"><name>getIdCliente</name></member>
    <member refid="class_cliente_1acc3eb79c782a47c192326df7160d45e9" kind="function"><name>Cliente</name></member>
    <member refid="class_cliente_1a85f2204e9392277634be0b52ade6994e" kind="function"><name>getInfoClientes</name></member>
    <member refid="class_cliente_1a231e4e0ccd92be818da6ef665ef2ec53" kind="function"><name>setInfoClientes</name></member>
    <member refid="class_cliente_1a19548bfe36cb49e900007c9fc1b00e4b" kind="function"><name>getInfoInteres</name></member>
    <member refid="class_cliente_1a3e8ad9629463523fef40c330517dcca9" kind="function"><name>getInfoPrestamos</name></member>
    <member refid="class_cliente_1a75460a55c7b2ab7d97f4d84694899698" kind="function"><name>setInfoPrestamos</name></member>
    <member refid="class_cliente_1a09f1208e373439b7c008ecaeee494453" kind="function"><name>getInfoTasasCDP</name></member>
    <member refid="class_cliente_1aa3230d5ee4ee3a8f764d34b50ed78d43" kind="function"><name>getInfoCDPs</name></member>
    <member refid="class_cliente_1abeb250b804bbcb111b4e6d9dbeb2a496" kind="function"><name>setInfoCDPs</name></member>
  </compound>
  <compound refid="class_operacion" kind="class"><name>Operacion</name>
    <member refid="class_operacion_1a4df955f846a53e32764c10a5db376b00" kind="variable"><name>db</name></member>
    <member refid="class_operacion_1afe160ccf43a1262df0eeb43914fe922e" kind="variable"><name>cliente</name></member>
    <member refid="class_operacion_1af01ddc3a9bd7bbf7e1baab680966bae4" kind="function"><name>Operacion</name></member>
    <member refid="class_operacion_1a9b359ed8ae79e86eb34de5a4f1d57bfa" kind="function"><name>transferencia</name></member>
    <member refid="class_operacion_1a81d2d6a2e1ea9b5ccb1036a26ff98540" kind="function"><name>deposito</name></member>
    <member refid="class_operacion_1ac0b63694693c399ea4f406f7a2d426f5" kind="function"><name>crearPrestamo</name></member>
    <member refid="class_operacion_1ae8f360736ec69659ef446d8ec1af7b00" kind="function"><name>abonoPrestamo</name></member>
    <member refid="class_operacion_1a890887c32e27da32549623433eb5ed1e" kind="function"><name>abonoPrestamoExtraordinario</name></member>
    <member refid="class_operacion_1a03fa581420437889ff5e3dc9c07a5e48" kind="function"><name>crearCDP</name></member>
    <member refid="class_operacion_1aa2a22042828b98778bc5a042089c9bcc" kind="function"><name>consultarCDP</name></member>
  </compound>
  <compound refid="clientes_8hpp" kind="file"><name>clientes.hpp</name>
    <member refid="clientes_8hpp_1a4b0a3aae188993b55ab744b770fb83f3" kind="function"><name>crearTablaClientes</name></member>
    <member refid="clientes_8hpp_1abbbf1146e2f06def6264e3666068a06d" kind="function"><name>insertarDatosClientes</name></member>
    <member refid="clientes_8hpp_1a53e8f5afb89622fa0319eabc86f11bdf" kind="function"><name>existeCedula</name></member>
    <member refid="clientes_8hpp_1a51613a4fbade82d782afff2ff55d0f69" kind="function"><name>imprimirInfoCliente</name></member>
    <member refid="clientes_8hpp_1a7ecd26a48cebf8e04ff486064ec83be6" kind="function"><name>validarNombre</name></member>
    <member refid="clientes_8hpp_1ad97247aab3ced5dca8dbbcd52f5b74d9" kind="function"><name>validarTelefono</name></member>
    <member refid="clientes_8hpp_1a62c888a1e1c62df66873a0eb36b07cc3" kind="function"><name>validarDireccion</name></member>
    <member refid="clientes_8hpp_1a046219743f25040c96360482a6a58236" kind="function"><name>validarCorreo</name></member>
    <member refid="clientes_8hpp_1a76b333600bae8b51db95f12908908b13" kind="function"><name>validarTipoCuenta</name></member>
    <member refid="clientes_8hpp_1ac19904d0e8377329820a1d4d0a399c0b" kind="function"><name>agregarNuevoCliente</name></member>
    <member refid="clientes_8hpp_1aa7f1e18627a568718d21c58654e30ee5" kind="function"><name>imprimirIdClientesPorCedula</name></member>
  </compound>
  <compound refid="clientes2_8cpp" kind="file"><name>clientes2.cpp</name>
  </compound>
  <compound refid="clientes2_8hpp" kind="file"><name>clientes2.hpp</name>
  </compound>
  <compound refid="edc_8hpp" kind="file"><name>edc.hpp</name>
    <member refid="edc_8hpp_1ab3e4f1b6cb2a887db96e434258cb4c29" kind="function"><name>regresarDatosTransaccion</name></member>
  </compound>
  <compound refid="main2_8cpp" kind="file"><name>main2.cpp</name>
    <member refid="main2_8cpp_1a51895b572f6326a7f2db364ea2fa886f" kind="enum"><name>Opciones</name></member>
    <member refid="main2_8cpp_1a51895b572f6326a7f2db364ea2fa886fa68c2a359b8e5d36e05eda94163062514" kind="enumvalue"><name>ATENCION</name></member>
    <member refid="main2_8cpp_1a51895b572f6326a7f2db364ea2fa886fa748005382152808a72b1a9177d9dc806" kind="enumvalue"><name>INFO</name></member>
    <member refid="main2_8cpp_1a51895b572f6326a7f2db364ea2fa886fadce475126bc4e905e1c004dba34ab38e" kind="enumvalue"><name>SALIR</name></member>
    <member refid="main2_8cpp_1a78d260dc06bfa90e7eb603e21acc6d56" kind="enum"><name>Atencion</name></member>
    <member refid="main2_8cpp_1a78d260dc06bfa90e7eb603e21acc6d56aa566af333a7d685ef9cfd327295ab2a7" kind="enumvalue"><name>ESTADO</name></member>
    <member refid="main2_8cpp_1a78d260dc06bfa90e7eb603e21acc6d56aed564cf95c070574c10392d42bd99d37" kind="enumvalue"><name>TASACDP</name></member>
    <member refid="main2_8cpp_1a78d260dc06bfa90e7eb603e21acc6d56a659b71c83666c3551c07ea879d727d3a" kind="enumvalue"><name>CREARCDP</name></member>
    <member refid="main2_8cpp_1a78d260dc06bfa90e7eb603e21acc6d56a53cbe036dbe1437f19220e788da73e6e" kind="enumvalue"><name>CONSULTARCDP</name></member>
    <member refid="main2_8cpp_1a78d260dc06bfa90e7eb603e21acc6d56a9e155ac637eceaa6771400f3e11c2f63" kind="enumvalue"><name>REDIMIRCDP</name></member>
    <member refid="main2_8cpp_1a78d260dc06bfa90e7eb603e21acc6d56a2301606756783524ff429bc2b2e9afa1" kind="enumvalue"><name>TRANSFERENCIA</name></member>
    <member refid="main2_8cpp_1a78d260dc06bfa90e7eb603e21acc6d56a0804a26c0ba30025faedb4835dd8bd04" kind="enumvalue"><name>DEPOSITO</name></member>
    <member refid="main2_8cpp_1a78d260dc06bfa90e7eb603e21acc6d56ad681b7d5d0761e60b0835e3a1a40c7e0" kind="enumvalue"><name>SOLICITARP</name></member>
    <member refid="main2_8cpp_1a78d260dc06bfa90e7eb603e21acc6d56a7bb5576b5cb5dbd247ef458079419c75" kind="enumvalue"><name>ABONARP</name></member>
    <member refid="main2_8cpp_1a78d260dc06bfa90e7eb603e21acc6d56a56565c5ea331ee6cb5f2776d23e45091" kind="enumvalue"><name>ABONAREXTRAP</name></member>
    <member refid="main2_8cpp_1a78d260dc06bfa90e7eb603e21acc6d56ad0b6ae5b1d9223790a388f60cab039bd" kind="enumvalue"><name>OBTENER</name></member>
    <member refid="main2_8cpp_1a78d260dc06bfa90e7eb603e21acc6d56ae5609925b041e0727cfd7ccf70f1d7c0" kind="enumvalue"><name>REGRESAR</name></member>
    <member refid="main2_8cpp_1ab1764b91c3b44a5988564bbfe1d6e352" kind="enum"><name>INFO</name></member>
    <member refid="main2_8cpp_1ab1764b91c3b44a5988564bbfe1d6e352a41f28a270eeeae6ed7bad00bd7639d12" kind="enumvalue"><name>TIPOPRESTAMOS</name></member>
    <member refid="main2_8cpp_1ab1764b91c3b44a5988564bbfe1d6e352a9825fd08db2af4e5dda9e8f80ed32f32" kind="enumvalue"><name>TABLAINTERES1</name></member>
    <member refid="main2_8cpp_1ab1764b91c3b44a5988564bbfe1d6e352a1dead9f9e542dbe8d641355eaf7760ed" kind="enumvalue"><name>TABLAINTERES2</name></member>
    <member refid="main2_8cpp_1ab1764b91c3b44a5988564bbfe1d6e352ae6eb4b5ba4a38e7de86521056bbaee9c" kind="enumvalue"><name>TABLAPAGOS</name></member>
    <member refid="main2_8cpp_1ab1764b91c3b44a5988564bbfe1d6e352a028ff0147c933348b06231a59f0ca66c" kind="enumvalue"><name>REGRESAR2</name></member>
    <member refid="main2_8cpp_1ada411e772ebad36dea52dc5048abdff5" kind="function"><name>mostrarMenuInfo</name></member>
    <member refid="main2_8cpp_1ae66f6b31b5ad750f1fe042a706a4e3d4" kind="function"><name>main</name></member>
  </compound>
  <compound refid="_operaciones_8cpp" kind="file"><name>Operaciones.cpp</name>
    <member refid="_operaciones_8cpp_1a97a818d72df53b2b2aa8e0cfe6de0093" kind="function"><name>obtenerFechaActual</name></member>
  </compound>
  <compound refid="_operaciones_8hpp" kind="file"><name>Operaciones.hpp</name>
    <member refid="_operaciones_8hpp_1a97a818d72df53b2b2aa8e0cfe6de0093" kind="function"><name>obtenerFechaActual</name></member>
  </compound>
  <compound refid="_regresa_c_d_p_8hpp" kind="file"><name>RegresaCDP.hpp</name>
    <member refid="_regresa_c_d_p_8hpp_1a139ac8b87a6ee0bbbc6e5b6fb09429f7" kind="function"><name>regresarDatosCDP</name></member>
  </compound>
  <compound refid="tablacdp_otra_8hpp" kind="file"><name>tablacdpOtra.hpp</name>
    <member refid="tablacdp_otra_8hpp_1abd16ae77f8cbb1a6be352d4322a36a42" kind="function"><name>ejecutarSQLCDP</name></member>
    <member refid="tablacdp_otra_8hpp_1a8b36526ed80c9b16f8c1209ec897a9d1" kind="function"><name>callbackC</name></member>
    <member refid="tablacdp_otra_8hpp_1a2ed1b95480b965b8c771a0ab480151b1" kind="function"><name>printTableHeadersCDP</name></member>
    <member refid="tablacdp_otra_8hpp_1a0f789a02a3ddf2e32dc8abca6f96590b" kind="function"><name>crearTablaCDP</name></member>
    <member refid="tablacdp_otra_8hpp_1ae5c55223694ef040c57bd7141118f54a" kind="function"><name>insertarCDP</name></member>
    <member refid="tablacdp_otra_8hpp_1adddc80432f6cbc9f9232220386c6457a" kind="function"><name>mostrarTablaCDP</name></member>
    <member refid="tablacdp_otra_8hpp_1aee0c2e2619339bdb3d6357e05d0ae997" kind="function"><name>eliminarDatosCDP</name></member>
  </compound>
  <compound refid="tabla_prestamos_otra_8hpp" kind="file"><name>tablaPrestamosOtra.hpp</name>
    <member refid="tabla_prestamos_otra_8hpp_1a6406b8cb3329954ace98568a86c8f065" kind="function"><name>ejecutarSQLPrestamos</name></member>
    <member refid="tabla_prestamos_otra_8hpp_1a33386b0b7dcabe130fc2d9cc055c8c06" kind="function"><name>callbackP</name></member>
    <member refid="tabla_prestamos_otra_8hpp_1aea4c4561f4b2b94e0b3084740c2d6967" kind="function"><name>printTableHeadersPrestamos</name></member>
    <member refid="tabla_prestamos_otra_8hpp_1a7761fe60a6791c5dd0615cea310b1d1b" kind="function"><name>crearTablaPrestamos</name></member>
    <member refid="tabla_prestamos_otra_8hpp_1a7d8d46e2716959c871f0d8d049609436" kind="function"><name>insertarPrestamos</name></member>
    <member refid="tabla_prestamos_otra_8hpp_1a9396fcccc9a90650b59945f7531ab760" kind="function"><name>mostrarTablaPrestamos</name></member>
    <member refid="tabla_prestamos_otra_8hpp_1a694cd3681195f83f28067d4942a09b66" kind="function"><name>eliminarDatosPrestamos</name></member>
  </compound>
  <compound refid="tabla_transaccion_otra_8hpp" kind="file"><name>tablaTransaccionOtra.hpp</name>
    <member refid="tabla_transaccion_otra_8hpp_1a5616ef08e015e49cd1f360e6bfa2f972" kind="function"><name>ejecutarSQLTransacciones</name></member>
    <member refid="tabla_transaccion_otra_8hpp_1a2c59ad2c0746b2beffa9c80d18deaf1d" kind="function"><name>callbackT</name></member>
    <member refid="tabla_transaccion_otra_8hpp_1ac0bea544134fcfba266001b1c07b2ed1" kind="function"><name>printTableHeadersTransacciones</name></member>
    <member refid="tabla_transaccion_otra_8hpp_1a4d6d4cb7130aff0d4d6c735761162ae3" kind="function"><name>crearTablaTransacciones</name></member>
    <member refid="tabla_transaccion_otra_8hpp_1a149c3e2d9911b47e0f294587a3e98963" kind="function"><name>insertarTransacciones</name></member>
    <member refid="tabla_transaccion_otra_8hpp_1a6e6cf0401d9d33f2d0db98c670c08b1b" kind="function"><name>mostrarTablaTransacciones</name></member>
    <member refid="tabla_transaccion_otra_8hpp_1a6b9765c11f31663092c97047ca95e70c" kind="function"><name>eliminarDatosTransacciones</name></member>
  </compound>
  <compound refid="tasas_8hpp" kind="file"><name>tasas.hpp</name>
    <member refid="tasas_8hpp_1ad6e12ef77c838835164503c204d8ec5d" kind="function"><name>imprimirTablaAmortizacion1</name></member>
    <member refid="tasas_8hpp_1ab7e5f8f1969ca529ce1647ea2049cfb3" kind="function"><name>obtenerTasaYPlazoDesdeTabla1</name></member>
    <member refid="tasas_8hpp_1a4f7ab2718831d7cf568bca6e8c1ea8c7" kind="function"><name>imprimirResumenPrestamo1</name></member>
    <member refid="tasas_8hpp_1a9aa09de3b9327195450ca3b86d657095" kind="function"><name>obtenerTasaYPlazoDesdeTabla2</name></member>
    <member refid="tasas_8hpp_1a043c0f6c0de3fb88cf4af00ecccdb123" kind="function"><name>crearInfoPrestamos</name></member>
    <member refid="tasas_8hpp_1af2f6d839bd1f95804c6bdcf4ffc73f6d" kind="function"><name>insertarPrestamo</name></member>
    <member refid="tasas_8hpp_1a36a9fa980965c9c9c1a4aa3e50e99bf8" kind="function"><name>insertarDatosPrestamos</name></member>
    <member refid="tasas_8hpp_1ae8171461717f128867f72d0a15cb5bdd" kind="function"><name>imprimirDatosPrestamos</name></member>
    <member refid="tasas_8hpp_1a39feb3a4addbfb8ec3306b6e57c5a9c0" kind="function"><name>callback</name></member>
    <member refid="tasas_8hpp_1ab06f2cf5ab7ed0efd094210794e39861" kind="function"><name>printTableHeaders</name></member>
    <member refid="tasas_8hpp_1aadb64d624fdd903cda88fe8b26eef79e" kind="function"><name>crearCdp</name></member>
    <member refid="tasas_8hpp_1abeb7240039b5cb59b0d8c160fb259ace" kind="function"><name>insertarCdp</name></member>
    <member refid="tasas_8hpp_1aee69f4221a2a95767250d509d0d814fe" kind="function"><name>mostrarTablaTasas</name></member>
    <member refid="tasas_8hpp_1a00be77e835ffffe63bd7a6efb641af07" kind="function"><name>eliminarDatosTabla</name></member>
    <member refid="tasas_8hpp_1af6b1382e0361b22f125fca3b9984cdc3" kind="function"><name>callback1</name></member>
    <member refid="tasas_8hpp_1ad964fe0ae27adfa80baaee01cf9a0abe" kind="function"><name>printHeader1</name></member>
    <member refid="tasas_8hpp_1ae4973efdceabd4270a57f957552c2cdd" kind="function"><name>crearTabla1</name></member>
    <member refid="tasas_8hpp_1a6c44f3cc40d1856afe59a42e6ccc6421" kind="function"><name>insertarData1</name></member>
    <member refid="tasas_8hpp_1ac45b3a28de52d60479eda8f3fec2f625" kind="function"><name>selectData1</name></member>
    <member refid="tasas_8hpp_1aefc14bd206da8ee5d7ac2745fc2f4452" kind="function"><name>eliminarTabla1</name></member>
    <member refid="tasas_8hpp_1add196fd8ff5dea2f1ccecd7e02ba7939" kind="function"><name>callback3</name></member>
    <member refid="tasas_8hpp_1aa834adcd4365041ea3c077448377f6e8" kind="function"><name>printHeader2</name></member>
    <member refid="tasas_8hpp_1a8fc7860a0cff33ef09b02be28972ec7a" kind="function"><name>crearDolares</name></member>
    <member refid="tasas_8hpp_1a0c8137ae208a5f240087a5de0fcb3737" kind="function"><name>insertarDolares</name></member>
    <member refid="tasas_8hpp_1a3bc71b4eed07f719c52c4a0817a235c4" kind="function"><name>mostrarDolares</name></member>
    <member refid="tasas_8hpp_1ab348d61442a7b75ba411ed904ab61012" kind="function"><name>eliminarDolares</name></member>
    <member refid="tasas_8hpp_1ae5e0d056bc1a5c1a9a35a4c08c9e0ac8" kind="function"><name>tablaExiste</name></member>
    <member refid="tasas_8hpp_1a0be901b7568f24c1a5ff4a52bf4b3e75" kind="function"><name>solicitarMonto1</name></member>
    <member refid="tasas_8hpp_1a08d43a2e8ab5bc8fc4d571e4a7543837" kind="function"><name>imprimirMenuTipo1</name></member>
    <member refid="tasas_8hpp_1a8a16fcc09a4e12e1fd351c8825ca7c3f" kind="function"><name>calcularPagoMensual1</name></member>
    <member refid="tasas_8hpp_1a50137380ac005db493a54760db5c7e4e" kind="function"><name>imprimirMenuTipo2</name></member>
  </compound>
  <compound refid="transferencia_8hpp" kind="file"><name>transferencia.hpp</name>
    <member refid="transferencia_8hpp_1a51c516b9ce4aca03efebd005630aa9eb" kind="function"><name>obtenerFechaHoraActual</name></member>
    <member refid="transferencia_8hpp_1a6497324706cb128b24975bcba57926b3" kind="function"><name>cuentaExiste1</name></member>
    <member refid="transferencia_8hpp_1a26760796fff7b7c3e945d02fb84e5307" kind="function"><name>realizarTransferencia</name></member>
    <member refid="transferencia_8hpp_1a5e17f0c3ea91a65eb4300ae4d8ea6a2e" kind="function"><name>realizarDeposito</name></member>
    <member refid="transferencia_8hpp_1a4d1f6db97d01c93b45985e35d67257da" kind="function"><name>prestamoExiste</name></member>
    <member refid="transferencia_8hpp_1a098c38f4bdb2f037d94b5b711bb9bbd1" kind="function"><name>realizarAbonoPrestamo</name></member>
    <member refid="transferencia_8hpp_1a003dd15b8c64ca2c418f67b835ccc507" kind="function"><name>realizarAbonoExtraordinario</name></member>
    <member refid="transferencia_8hpp_1a735a5d3f02ad9d76922b4a93a409b591" kind="function"><name>getUserInput</name></member>
    <member refid="transferencia_8hpp_1ac643acfcc5d499a3b85d4bd7cb51df85" kind="function"><name>calculateMonthsDifference</name></member>
    <member refid="transferencia_8hpp_1a6adb6cbc442da9de3969991c5d726017" kind="function"><name>actualizarDiasFaltantes</name></member>
    <member refid="transferencia_8hpp_1a807e647635291c927a5a234d2fbe5da9" kind="function"><name>cedulaExists</name></member>
    <member refid="transferencia_8hpp_1aca07bcb10b8d6fcaa497efc0400f34d3" kind="function"><name>displayExistingCDPs</name></member>
    <member refid="transferencia_8hpp_1a551298d7d7f060cfba2fb094e10662e1" kind="function"><name>actualizarSaldoCliente</name></member>
    <member refid="transferencia_8hpp_1a1df0cdbe2f79122c82d1a9ecfbf327ea" kind="function"><name>insertarTransaccion</name></member>
    <member refid="transferencia_8hpp_1acf9b6a02603d4646cb8409ed070e9489" kind="function"><name>generarIdTransaccion</name></member>
    <member refid="transferencia_8hpp_1aa77453d55b6ddd8be8d70240184deb76" kind="function"><name>redimirCDP</name></member>
  </compound>
</doxygenindex>
