<?xml version='1.0' encoding='UTF-8' standalone='no'?>
<doxygen xmlns:xsi="http://www.w3.org/2001/XMLSchema-instance" xsi:noNamespaceSchemaLocation="compound.xsd" version="1.10.0" xml:lang="en-US">
  <compounddef id="tablacdp_otra_8hpp" kind="file" language="C++">
    <compoundname>tablacdpOtra.hpp</compoundname>
    <includes local="no">iostream</includes>
    <includes local="no">sqlite3.h</includes>
    <includes local="no">sstream</includes>
    <includes local="no">iomanip</includes>
    <includes local="no">cmath</includes>
    <includes local="no">vector</includes>
    <includedby refid="main2_8cpp" local="yes">main2.cpp</includedby>
    <incdepgraph>
      <node id="1">
        <label>tablacdpOtra.hpp</label>
        <link refid="tablacdp_otra_8hpp"/>
        <childnode refid="2" relation="include">
        </childnode>
        <childnode refid="3" relation="include">
        </childnode>
        <childnode refid="4" relation="include">
        </childnode>
        <childnode refid="5" relation="include">
        </childnode>
        <childnode refid="6" relation="include">
        </childnode>
        <childnode refid="7" relation="include">
        </childnode>
      </node>
      <node id="6">
        <label>cmath</label>
      </node>
      <node id="5">
        <label>iomanip</label>
      </node>
      <node id="2">
        <label>iostream</label>
      </node>
      <node id="3">
        <label>sqlite3.h</label>
      </node>
      <node id="4">
        <label>sstream</label>
      </node>
      <node id="7">
        <label>vector</label>
      </node>
    </incdepgraph>
    <invincdepgraph>
      <node id="2">
        <label>main2.cpp</label>
        <link refid="main2_8cpp"/>
      </node>
      <node id="1">
        <label>tablacdpOtra.hpp</label>
        <link refid="tablacdp_otra_8hpp"/>
        <childnode refid="2" relation="include">
        </childnode>
      </node>
    </invincdepgraph>
    <sectiondef kind="func">
      <memberdef kind="function" id="tablacdp_otra_8hpp_1abd16ae77f8cbb1a6be352d4322a36a42" prot="public" static="no" const="no" explicit="no" inline="no" virt="non-virtual">
        <type>int</type>
        <definition>int ejecutarSQLCDP</definition>
        <argsstring>(sqlite3 *db, const std::string &amp;consulta)</argsstring>
        <name>ejecutarSQLCDP</name>
        <param>
          <type>sqlite3 *</type>
          <declname>db</declname>
        </param>
        <param>
          <type>const std::string &amp;</type>
          <declname>consulta</declname>
        </param>
        <briefdescription>
<para>Función para ejecutar consultas SQL. </para>
        </briefdescription>
        <detaileddescription>
<para><parameterlist kind="param"><parameteritem>
<parameternamelist>
<parametername>db</parametername>
</parameternamelist>
<parameterdescription>
<para>Puntero a la base de datos SQLite. </para>
</parameterdescription>
</parameteritem>
<parameteritem>
<parameternamelist>
<parametername>consulta</parametername>
</parameternamelist>
<parameterdescription>
<para>Consulta SQL a ejecutar. </para>
</parameterdescription>
</parameteritem>
</parameterlist>
<simplesect kind="return"><para>int Código de resultado de la ejecución de la consulta SQL. </para>
</simplesect>
</para>
        </detaileddescription>
        <inbodydescription>
        </inbodydescription>
        <location file="tablacdpOtra.hpp" line="25" column="5" bodyfile="tablacdpOtra.hpp" bodystart="25" bodyend="33"/>
      </memberdef>
      <memberdef kind="function" id="tablacdp_otra_8hpp_1a8b36526ed80c9b16f8c1209ec897a9d1" prot="public" static="yes" const="no" explicit="no" inline="no" virt="non-virtual">
        <type>int</type>
        <definition>static int callbackC</definition>
        <argsstring>(void *data, int argc, char **argv, char **azColName)</argsstring>
        <name>callbackC</name>
        <param>
          <type>void *</type>
          <declname>data</declname>
        </param>
        <param>
          <type>int</type>
          <declname>argc</declname>
        </param>
        <param>
          <type>char **</type>
          <declname>argv</declname>
        </param>
        <param>
          <type>char **</type>
          <declname>azColName</declname>
        </param>
        <briefdescription>
<para>Callback para la impresión de la tabla CDP. </para>
        </briefdescription>
        <detaileddescription>
<para><parameterlist kind="param"><parameteritem>
<parameternamelist>
<parametername>data</parametername>
</parameternamelist>
<parameterdescription>
<para>Puntero a los datos pasados al callback (no se usa en esta función). </para>
</parameterdescription>
</parameteritem>
<parameteritem>
<parameternamelist>
<parametername>argc</parametername>
</parameternamelist>
<parameterdescription>
<para>Número de columnas en la fila. </para>
</parameterdescription>
</parameteritem>
<parameteritem>
<parameternamelist>
<parametername>argv</parametername>
</parameternamelist>
<parameterdescription>
<para>Matriz de cadenas que contiene los valores de cada columna. </para>
</parameterdescription>
</parameteritem>
<parameteritem>
<parameternamelist>
<parametername>azColName</parametername>
</parameternamelist>
<parameterdescription>
<para>Matriz de cadenas que contiene los nombres de las columnas. </para>
</parameterdescription>
</parameteritem>
</parameterlist>
<simplesect kind="return"><para>int Código de resultado de la ejecución del callback. </para>
</simplesect>
</para>
        </detaileddescription>
        <inbodydescription>
        </inbodydescription>
        <location file="tablacdpOtra.hpp" line="44" column="12" bodyfile="tablacdpOtra.hpp" bodystart="44" bodyend="57"/>
      </memberdef>
      <memberdef kind="function" id="tablacdp_otra_8hpp_1a2ed1b95480b965b8c771a0ab480151b1" prot="public" static="no" const="no" explicit="no" inline="no" virt="non-virtual">
        <type>void</type>
        <definition>void printTableHeadersCDP</definition>
        <argsstring>()</argsstring>
        <name>printTableHeadersCDP</name>
        <briefdescription>
<para>Imprime los encabezados de la tabla CDP. </para>
        </briefdescription>
        <detaileddescription>
        </detaileddescription>
        <inbodydescription>
        </inbodydescription>
        <location file="tablacdpOtra.hpp" line="62" column="6" bodyfile="tablacdpOtra.hpp" bodystart="62" bodyend="86"/>
      </memberdef>
      <memberdef kind="function" id="tablacdp_otra_8hpp_1a0f789a02a3ddf2e32dc8abca6f96590b" prot="public" static="no" const="no" explicit="no" inline="no" virt="non-virtual">
        <type>void</type>
        <definition>void crearTablaCDP</definition>
        <argsstring>(sqlite3 *db)</argsstring>
        <name>crearTablaCDP</name>
        <param>
          <type>sqlite3 *</type>
          <declname>db</declname>
        </param>
        <briefdescription>
<para>Crea la tabla CDP en la base de datos. </para>
        </briefdescription>
        <detaileddescription>
<para><parameterlist kind="param"><parameteritem>
<parameternamelist>
<parametername>db</parametername>
</parameternamelist>
<parameterdescription>
<para>Puntero a la base de datos SQLite. </para>
</parameterdescription>
</parameteritem>
</parameterlist>
</para>
        </detaileddescription>
        <inbodydescription>
        </inbodydescription>
        <location file="tablacdpOtra.hpp" line="93" column="6" bodyfile="tablacdpOtra.hpp" bodystart="93" bodyend="117"/>
      </memberdef>
      <memberdef kind="function" id="tablacdp_otra_8hpp_1ae5c55223694ef040c57bd7141118f54a" prot="public" static="no" const="no" explicit="no" inline="no" virt="non-virtual">
        <type>void</type>
        <definition>void insertarCDP</definition>
        <argsstring>(sqlite3 *db)</argsstring>
        <name>insertarCDP</name>
        <param>
          <type>sqlite3 *</type>
          <declname>db</declname>
        </param>
        <briefdescription>
<para>Inserta datos en la tabla CDP. </para>
        </briefdescription>
        <detaileddescription>
<para><parameterlist kind="param"><parameteritem>
<parameternamelist>
<parametername>db</parametername>
</parameternamelist>
<parameterdescription>
<para>Puntero a la base de datos SQLite. </para>
</parameterdescription>
</parameteritem>
</parameterlist>
</para>
        </detaileddescription>
        <inbodydescription>
        </inbodydescription>
        <location file="tablacdpOtra.hpp" line="124" column="6" bodyfile="tablacdpOtra.hpp" bodystart="124" bodyend="157"/>
      </memberdef>
      <memberdef kind="function" id="tablacdp_otra_8hpp_1adddc80432f6cbc9f9232220386c6457a" prot="public" static="no" const="no" explicit="no" inline="no" virt="non-virtual">
        <type>void</type>
        <definition>void mostrarTablaCDP</definition>
        <argsstring>(sqlite3 *db)</argsstring>
        <name>mostrarTablaCDP</name>
        <param>
          <type>sqlite3 *</type>
          <declname>db</declname>
        </param>
        <briefdescription>
<para>Selecciona y muestra datos de la tabla CDP. </para>
        </briefdescription>
        <detaileddescription>
<para><parameterlist kind="param"><parameteritem>
<parameternamelist>
<parametername>db</parametername>
</parameternamelist>
<parameterdescription>
<para>Puntero a la base de datos SQLite. </para>
</parameterdescription>
</parameteritem>
</parameterlist>
</para>
        </detaileddescription>
        <inbodydescription>
        </inbodydescription>
        <location file="tablacdpOtra.hpp" line="164" column="6" bodyfile="tablacdpOtra.hpp" bodystart="164" bodyend="174"/>
      </memberdef>
      <memberdef kind="function" id="tablacdp_otra_8hpp_1aee0c2e2619339bdb3d6357e05d0ae997" prot="public" static="no" const="no" explicit="no" inline="no" virt="non-virtual">
        <type>void</type>
        <definition>void eliminarDatosCDP</definition>
        <argsstring>(sqlite3 *db)</argsstring>
        <name>eliminarDatosCDP</name>
        <param>
          <type>sqlite3 *</type>
          <declname>db</declname>
        </param>
        <briefdescription>
<para>Elimina los datos de la tabla CDP. </para>
        </briefdescription>
        <detaileddescription>
<para><parameterlist kind="param"><parameteritem>
<parameternamelist>
<parametername>db</parametername>
</parameternamelist>
<parameterdescription>
<para>Puntero a la base de datos SQLite. </para>
</parameterdescription>
</parameteritem>
</parameterlist>
</para>
        </detaileddescription>
        <inbodydescription>
        </inbodydescription>
        <location file="tablacdpOtra.hpp" line="181" column="6" bodyfile="tablacdpOtra.hpp" bodystart="181" bodyend="191"/>
      </memberdef>
    </sectiondef>
    <briefdescription>
<para>Header file que interactúa con una base de datos SQLite para gestionar la tabla CDP. </para>
    </briefdescription>
    <detaileddescription>
    </detaileddescription>
    <programlisting>
<codeline lineno="1"></codeline>
<codeline lineno="6"><highlight class="normal"></highlight><highlight class="preprocessor">#ifndef<sp/>TABLACDPOTRA_HPP</highlight><highlight class="normal"></highlight></codeline>
<codeline lineno="7"><highlight class="normal"></highlight><highlight class="preprocessor">#define<sp/>TABLACDPOTRA_HPP</highlight><highlight class="normal"></highlight></codeline>
<codeline lineno="8"><highlight class="normal"></highlight></codeline>
<codeline lineno="9"><highlight class="normal"></highlight><highlight class="preprocessor">#include<sp/>&lt;iostream&gt;</highlight><highlight class="normal"></highlight></codeline>
<codeline lineno="10"><highlight class="normal"></highlight><highlight class="preprocessor">#include<sp/>&lt;sqlite3.h&gt;</highlight><highlight class="normal"></highlight></codeline>
<codeline lineno="11"><highlight class="normal"></highlight><highlight class="preprocessor">#include<sp/>&lt;sstream&gt;</highlight><highlight class="normal"></highlight></codeline>
<codeline lineno="12"><highlight class="normal"></highlight><highlight class="preprocessor">#include<sp/>&lt;iomanip&gt;</highlight><highlight class="normal"></highlight></codeline>
<codeline lineno="13"><highlight class="normal"></highlight><highlight class="preprocessor">#include<sp/>&lt;cmath&gt;</highlight><highlight class="normal"><sp/></highlight></codeline>
<codeline lineno="14"><highlight class="normal"></highlight><highlight class="preprocessor">#include<sp/>&lt;vector&gt;</highlight><highlight class="normal"></highlight></codeline>
<codeline lineno="15"><highlight class="normal"></highlight></codeline>
<codeline lineno="16"><highlight class="normal"></highlight></codeline>
<codeline lineno="17"><highlight class="normal"></highlight></codeline>
<codeline lineno="25" refid="tablacdp_otra_8hpp_1abd16ae77f8cbb1a6be352d4322a36a42" refkind="member"><highlight class="normal"></highlight><highlight class="keywordtype">int</highlight><highlight class="normal"><sp/><ref refid="tablacdp_otra_8hpp_1abd16ae77f8cbb1a6be352d4322a36a42" kindref="member">ejecutarSQLCDP</ref>(sqlite3*<sp/>db,<sp/></highlight><highlight class="keyword">const</highlight><highlight class="normal"><sp/>std::string&amp;<sp/>consulta)<sp/>{</highlight></codeline>
<codeline lineno="26"><highlight class="normal"><sp/><sp/><sp/><sp/></highlight><highlight class="keywordtype">char</highlight><highlight class="normal">*<sp/>mensajeError<sp/>=<sp/></highlight><highlight class="keyword">nullptr</highlight><highlight class="normal">;</highlight></codeline>
<codeline lineno="27"><highlight class="normal"><sp/><sp/><sp/><sp/></highlight><highlight class="keywordtype">int</highlight><highlight class="normal"><sp/>resultado<sp/>=<sp/>sqlite3_exec(db,<sp/>consulta.c_str(),<sp/></highlight><highlight class="keyword">nullptr</highlight><highlight class="normal">,<sp/></highlight><highlight class="keyword">nullptr</highlight><highlight class="normal">,<sp/>&amp;mensajeError);</highlight></codeline>
<codeline lineno="28"><highlight class="normal"><sp/><sp/><sp/><sp/></highlight><highlight class="keywordflow">if</highlight><highlight class="normal"><sp/>(resultado<sp/>!=<sp/>SQLITE_OK)<sp/>{</highlight></codeline>
<codeline lineno="29"><highlight class="normal"><sp/><sp/><sp/><sp/><sp/><sp/><sp/><sp/>std::cerr<sp/>&lt;&lt;<sp/></highlight><highlight class="stringliteral">&quot;Error<sp/>ejecutando<sp/>SQL:<sp/>&quot;</highlight><highlight class="normal"><sp/>&lt;&lt;<sp/>mensajeError<sp/>&lt;&lt;<sp/>std::endl;</highlight></codeline>
<codeline lineno="30"><highlight class="normal"><sp/><sp/><sp/><sp/><sp/><sp/><sp/><sp/>sqlite3_free(mensajeError);</highlight></codeline>
<codeline lineno="31"><highlight class="normal"><sp/><sp/><sp/><sp/>}</highlight></codeline>
<codeline lineno="32"><highlight class="normal"><sp/><sp/><sp/><sp/></highlight><highlight class="keywordflow">return</highlight><highlight class="normal"><sp/>resultado;</highlight></codeline>
<codeline lineno="33"><highlight class="normal">}</highlight></codeline>
<codeline lineno="34"><highlight class="normal"></highlight></codeline>
<codeline lineno="44"><highlight class="normal"></highlight><highlight class="keyword">static</highlight><highlight class="normal"><sp/></highlight><highlight class="keywordtype">int</highlight><highlight class="normal"><sp/>callbackC(</highlight><highlight class="keywordtype">void</highlight><highlight class="normal"><sp/>*data,<sp/></highlight><highlight class="keywordtype">int</highlight><highlight class="normal"><sp/>argc,<sp/></highlight><highlight class="keywordtype">char</highlight><highlight class="normal"><sp/>**argv,<sp/></highlight><highlight class="keywordtype">char</highlight><highlight class="normal"><sp/>**azColName)<sp/>{</highlight></codeline>
<codeline lineno="45"><highlight class="normal"><sp/><sp/><sp/><sp/>std::cout<sp/>&lt;&lt;<sp/>std::setw(7)<sp/>&lt;&lt;<sp/>(argv[0]<sp/>?<sp/>argv[0]<sp/>:<sp/></highlight><highlight class="stringliteral">&quot;NULL&quot;</highlight><highlight class="normal">)<sp/>&lt;&lt;<sp/></highlight><highlight class="stringliteral">&quot;<sp/>|<sp/>&quot;</highlight><highlight class="normal"></highlight></codeline>
<codeline lineno="46"><highlight class="normal"><sp/><sp/><sp/><sp/><sp/><sp/><sp/><sp/><sp/><sp/><sp/><sp/><sp/><sp/>&lt;&lt;<sp/>std::setw(10)<sp/>&lt;&lt;<sp/>(argv[1]<sp/>?<sp/>argv[1]<sp/>:<sp/></highlight><highlight class="stringliteral">&quot;NULL&quot;</highlight><highlight class="normal">)<sp/>&lt;&lt;<sp/></highlight><highlight class="stringliteral">&quot;<sp/>|<sp/>&quot;</highlight><highlight class="normal"></highlight></codeline>
<codeline lineno="47"><highlight class="normal"><sp/><sp/><sp/><sp/><sp/><sp/><sp/><sp/><sp/><sp/><sp/><sp/><sp/><sp/>&lt;&lt;<sp/>std::setw(10)<sp/>&lt;&lt;<sp/>(argv[2]<sp/>?<sp/>argv[2]<sp/>:<sp/></highlight><highlight class="stringliteral">&quot;NULL&quot;</highlight><highlight class="normal">)<sp/>&lt;&lt;<sp/></highlight><highlight class="stringliteral">&quot;<sp/>|<sp/>&quot;</highlight><highlight class="normal"></highlight></codeline>
<codeline lineno="48"><highlight class="normal"><sp/><sp/><sp/><sp/><sp/><sp/><sp/><sp/><sp/><sp/><sp/><sp/><sp/><sp/>&lt;&lt;<sp/>std::setw(16)<sp/>&lt;&lt;<sp/>(argv[3]<sp/>?<sp/>argv[3]<sp/>:<sp/></highlight><highlight class="stringliteral">&quot;NULL&quot;</highlight><highlight class="normal">)<sp/>&lt;&lt;<sp/></highlight><highlight class="stringliteral">&quot;<sp/>|<sp/>&quot;</highlight><highlight class="normal"></highlight></codeline>
<codeline lineno="49"><highlight class="normal"><sp/><sp/><sp/><sp/><sp/><sp/><sp/><sp/><sp/><sp/><sp/><sp/><sp/><sp/>&lt;&lt;<sp/>std::setw(10)<sp/>&lt;&lt;<sp/>(argv[4]<sp/>?<sp/>argv[4]<sp/>:<sp/></highlight><highlight class="stringliteral">&quot;NULL&quot;</highlight><highlight class="normal">)<sp/>&lt;&lt;<sp/></highlight><highlight class="stringliteral">&quot;<sp/>|<sp/>&quot;</highlight><highlight class="normal"></highlight></codeline>
<codeline lineno="50"><highlight class="normal"><sp/><sp/><sp/><sp/><sp/><sp/><sp/><sp/><sp/><sp/><sp/><sp/><sp/><sp/>&lt;&lt;<sp/>std::setw(19)<sp/>&lt;&lt;<sp/>(argv[5]<sp/>?<sp/>argv[5]<sp/>:<sp/></highlight><highlight class="stringliteral">&quot;NULL&quot;</highlight><highlight class="normal">)<sp/>&lt;&lt;<sp/></highlight><highlight class="stringliteral">&quot;<sp/>|<sp/>&quot;</highlight><highlight class="normal"></highlight></codeline>
<codeline lineno="51"><highlight class="normal"><sp/><sp/><sp/><sp/><sp/><sp/><sp/><sp/><sp/><sp/><sp/><sp/><sp/><sp/>&lt;&lt;<sp/>std::setw(10)<sp/>&lt;&lt;<sp/>(argv[6]<sp/>?<sp/>argv[6]<sp/>:<sp/></highlight><highlight class="stringliteral">&quot;NULL&quot;</highlight><highlight class="normal">)<sp/>&lt;&lt;<sp/></highlight><highlight class="stringliteral">&quot;<sp/>|<sp/>&quot;</highlight><highlight class="normal"></highlight></codeline>
<codeline lineno="52"><highlight class="normal"><sp/><sp/><sp/><sp/><sp/><sp/><sp/><sp/><sp/><sp/><sp/><sp/><sp/><sp/>&lt;&lt;<sp/>std::setw(16)<sp/>&lt;&lt;<sp/>(argv[7]<sp/>?<sp/>argv[7]<sp/>:<sp/></highlight><highlight class="stringliteral">&quot;NULL&quot;</highlight><highlight class="normal">)<sp/>&lt;&lt;<sp/></highlight><highlight class="stringliteral">&quot;<sp/>|<sp/>&quot;</highlight><highlight class="normal"></highlight></codeline>
<codeline lineno="53"><highlight class="normal"><sp/><sp/><sp/><sp/><sp/><sp/><sp/><sp/><sp/><sp/><sp/><sp/><sp/><sp/>&lt;&lt;<sp/>std::setw(14)<sp/>&lt;&lt;<sp/>(argv[8]<sp/>?<sp/>argv[8]<sp/>:<sp/></highlight><highlight class="stringliteral">&quot;NULL&quot;</highlight><highlight class="normal">)<sp/>&lt;&lt;<sp/></highlight><highlight class="stringliteral">&quot;<sp/>|<sp/>&quot;</highlight><highlight class="normal"></highlight></codeline>
<codeline lineno="54"><highlight class="normal"><sp/><sp/><sp/><sp/><sp/><sp/><sp/><sp/><sp/><sp/><sp/><sp/><sp/><sp/>&lt;&lt;<sp/>std::setw(17)<sp/>&lt;&lt;<sp/>(argv[9]<sp/>?<sp/>argv[9]<sp/>:<sp/></highlight><highlight class="stringliteral">&quot;NULL&quot;</highlight><highlight class="normal">)<sp/>&lt;&lt;<sp/></highlight><highlight class="stringliteral">&quot;<sp/>|<sp/>&quot;</highlight><highlight class="normal"></highlight></codeline>
<codeline lineno="55"><highlight class="normal"><sp/><sp/><sp/><sp/><sp/><sp/><sp/><sp/><sp/><sp/><sp/><sp/><sp/><sp/>&lt;&lt;<sp/>std::setw(8)<sp/>&lt;&lt;<sp/>(argv[10]<sp/>?<sp/>argv[10]<sp/>:<sp/></highlight><highlight class="stringliteral">&quot;NULL&quot;</highlight><highlight class="normal">)<sp/>&lt;&lt;<sp/></highlight><highlight class="stringliteral">&quot;<sp/>|<sp/>&quot;</highlight><highlight class="normal"><sp/>&lt;&lt;<sp/>std::endl;</highlight></codeline>
<codeline lineno="56"><highlight class="normal"><sp/><sp/><sp/><sp/></highlight><highlight class="keywordflow">return</highlight><highlight class="normal"><sp/>0;</highlight></codeline>
<codeline lineno="57"><highlight class="normal">}</highlight></codeline>
<codeline lineno="58"><highlight class="normal"></highlight></codeline>
<codeline lineno="62" refid="tablacdp_otra_8hpp_1a2ed1b95480b965b8c771a0ab480151b1" refkind="member"><highlight class="normal"></highlight><highlight class="keywordtype">void</highlight><highlight class="normal"><sp/><ref refid="tablacdp_otra_8hpp_1a2ed1b95480b965b8c771a0ab480151b1" kindref="member">printTableHeadersCDP</ref>()<sp/>{</highlight></codeline>
<codeline lineno="63"><highlight class="normal"><sp/><sp/><sp/><sp/>std::cout<sp/>&lt;&lt;<sp/>std::setw(85)<sp/>&lt;&lt;<sp/>std::setfill(</highlight><highlight class="charliteral">&apos;<sp/>&apos;</highlight><highlight class="normal">)<sp/>&lt;&lt;<sp/></highlight><highlight class="stringliteral">&quot;tablaCDP&quot;</highlight><highlight class="normal"><sp/>&lt;&lt;<sp/>std::endl<sp/>&lt;&lt;<sp/>std::endl;</highlight></codeline>
<codeline lineno="64"><highlight class="normal"><sp/><sp/><sp/><sp/>std::cout<sp/>&lt;&lt;<sp/>std::setw(7)<sp/>&lt;&lt;<sp/></highlight><highlight class="stringliteral">&quot;IdCDP&quot;</highlight><highlight class="normal"><sp/>&lt;&lt;<sp/></highlight><highlight class="stringliteral">&quot;<sp/>|<sp/>&quot;</highlight><highlight class="normal"><sp/><sp/><sp/><sp/><sp/><sp/><sp/><sp/><sp/><sp/><sp/><sp/><sp/><sp/><sp/><sp/></highlight><highlight class="comment">//1</highlight><highlight class="normal"></highlight></codeline>
<codeline lineno="65"><highlight class="normal"><sp/><sp/><sp/><sp/><sp/><sp/><sp/><sp/><sp/><sp/><sp/><sp/><sp/><sp/>&lt;&lt;<sp/>std::setw(10)<sp/>&lt;&lt;<sp/></highlight><highlight class="stringliteral">&quot;Cedula&quot;</highlight><highlight class="normal"><sp/>&lt;&lt;<sp/></highlight><highlight class="stringliteral">&quot;<sp/>|<sp/>&quot;</highlight><highlight class="normal"><sp/><sp/><sp/><sp/><sp/><sp/><sp/><sp/><sp/><sp/><sp/><sp/><sp/><sp/></highlight><highlight class="comment">//2</highlight><highlight class="normal"></highlight></codeline>
<codeline lineno="66"><highlight class="normal"><sp/><sp/><sp/><sp/><sp/><sp/><sp/><sp/><sp/><sp/><sp/><sp/><sp/><sp/>&lt;&lt;<sp/>std::setw(10)<sp/>&lt;&lt;<sp/></highlight><highlight class="stringliteral">&quot;IdCliente&quot;</highlight><highlight class="normal"><sp/>&lt;&lt;<sp/></highlight><highlight class="stringliteral">&quot;<sp/>|<sp/>&quot;</highlight><highlight class="normal"><sp/><sp/><sp/><sp/><sp/><sp/><sp/><sp/><sp/><sp/><sp/></highlight><highlight class="comment">//3</highlight><highlight class="normal"></highlight></codeline>
<codeline lineno="67"><highlight class="normal"><sp/><sp/><sp/><sp/><sp/><sp/><sp/><sp/><sp/><sp/><sp/><sp/><sp/><sp/>&lt;&lt;<sp/>std::setw(14)<sp/>&lt;&lt;<sp/></highlight><highlight class="stringliteral">&quot;FechaCreacionCDP&quot;</highlight><highlight class="normal"><sp/>&lt;&lt;<sp/></highlight><highlight class="stringliteral">&quot;<sp/>|<sp/>&quot;</highlight><highlight class="normal"><sp/><sp/><sp/><sp/></highlight><highlight class="comment">//4</highlight><highlight class="normal"></highlight></codeline>
<codeline lineno="68"><highlight class="normal"><sp/><sp/><sp/><sp/><sp/><sp/><sp/><sp/><sp/><sp/><sp/><sp/><sp/><sp/>&lt;&lt;<sp/>std::setw(10)<sp/>&lt;&lt;<sp/></highlight><highlight class="stringliteral">&quot;DivisaCDP&quot;</highlight><highlight class="normal"><sp/>&lt;&lt;<sp/></highlight><highlight class="stringliteral">&quot;<sp/>|<sp/>&quot;</highlight><highlight class="normal"><sp/><sp/><sp/><sp/><sp/><sp/><sp/><sp/><sp/><sp/><sp/></highlight><highlight class="comment">//5</highlight><highlight class="normal"></highlight></codeline>
<codeline lineno="69"><highlight class="normal"><sp/><sp/><sp/><sp/><sp/><sp/><sp/><sp/><sp/><sp/><sp/><sp/><sp/><sp/>&lt;&lt;<sp/>std::setw(17)<sp/>&lt;&lt;<sp/></highlight><highlight class="stringliteral">&quot;FechaVencimientoCDP&quot;</highlight><highlight class="normal"><sp/>&lt;&lt;<sp/></highlight><highlight class="stringliteral">&quot;<sp/>|<sp/>&quot;</highlight><highlight class="normal"><sp/></highlight><highlight class="comment">//6</highlight><highlight class="normal"></highlight></codeline>
<codeline lineno="70"><highlight class="normal"><sp/><sp/><sp/><sp/><sp/><sp/><sp/><sp/><sp/><sp/><sp/><sp/><sp/><sp/>&lt;&lt;<sp/>std::setw(10)<sp/>&lt;&lt;<sp/></highlight><highlight class="stringliteral">&quot;MontoCDP&quot;</highlight><highlight class="normal"><sp/>&lt;&lt;<sp/></highlight><highlight class="stringliteral">&quot;<sp/>|<sp/>&quot;</highlight><highlight class="normal"><sp/><sp/><sp/><sp/><sp/><sp/><sp/><sp/><sp/><sp/><sp/><sp/></highlight><highlight class="comment">//7</highlight><highlight class="normal"></highlight></codeline>
<codeline lineno="71"><highlight class="normal"><sp/><sp/><sp/><sp/><sp/><sp/><sp/><sp/><sp/><sp/><sp/><sp/><sp/><sp/>&lt;&lt;<sp/>std::setw(16)<sp/>&lt;&lt;<sp/></highlight><highlight class="stringliteral">&quot;InteresesGanados&quot;</highlight><highlight class="normal"><sp/>&lt;&lt;<sp/></highlight><highlight class="stringliteral">&quot;<sp/>|<sp/>&quot;</highlight><highlight class="normal"><sp/><sp/><sp/><sp/></highlight><highlight class="comment">//8</highlight><highlight class="normal"></highlight></codeline>
<codeline lineno="72"><highlight class="normal"><sp/><sp/><sp/><sp/><sp/><sp/><sp/><sp/><sp/><sp/><sp/><sp/><sp/><sp/>&lt;&lt;<sp/>std::setw(14)<sp/>&lt;&lt;<sp/></highlight><highlight class="stringliteral">&quot;TasaInteresCDP&quot;</highlight><highlight class="normal"><sp/>&lt;&lt;<sp/></highlight><highlight class="stringliteral">&quot;<sp/>|<sp/>&quot;</highlight><highlight class="normal"><sp/><sp/><sp/><sp/><sp/><sp/></highlight><highlight class="comment">//9</highlight><highlight class="normal"></highlight></codeline>
<codeline lineno="73"><highlight class="normal"><sp/><sp/><sp/><sp/><sp/><sp/><sp/><sp/><sp/><sp/><sp/><sp/><sp/><sp/>&lt;&lt;<sp/>std::setw(17)<sp/>&lt;&lt;<sp/></highlight><highlight class="stringliteral">&quot;MesesFaltantesCDP&quot;</highlight><highlight class="normal"><sp/>&lt;&lt;<sp/></highlight><highlight class="stringliteral">&quot;<sp/>|<sp/>&quot;</highlight><highlight class="normal"><sp/><sp/><sp/></highlight><highlight class="comment">//10</highlight><highlight class="normal"></highlight></codeline>
<codeline lineno="74"><highlight class="normal"><sp/><sp/><sp/><sp/><sp/><sp/><sp/><sp/><sp/><sp/><sp/><sp/><sp/><sp/>&lt;&lt;<sp/>std::setw(8)<sp/>&lt;&lt;<sp/></highlight><highlight class="stringliteral">&quot;Plazo&quot;</highlight><highlight class="normal"><sp/>&lt;&lt;<sp/></highlight><highlight class="stringliteral">&quot;<sp/>|<sp/>&quot;</highlight><highlight class="normal"><sp/>&lt;&lt;<sp/>std::endl;<sp/><sp/></highlight><highlight class="comment">//11</highlight><highlight class="normal"></highlight></codeline>
<codeline lineno="75"><highlight class="normal"><sp/><sp/><sp/><sp/>std::cout<sp/>&lt;&lt;<sp/>std::string(7,<sp/></highlight><highlight class="charliteral">&apos;-&apos;</highlight><highlight class="normal">)<sp/>&lt;&lt;<sp/></highlight><highlight class="stringliteral">&quot;<sp/>|<sp/>&quot;</highlight><highlight class="normal"><sp/><sp/><sp/><sp/><sp/><sp/><sp/><sp/><sp/><sp/><sp/><sp/><sp/><sp/><sp/></highlight><highlight class="comment">//1</highlight><highlight class="normal"></highlight></codeline>
<codeline lineno="76"><highlight class="normal"><sp/><sp/><sp/><sp/><sp/><sp/><sp/><sp/><sp/><sp/><sp/><sp/><sp/><sp/>&lt;&lt;<sp/>std::string(10,<sp/></highlight><highlight class="charliteral">&apos;-&apos;</highlight><highlight class="normal">)<sp/>&lt;&lt;<sp/></highlight><highlight class="stringliteral">&quot;<sp/>|<sp/>&quot;</highlight><highlight class="normal"><sp/><sp/><sp/><sp/><sp/><sp/><sp/><sp/><sp/><sp/><sp/><sp/><sp/><sp/></highlight><highlight class="comment">//2</highlight><highlight class="normal"></highlight></codeline>
<codeline lineno="77"><highlight class="normal"><sp/><sp/><sp/><sp/><sp/><sp/><sp/><sp/><sp/><sp/><sp/><sp/><sp/><sp/>&lt;&lt;<sp/>std::string(10,<sp/></highlight><highlight class="charliteral">&apos;-&apos;</highlight><highlight class="normal">)<sp/>&lt;&lt;<sp/></highlight><highlight class="stringliteral">&quot;<sp/>|<sp/>&quot;</highlight><highlight class="normal"><sp/><sp/><sp/><sp/><sp/><sp/><sp/><sp/><sp/><sp/><sp/><sp/><sp/><sp/></highlight><highlight class="comment">//3</highlight><highlight class="normal"></highlight></codeline>
<codeline lineno="78"><highlight class="normal"><sp/><sp/><sp/><sp/><sp/><sp/><sp/><sp/><sp/><sp/><sp/><sp/><sp/><sp/>&lt;&lt;<sp/>std::string(16,<sp/></highlight><highlight class="charliteral">&apos;-&apos;</highlight><highlight class="normal">)<sp/>&lt;&lt;<sp/></highlight><highlight class="stringliteral">&quot;<sp/>|<sp/>&quot;</highlight><highlight class="normal"><sp/><sp/><sp/><sp/><sp/><sp/><sp/><sp/><sp/><sp/><sp/><sp/><sp/><sp/></highlight><highlight class="comment">//4</highlight><highlight class="normal"></highlight></codeline>
<codeline lineno="79"><highlight class="normal"><sp/><sp/><sp/><sp/><sp/><sp/><sp/><sp/><sp/><sp/><sp/><sp/><sp/><sp/>&lt;&lt;<sp/>std::string(10,<sp/></highlight><highlight class="charliteral">&apos;-&apos;</highlight><highlight class="normal">)<sp/>&lt;&lt;<sp/></highlight><highlight class="stringliteral">&quot;<sp/>|<sp/>&quot;</highlight><highlight class="normal"><sp/><sp/><sp/><sp/><sp/><sp/><sp/><sp/><sp/><sp/><sp/><sp/><sp/><sp/></highlight><highlight class="comment">//5</highlight><highlight class="normal"></highlight></codeline>
<codeline lineno="80"><highlight class="normal"><sp/><sp/><sp/><sp/><sp/><sp/><sp/><sp/><sp/><sp/><sp/><sp/><sp/><sp/>&lt;&lt;<sp/>std::string(19,<sp/></highlight><highlight class="charliteral">&apos;-&apos;</highlight><highlight class="normal">)<sp/>&lt;&lt;<sp/></highlight><highlight class="stringliteral">&quot;<sp/>|<sp/>&quot;</highlight><highlight class="normal"><sp/><sp/><sp/><sp/><sp/><sp/><sp/><sp/><sp/><sp/><sp/><sp/><sp/><sp/></highlight><highlight class="comment">//6</highlight><highlight class="normal"></highlight></codeline>
<codeline lineno="81"><highlight class="normal"><sp/><sp/><sp/><sp/><sp/><sp/><sp/><sp/><sp/><sp/><sp/><sp/><sp/><sp/>&lt;&lt;<sp/>std::string(10,<sp/></highlight><highlight class="charliteral">&apos;-&apos;</highlight><highlight class="normal">)<sp/>&lt;&lt;<sp/></highlight><highlight class="stringliteral">&quot;<sp/>|<sp/>&quot;</highlight><highlight class="normal"><sp/><sp/><sp/><sp/><sp/><sp/><sp/><sp/><sp/><sp/><sp/><sp/><sp/><sp/></highlight><highlight class="comment">//7</highlight><highlight class="normal"></highlight></codeline>
<codeline lineno="82"><highlight class="normal"><sp/><sp/><sp/><sp/><sp/><sp/><sp/><sp/><sp/><sp/><sp/><sp/><sp/><sp/>&lt;&lt;<sp/>std::string(16,<sp/></highlight><highlight class="charliteral">&apos;-&apos;</highlight><highlight class="normal">)<sp/>&lt;&lt;<sp/></highlight><highlight class="stringliteral">&quot;<sp/>|<sp/>&quot;</highlight><highlight class="normal"><sp/><sp/><sp/><sp/><sp/><sp/><sp/><sp/><sp/><sp/><sp/><sp/><sp/><sp/></highlight><highlight class="comment">//8</highlight><highlight class="normal"></highlight></codeline>
<codeline lineno="83"><highlight class="normal"><sp/><sp/><sp/><sp/><sp/><sp/><sp/><sp/><sp/><sp/><sp/><sp/><sp/><sp/>&lt;&lt;<sp/>std::string(14,<sp/></highlight><highlight class="charliteral">&apos;-&apos;</highlight><highlight class="normal">)<sp/>&lt;&lt;<sp/></highlight><highlight class="stringliteral">&quot;<sp/>|<sp/>&quot;</highlight><highlight class="normal"><sp/><sp/><sp/><sp/><sp/><sp/><sp/><sp/><sp/><sp/><sp/><sp/><sp/><sp/></highlight><highlight class="comment">//9</highlight><highlight class="normal"></highlight></codeline>
<codeline lineno="84"><highlight class="normal"><sp/><sp/><sp/><sp/><sp/><sp/><sp/><sp/><sp/><sp/><sp/><sp/><sp/><sp/>&lt;&lt;<sp/>std::string(17,<sp/></highlight><highlight class="charliteral">&apos;-&apos;</highlight><highlight class="normal">)<sp/>&lt;&lt;<sp/></highlight><highlight class="stringliteral">&quot;<sp/>|<sp/>&quot;</highlight><highlight class="normal"><sp/><sp/><sp/><sp/><sp/><sp/><sp/><sp/><sp/><sp/><sp/><sp/><sp/><sp/></highlight><highlight class="comment">//10</highlight><highlight class="normal"></highlight></codeline>
<codeline lineno="85"><highlight class="normal"><sp/><sp/><sp/><sp/><sp/><sp/><sp/><sp/><sp/><sp/><sp/><sp/><sp/><sp/>&lt;&lt;<sp/>std::string(8,<sp/></highlight><highlight class="charliteral">&apos;-&apos;</highlight><highlight class="normal">)<sp/>&lt;&lt;<sp/></highlight><highlight class="stringliteral">&quot;<sp/>|<sp/>&quot;</highlight><highlight class="normal"><sp/>&lt;&lt;<sp/>std::endl;<sp/></highlight><highlight class="comment">//11</highlight><highlight class="normal"></highlight></codeline>
<codeline lineno="86"><highlight class="normal">}</highlight></codeline>
<codeline lineno="87"><highlight class="normal"></highlight></codeline>
<codeline lineno="93" refid="tablacdp_otra_8hpp_1a0f789a02a3ddf2e32dc8abca6f96590b" refkind="member"><highlight class="normal"></highlight><highlight class="keywordtype">void</highlight><highlight class="normal"><sp/><ref refid="tablacdp_otra_8hpp_1a0f789a02a3ddf2e32dc8abca6f96590b" kindref="member">crearTablaCDP</ref>(sqlite3<sp/>*db)<sp/>{</highlight></codeline>
<codeline lineno="94"><highlight class="normal"><sp/><sp/><sp/><sp/></highlight><highlight class="keyword">const</highlight><highlight class="normal"><sp/></highlight><highlight class="keywordtype">char</highlight><highlight class="normal"><sp/>*sql_create_table<sp/>=<sp/></highlight></codeline>
<codeline lineno="95"><highlight class="normal"><sp/><sp/><sp/><sp/><sp/><sp/><sp/><sp/></highlight><highlight class="stringliteral">&quot;CREATE<sp/>TABLE<sp/>IF<sp/>NOT<sp/>EXISTS<sp/>tablaCDP<sp/>(&quot;</highlight><highlight class="normal"></highlight></codeline>
<codeline lineno="96"><highlight class="normal"><sp/><sp/><sp/><sp/><sp/><sp/><sp/><sp/><sp/><sp/><sp/><sp/><sp/><sp/><sp/><sp/><sp/><sp/><sp/><sp/><sp/><sp/><sp/><sp/><sp/><sp/><sp/></highlight><highlight class="stringliteral">&quot;IdCDP<sp/>INTEGER<sp/>PRIMARY<sp/>KEY<sp/>UNIQUE,&quot;</highlight><highlight class="normal"></highlight></codeline>
<codeline lineno="97"><highlight class="normal"><sp/><sp/><sp/><sp/><sp/><sp/><sp/><sp/><sp/><sp/><sp/><sp/><sp/><sp/><sp/><sp/><sp/><sp/><sp/><sp/><sp/><sp/><sp/><sp/><sp/><sp/><sp/></highlight><highlight class="stringliteral">&quot;Cedula<sp/>TEXT,&quot;</highlight><highlight class="normal"></highlight></codeline>
<codeline lineno="98"><highlight class="normal"><sp/><sp/><sp/><sp/><sp/><sp/><sp/><sp/><sp/><sp/><sp/><sp/><sp/><sp/><sp/><sp/><sp/><sp/><sp/><sp/><sp/><sp/><sp/><sp/><sp/><sp/><sp/></highlight><highlight class="stringliteral">&quot;IdCliente<sp/>INTEGER,&quot;</highlight><highlight class="normal"></highlight></codeline>
<codeline lineno="99"><highlight class="normal"><sp/><sp/><sp/><sp/><sp/><sp/><sp/><sp/><sp/><sp/><sp/><sp/><sp/><sp/><sp/><sp/><sp/><sp/><sp/><sp/><sp/><sp/><sp/><sp/><sp/><sp/><sp/></highlight><highlight class="stringliteral">&quot;FechaCreacionCDP<sp/>TEXT,&quot;</highlight><highlight class="normal"></highlight></codeline>
<codeline lineno="100"><highlight class="normal"><sp/><sp/><sp/><sp/><sp/><sp/><sp/><sp/><sp/><sp/><sp/><sp/><sp/><sp/><sp/><sp/><sp/><sp/><sp/><sp/><sp/><sp/><sp/><sp/><sp/><sp/><sp/></highlight><highlight class="stringliteral">&quot;DivisaCDP<sp/>TEXT,&quot;</highlight><highlight class="normal"></highlight></codeline>
<codeline lineno="101"><highlight class="normal"><sp/><sp/><sp/><sp/><sp/><sp/><sp/><sp/><sp/><sp/><sp/><sp/><sp/><sp/><sp/><sp/><sp/><sp/><sp/><sp/><sp/><sp/><sp/><sp/><sp/><sp/><sp/></highlight><highlight class="stringliteral">&quot;FechaVencimientoCDP<sp/>TEXT,&quot;</highlight><highlight class="normal"></highlight></codeline>
<codeline lineno="102"><highlight class="normal"><sp/><sp/><sp/><sp/><sp/><sp/><sp/><sp/><sp/><sp/><sp/><sp/><sp/><sp/><sp/><sp/><sp/><sp/><sp/><sp/><sp/><sp/><sp/><sp/><sp/><sp/><sp/></highlight><highlight class="stringliteral">&quot;MontoCDP<sp/>REAL,&quot;</highlight><highlight class="normal"></highlight></codeline>
<codeline lineno="103"><highlight class="normal"><sp/><sp/><sp/><sp/><sp/><sp/><sp/><sp/><sp/><sp/><sp/><sp/><sp/><sp/><sp/><sp/><sp/><sp/><sp/><sp/><sp/><sp/><sp/><sp/><sp/><sp/><sp/></highlight><highlight class="stringliteral">&quot;InteresesGanados<sp/>REAL,&quot;</highlight><highlight class="normal"></highlight></codeline>
<codeline lineno="104"><highlight class="normal"><sp/><sp/><sp/><sp/><sp/><sp/><sp/><sp/><sp/><sp/><sp/><sp/><sp/><sp/><sp/><sp/><sp/><sp/><sp/><sp/><sp/><sp/><sp/><sp/><sp/><sp/><sp/></highlight><highlight class="stringliteral">&quot;TasaInteresCDP<sp/>REAL,&quot;</highlight><highlight class="normal"></highlight></codeline>
<codeline lineno="105"><highlight class="normal"><sp/><sp/><sp/><sp/><sp/><sp/><sp/><sp/><sp/><sp/><sp/><sp/><sp/><sp/><sp/><sp/><sp/><sp/><sp/><sp/><sp/><sp/><sp/><sp/><sp/><sp/><sp/></highlight><highlight class="stringliteral">&quot;MesesFaltantesCDP<sp/>INTEGER,&quot;</highlight><highlight class="normal"></highlight></codeline>
<codeline lineno="106"><highlight class="normal"><sp/><sp/><sp/><sp/><sp/><sp/><sp/><sp/><sp/><sp/><sp/><sp/><sp/><sp/><sp/><sp/><sp/><sp/><sp/><sp/><sp/><sp/><sp/><sp/><sp/><sp/><sp/></highlight><highlight class="stringliteral">&quot;Plazo<sp/>TEXT&quot;</highlight><highlight class="normal"></highlight></codeline>
<codeline lineno="107"><highlight class="normal"><sp/><sp/><sp/><sp/><sp/><sp/><sp/><sp/><sp/><sp/><sp/><sp/><sp/><sp/><sp/><sp/><sp/><sp/><sp/><sp/><sp/><sp/><sp/><sp/><sp/><sp/><sp/></highlight><highlight class="stringliteral">&quot;)&quot;</highlight><highlight class="normal">;</highlight></codeline>
<codeline lineno="108"><highlight class="normal"><sp/><sp/><sp/><sp/></highlight><highlight class="keywordtype">char</highlight><highlight class="normal"><sp/>*err_msg<sp/>=<sp/></highlight><highlight class="keyword">nullptr</highlight><highlight class="normal">;</highlight></codeline>
<codeline lineno="109"><highlight class="normal"><sp/><sp/><sp/><sp/></highlight><highlight class="keywordtype">int</highlight><highlight class="normal"><sp/>rc<sp/>=<sp/>sqlite3_exec(db,<sp/>sql_create_table,<sp/>0,<sp/>0,<sp/>&amp;err_msg);</highlight></codeline>
<codeline lineno="110"><highlight class="normal"><sp/><sp/><sp/><sp/></highlight></codeline>
<codeline lineno="111"><highlight class="normal"><sp/><sp/><sp/><sp/></highlight><highlight class="keywordflow">if</highlight><highlight class="normal"><sp/>(rc<sp/>!=<sp/>SQLITE_OK)<sp/>{</highlight></codeline>
<codeline lineno="112"><highlight class="normal"><sp/><sp/><sp/><sp/><sp/><sp/><sp/><sp/>std::cerr<sp/>&lt;&lt;<sp/></highlight><highlight class="stringliteral">&quot;Error<sp/>creando<sp/>la<sp/>tabla:<sp/>&quot;</highlight><highlight class="normal"><sp/>&lt;&lt;<sp/>err_msg<sp/>&lt;&lt;<sp/>std::endl;</highlight></codeline>
<codeline lineno="113"><highlight class="normal"><sp/><sp/><sp/><sp/><sp/><sp/><sp/><sp/>sqlite3_free(err_msg);</highlight></codeline>
<codeline lineno="114"><highlight class="normal"><sp/><sp/><sp/><sp/>}<sp/></highlight><highlight class="keywordflow">else</highlight><highlight class="normal"><sp/>{</highlight></codeline>
<codeline lineno="115"><highlight class="normal"><sp/><sp/><sp/><sp/><sp/><sp/><sp/><sp/>std::cout<sp/>&lt;&lt;<sp/></highlight><highlight class="stringliteral">&quot;Tabla<sp/>creada<sp/>exitosamente&quot;</highlight><highlight class="normal"><sp/>&lt;&lt;<sp/>std::endl;</highlight></codeline>
<codeline lineno="116"><highlight class="normal"><sp/><sp/><sp/><sp/>}</highlight></codeline>
<codeline lineno="117"><highlight class="normal">}</highlight></codeline>
<codeline lineno="118"><highlight class="normal"></highlight></codeline>
<codeline lineno="124" refid="tablacdp_otra_8hpp_1ae5c55223694ef040c57bd7141118f54a" refkind="member"><highlight class="normal"></highlight><highlight class="keywordtype">void</highlight><highlight class="normal"><sp/><ref refid="tablacdp_otra_8hpp_1ae5c55223694ef040c57bd7141118f54a" kindref="member">insertarCDP</ref>(sqlite3<sp/>*db)<sp/>{</highlight></codeline>
<codeline lineno="125"><highlight class="normal"><sp/><sp/><sp/><sp/></highlight><highlight class="keyword">const</highlight><highlight class="normal"><sp/></highlight><highlight class="keywordtype">char</highlight><highlight class="normal"><sp/>*sql_insert_data<sp/>=<sp/>R</highlight><highlight class="stringliteral">&quot;(</highlight></codeline>
<codeline lineno="126"><highlight class="stringliteral"><sp/><sp/><sp/><sp/><sp/><sp/><sp/><sp/>INSERT<sp/>INTO<sp/>tablaCDP<sp/>(IdCDP,<sp/>Cedula,<sp/>IdCliente,<sp/>FechaCreacionCDP,<sp/>DivisaCDP,<sp/>FechaVencimientoCDP,<sp/>MontoCDP,<sp/>InteresesGanados,<sp/>TasaInteresCDP,<sp/>MesesFaltantesCDP,<sp/>Plazo)<sp/>VALUES</highlight></codeline>
<codeline lineno="127"><highlight class="stringliteral"><sp/><sp/><sp/><sp/><sp/><sp/><sp/><sp/>(7000001,<sp/>&apos;702890948&apos;,<sp/>2701006,<sp/>&apos;2023-11-30&apos;,<sp/>&apos;Dolares&apos;,<sp/>&apos;2028-05-30&apos;,<sp/>15000.0,<sp/>1500.0,<sp/>3.01,<sp/>47,<sp/>54),</highlight></codeline>
<codeline lineno="128"><highlight class="stringliteral"><sp/><sp/><sp/><sp/><sp/><sp/><sp/><sp/>(7000002,<sp/>&apos;702890950&apos;,<sp/>2701027,<sp/>&apos;2023-08-02&apos;,<sp/>&apos;Dolares&apos;,<sp/>&apos;2024-09-02&apos;,<sp/>10000.0,<sp/>1800.0,<sp/>0.18,<sp/>3,<sp/>13),</highlight></codeline>
<codeline lineno="129"><highlight class="stringliteral"><sp/><sp/><sp/><sp/><sp/><sp/><sp/><sp/>(7000003,<sp/>&apos;702890951&apos;,<sp/>2701019,<sp/>&apos;2023-11-08&apos;,<sp/>&apos;Dolares&apos;,<sp/>&apos;2025-07-08&apos;,<sp/>13000.0,<sp/>7800.0,<sp/>0.6,<sp/>13,<sp/>20),</highlight></codeline>
<codeline lineno="130"><highlight class="stringliteral"><sp/><sp/><sp/><sp/><sp/><sp/><sp/><sp/>(7000004,<sp/>&apos;702890952&apos;,<sp/>1701014,<sp/>&apos;2022-10-20&apos;,<sp/>&apos;Colones&apos;,<sp/>&apos;2025-03-20&apos;,<sp/>350000.0,<sp/>423500.0,<sp/>1.21,<sp/>11,<sp/>29),</highlight></codeline>
<codeline lineno="131"><highlight class="stringliteral"><sp/><sp/><sp/><sp/><sp/><sp/><sp/><sp/>(7000005,<sp/>&apos;504380806&apos;,<sp/>1504004,<sp/>&apos;2021-01-26&apos;,<sp/>&apos;Colones&apos;,<sp/>&apos;2024-12-26&apos;,<sp/>300000.0,<sp/>933000.0,<sp/>3.11,<sp/>6,<sp/>47),</highlight></codeline>
<codeline lineno="132"><highlight class="stringliteral"><sp/><sp/><sp/><sp/><sp/><sp/><sp/><sp/>(7000009,<sp/>&apos;901460040&apos;,<sp/>1203004,<sp/>&apos;2024-06-30&apos;,<sp/>&apos;Colones&apos;,<sp/>&apos;2025-12-26&apos;,<sp/>300000.0,<sp/>933000.0,<sp/>0.6,<sp/>18,<sp/>18),</highlight></codeline>
<codeline lineno="133"><highlight class="stringliteral"><sp/><sp/><sp/><sp/><sp/><sp/><sp/><sp/>(7000006,<sp/>&apos;901460040&apos;,<sp/>1203004,<sp/>&apos;2020-02-01&apos;,<sp/>&apos;Colones&apos;,<sp/>&apos;2024-05-01&apos;,<sp/>320000.0,<sp/>1136000.0,<sp/>3.11,<sp/>0,<sp/>47);</highlight></codeline>
<codeline lineno="134"><highlight class="stringliteral"><sp/><sp/><sp/><sp/>)&quot;;</highlight></codeline>
<codeline lineno="135"><highlight class="stringliteral"><sp/><sp/><sp/><sp/></highlight></codeline>
<codeline lineno="136"><highlight class="stringliteral"><sp/><sp/><sp/><sp/></highlight><highlight class="keywordtype">char</highlight><highlight class="normal"><sp/>*err_msg<sp/>=<sp/></highlight><highlight class="keyword">nullptr</highlight><highlight class="normal">;</highlight></codeline>
<codeline lineno="137"><highlight class="normal"><sp/><sp/><sp/><sp/></highlight><highlight class="keywordtype">int</highlight><highlight class="normal"><sp/>rc;</highlight></codeline>
<codeline lineno="138"><highlight class="normal"></highlight></codeline>
<codeline lineno="139"><highlight class="normal"><sp/><sp/><sp/><sp/></highlight><highlight class="comment">//<sp/>Eliminar<sp/>datos<sp/>existentes</highlight><highlight class="normal"></highlight></codeline>
<codeline lineno="140"><highlight class="normal"><sp/><sp/><sp/><sp/></highlight><highlight class="keyword">const</highlight><highlight class="normal"><sp/></highlight><highlight class="keywordtype">char</highlight><highlight class="normal"><sp/>*sql_delete_data<sp/>=<sp/></highlight><highlight class="stringliteral">&quot;DELETE<sp/>FROM<sp/>tablaCDP&quot;</highlight><highlight class="normal">;</highlight></codeline>
<codeline lineno="141"><highlight class="normal"><sp/><sp/><sp/><sp/>rc<sp/>=<sp/>sqlite3_exec(db,<sp/>sql_delete_data,<sp/>0,<sp/>0,<sp/>&amp;err_msg);</highlight></codeline>
<codeline lineno="142"><highlight class="normal"><sp/><sp/><sp/><sp/></highlight><highlight class="keywordflow">if</highlight><highlight class="normal"><sp/>(rc<sp/>!=<sp/>SQLITE_OK)<sp/>{</highlight></codeline>
<codeline lineno="143"><highlight class="normal"><sp/><sp/><sp/><sp/><sp/><sp/><sp/><sp/>std::cerr<sp/>&lt;&lt;<sp/></highlight><highlight class="stringliteral">&quot;Error<sp/>eliminando<sp/>datos:<sp/>&quot;</highlight><highlight class="normal"><sp/>&lt;&lt;<sp/>err_msg<sp/>&lt;&lt;<sp/>std::endl;</highlight></codeline>
<codeline lineno="144"><highlight class="normal"><sp/><sp/><sp/><sp/><sp/><sp/><sp/><sp/>sqlite3_free(err_msg);</highlight></codeline>
<codeline lineno="145"><highlight class="normal"><sp/><sp/><sp/><sp/>}<sp/></highlight><highlight class="keywordflow">else</highlight><highlight class="normal"><sp/>{</highlight></codeline>
<codeline lineno="146"><highlight class="normal"><sp/><sp/><sp/><sp/><sp/><sp/><sp/><sp/>std::cout<sp/>&lt;&lt;<sp/></highlight><highlight class="stringliteral">&quot;Datos<sp/>eliminados<sp/>exitosamente&quot;</highlight><highlight class="normal"><sp/>&lt;&lt;<sp/>std::endl;</highlight></codeline>
<codeline lineno="147"><highlight class="normal"><sp/><sp/><sp/><sp/>}</highlight></codeline>
<codeline lineno="148"><highlight class="normal"></highlight></codeline>
<codeline lineno="149"><highlight class="normal"><sp/><sp/><sp/><sp/></highlight><highlight class="comment">//<sp/>Insertar<sp/>nuevos<sp/>datos</highlight><highlight class="normal"></highlight></codeline>
<codeline lineno="150"><highlight class="normal"><sp/><sp/><sp/><sp/>rc<sp/>=<sp/>sqlite3_exec(db,<sp/>sql_insert_data,<sp/>0,<sp/>0,<sp/>&amp;err_msg);</highlight></codeline>
<codeline lineno="151"><highlight class="normal"><sp/><sp/><sp/><sp/></highlight><highlight class="keywordflow">if</highlight><highlight class="normal"><sp/>(rc<sp/>!=<sp/>SQLITE_OK)<sp/>{</highlight></codeline>
<codeline lineno="152"><highlight class="normal"><sp/><sp/><sp/><sp/><sp/><sp/><sp/><sp/>std::cerr<sp/>&lt;&lt;<sp/></highlight><highlight class="stringliteral">&quot;Error<sp/>insertando<sp/>datos:<sp/>&quot;</highlight><highlight class="normal"><sp/>&lt;&lt;<sp/>err_msg<sp/>&lt;&lt;<sp/>std::endl;</highlight></codeline>
<codeline lineno="153"><highlight class="normal"><sp/><sp/><sp/><sp/><sp/><sp/><sp/><sp/>sqlite3_free(err_msg);</highlight></codeline>
<codeline lineno="154"><highlight class="normal"><sp/><sp/><sp/><sp/>}<sp/></highlight><highlight class="keywordflow">else</highlight><highlight class="normal"><sp/>{</highlight></codeline>
<codeline lineno="155"><highlight class="normal"><sp/><sp/><sp/><sp/><sp/><sp/><sp/><sp/>std::cout<sp/>&lt;&lt;<sp/></highlight><highlight class="stringliteral">&quot;Datos<sp/>insertados<sp/>exitosamente&quot;</highlight><highlight class="normal"><sp/>&lt;&lt;<sp/>std::endl;</highlight></codeline>
<codeline lineno="156"><highlight class="normal"><sp/><sp/><sp/><sp/>}</highlight></codeline>
<codeline lineno="157"><highlight class="normal">}</highlight></codeline>
<codeline lineno="158"><highlight class="normal"></highlight></codeline>
<codeline lineno="164" refid="tablacdp_otra_8hpp_1adddc80432f6cbc9f9232220386c6457a" refkind="member"><highlight class="normal"></highlight><highlight class="keywordtype">void</highlight><highlight class="normal"><sp/><ref refid="tablacdp_otra_8hpp_1adddc80432f6cbc9f9232220386c6457a" kindref="member">mostrarTablaCDP</ref>(sqlite3<sp/>*db)<sp/>{</highlight></codeline>
<codeline lineno="165"><highlight class="normal"><sp/><sp/><sp/><sp/></highlight><highlight class="keyword">const</highlight><highlight class="normal"><sp/></highlight><highlight class="keywordtype">char</highlight><highlight class="normal"><sp/>*sql<sp/>=<sp/></highlight><highlight class="stringliteral">&quot;SELECT<sp/>*<sp/>FROM<sp/>tablaCDP&quot;</highlight><highlight class="normal">;</highlight></codeline>
<codeline lineno="166"><highlight class="normal"><sp/><sp/><sp/><sp/></highlight><highlight class="keywordtype">char</highlight><highlight class="normal"><sp/>*err_msg<sp/>=<sp/></highlight><highlight class="keyword">nullptr</highlight><highlight class="normal">;</highlight></codeline>
<codeline lineno="167"><highlight class="normal"><sp/><sp/><sp/><sp/></highlight><highlight class="keywordtype">int</highlight><highlight class="normal"><sp/>rc<sp/>=<sp/>sqlite3_exec(db,<sp/>sql,<sp/>callbackC,<sp/></highlight><highlight class="keyword">nullptr</highlight><highlight class="normal">,<sp/>&amp;err_msg);</highlight></codeline>
<codeline lineno="168"><highlight class="normal"><sp/><sp/><sp/><sp/></highlight><highlight class="keywordflow">if</highlight><highlight class="normal"><sp/>(rc<sp/>!=<sp/>SQLITE_OK)<sp/>{</highlight></codeline>
<codeline lineno="169"><highlight class="normal"><sp/><sp/><sp/><sp/><sp/><sp/><sp/><sp/>std::cerr<sp/>&lt;&lt;<sp/></highlight><highlight class="stringliteral">&quot;Error<sp/>ejecutando<sp/>la<sp/>consulta:<sp/>&quot;</highlight><highlight class="normal"><sp/>&lt;&lt;<sp/>err_msg<sp/>&lt;&lt;<sp/>std::endl;</highlight></codeline>
<codeline lineno="170"><highlight class="normal"><sp/><sp/><sp/><sp/><sp/><sp/><sp/><sp/>sqlite3_free(err_msg);</highlight></codeline>
<codeline lineno="171"><highlight class="normal"><sp/><sp/><sp/><sp/>}<sp/></highlight><highlight class="keywordflow">else</highlight><highlight class="normal"><sp/>{</highlight></codeline>
<codeline lineno="172"><highlight class="normal"><sp/><sp/><sp/><sp/><sp/><sp/><sp/><sp/>std::cout<sp/>&lt;&lt;<sp/></highlight><highlight class="stringliteral">&quot;Consulta<sp/>ejecutada<sp/>exitosamente&quot;</highlight><highlight class="normal"><sp/>&lt;&lt;<sp/>std::endl;</highlight></codeline>
<codeline lineno="173"><highlight class="normal"><sp/><sp/><sp/><sp/>}</highlight></codeline>
<codeline lineno="174"><highlight class="normal">}</highlight></codeline>
<codeline lineno="175"><highlight class="normal"></highlight></codeline>
<codeline lineno="181" refid="tablacdp_otra_8hpp_1aee0c2e2619339bdb3d6357e05d0ae997" refkind="member"><highlight class="normal"></highlight><highlight class="keywordtype">void</highlight><highlight class="normal"><sp/><ref refid="tablacdp_otra_8hpp_1aee0c2e2619339bdb3d6357e05d0ae997" kindref="member">eliminarDatosCDP</ref>(sqlite3<sp/>*db)<sp/>{</highlight></codeline>
<codeline lineno="182"><highlight class="normal"><sp/><sp/><sp/><sp/></highlight><highlight class="keyword">const</highlight><highlight class="normal"><sp/></highlight><highlight class="keywordtype">char</highlight><highlight class="normal"><sp/>*sql_delete_data<sp/>=<sp/></highlight><highlight class="stringliteral">&quot;DELETE<sp/>FROM<sp/>tablaCDP&quot;</highlight><highlight class="normal">;</highlight></codeline>
<codeline lineno="183"><highlight class="normal"><sp/><sp/><sp/><sp/></highlight><highlight class="keywordtype">char</highlight><highlight class="normal"><sp/>*err_msg<sp/>=<sp/></highlight><highlight class="keyword">nullptr</highlight><highlight class="normal">;</highlight></codeline>
<codeline lineno="184"><highlight class="normal"><sp/><sp/><sp/><sp/></highlight><highlight class="keywordtype">int</highlight><highlight class="normal"><sp/>rc<sp/>=<sp/>sqlite3_exec(db,<sp/>sql_delete_data,<sp/>0,<sp/>0,<sp/>&amp;err_msg);</highlight></codeline>
<codeline lineno="185"><highlight class="normal"><sp/><sp/><sp/><sp/></highlight><highlight class="keywordflow">if</highlight><highlight class="normal"><sp/>(rc<sp/>!=<sp/>SQLITE_OK)<sp/>{</highlight></codeline>
<codeline lineno="186"><highlight class="normal"><sp/><sp/><sp/><sp/><sp/><sp/><sp/><sp/>std::cerr<sp/>&lt;&lt;<sp/></highlight><highlight class="stringliteral">&quot;Error<sp/>eliminando<sp/>datos:<sp/>&quot;</highlight><highlight class="normal"><sp/>&lt;&lt;<sp/>err_msg<sp/>&lt;&lt;<sp/>std::endl;</highlight></codeline>
<codeline lineno="187"><highlight class="normal"><sp/><sp/><sp/><sp/><sp/><sp/><sp/><sp/>sqlite3_free(err_msg);</highlight></codeline>
<codeline lineno="188"><highlight class="normal"><sp/><sp/><sp/><sp/>}<sp/></highlight><highlight class="keywordflow">else</highlight><highlight class="normal"><sp/>{</highlight></codeline>
<codeline lineno="189"><highlight class="normal"><sp/><sp/><sp/><sp/><sp/><sp/><sp/><sp/>std::cout<sp/>&lt;&lt;<sp/></highlight><highlight class="stringliteral">&quot;Datos<sp/>eliminados<sp/>exitosamente&quot;</highlight><highlight class="normal"><sp/>&lt;&lt;<sp/>std::endl;</highlight></codeline>
<codeline lineno="190"><highlight class="normal"><sp/><sp/><sp/><sp/>}</highlight></codeline>
<codeline lineno="191"><highlight class="normal">}</highlight></codeline>
<codeline lineno="192"><highlight class="normal"></highlight></codeline>
<codeline lineno="193"><highlight class="normal"></highlight><highlight class="preprocessor">#endif<sp/></highlight><highlight class="comment">//TABLACDPOTRA_HPP</highlight><highlight class="normal"></highlight></codeline>
    </programlisting>
    <location file="tablacdpOtra.hpp"/>
  </compounddef>
</doxygen>
