<?xml version='1.0' encoding='UTF-8' standalone='no'?>
<doxygen xmlns:xsi="http://www.w3.org/2001/XMLSchema-instance" xsi:noNamespaceSchemaLocation="compound.xsd" version="1.10.0" xml:lang="en-US">
  <compounddef id="tabla_transaccion_otra_8hpp" kind="file" language="C++">
    <compoundname>tablaTransaccionOtra.hpp</compoundname>
    <includes local="no">iostream</includes>
    <includes local="no">sqlite3.h</includes>
    <includes local="no">sstream</includes>
    <includes local="no">iomanip</includes>
    <includes local="no">cmath</includes>
    <includes local="no">vector</includes>
    <includedby refid="main2_8cpp" local="yes">main2.cpp</includedby>
    <incdepgraph>
      <node id="1">
        <label>tablaTransaccionOtra.hpp</label>
        <link refid="tabla_transaccion_otra_8hpp"/>
        <childnode refid="2" relation="include">
        </childnode>
        <childnode refid="3" relation="include">
        </childnode>
        <childnode refid="4" relation="include">
        </childnode>
        <childnode refid="5" relation="include">
        </childnode>
        <childnode refid="6" relation="include">
        </childnode>
        <childnode refid="7" relation="include">
        </childnode>
      </node>
      <node id="6">
        <label>cmath</label>
      </node>
      <node id="5">
        <label>iomanip</label>
      </node>
      <node id="2">
        <label>iostream</label>
      </node>
      <node id="3">
        <label>sqlite3.h</label>
      </node>
      <node id="4">
        <label>sstream</label>
      </node>
      <node id="7">
        <label>vector</label>
      </node>
    </incdepgraph>
    <invincdepgraph>
      <node id="2">
        <label>main2.cpp</label>
        <link refid="main2_8cpp"/>
      </node>
      <node id="1">
        <label>tablaTransaccionOtra.hpp</label>
        <link refid="tabla_transaccion_otra_8hpp"/>
        <childnode refid="2" relation="include">
        </childnode>
      </node>
    </invincdepgraph>
    <sectiondef kind="func">
      <memberdef kind="function" id="tabla_transaccion_otra_8hpp_1a5616ef08e015e49cd1f360e6bfa2f972" prot="public" static="no" const="no" explicit="no" inline="no" virt="non-virtual">
        <type>int</type>
        <definition>int ejecutarSQLTransacciones</definition>
        <argsstring>(sqlite3 *db, const std::string &amp;consulta)</argsstring>
        <name>ejecutarSQLTransacciones</name>
        <param>
          <type>sqlite3 *</type>
          <declname>db</declname>
        </param>
        <param>
          <type>const std::string &amp;</type>
          <declname>consulta</declname>
        </param>
        <briefdescription>
<para>Función para ejecutar consultas SQL en la base de datos de transacciones. </para>
        </briefdescription>
        <detaileddescription>
<para><parameterlist kind="param"><parameteritem>
<parameternamelist>
<parametername>db</parametername>
</parameternamelist>
<parameterdescription>
<para>Puntero a la base de datos SQLite. </para>
</parameterdescription>
</parameteritem>
<parameteritem>
<parameternamelist>
<parametername>consulta</parametername>
</parameternamelist>
<parameterdescription>
<para>Consulta SQL a ejecutar. </para>
</parameterdescription>
</parameteritem>
</parameterlist>
<simplesect kind="return"><para>int Código de resultado de la ejecución de la consulta SQL. </para>
</simplesect>
</para>
        </detaileddescription>
        <inbodydescription>
        </inbodydescription>
        <location file="tablaTransaccionOtra.hpp" line="23" column="5" bodyfile="tablaTransaccionOtra.hpp" bodystart="23" bodyend="31"/>
      </memberdef>
      <memberdef kind="function" id="tabla_transaccion_otra_8hpp_1a2c59ad2c0746b2beffa9c80d18deaf1d" prot="public" static="yes" const="no" explicit="no" inline="no" virt="non-virtual">
        <type>int</type>
        <definition>static int callbackT</definition>
        <argsstring>(void *data, int argc, char **argv, char **azColName)</argsstring>
        <name>callbackT</name>
        <param>
          <type>void *</type>
          <declname>data</declname>
        </param>
        <param>
          <type>int</type>
          <declname>argc</declname>
        </param>
        <param>
          <type>char **</type>
          <declname>argv</declname>
        </param>
        <param>
          <type>char **</type>
          <declname>azColName</declname>
        </param>
        <briefdescription>
<para>Callback para la impresión de la tabla de transacciones. </para>
        </briefdescription>
        <detaileddescription>
<para><parameterlist kind="param"><parameteritem>
<parameternamelist>
<parametername>data</parametername>
</parameternamelist>
<parameterdescription>
<para>Puntero a los datos pasados al callback (no se usa en esta función). </para>
</parameterdescription>
</parameteritem>
<parameteritem>
<parameternamelist>
<parametername>argc</parametername>
</parameternamelist>
<parameterdescription>
<para>Número de columnas en la fila. </para>
</parameterdescription>
</parameteritem>
<parameteritem>
<parameternamelist>
<parametername>argv</parametername>
</parameternamelist>
<parameterdescription>
<para>Matriz de cadenas que contiene los valores de cada columna. </para>
</parameterdescription>
</parameteritem>
<parameteritem>
<parameternamelist>
<parametername>azColName</parametername>
</parameternamelist>
<parameterdescription>
<para>Matriz de cadenas que contiene los nombres de las columnas. </para>
</parameterdescription>
</parameteritem>
</parameterlist>
<simplesect kind="return"><para>int Código de resultado de la ejecución del callback. </para>
</simplesect>
</para>
        </detaileddescription>
        <inbodydescription>
        </inbodydescription>
        <location file="tablaTransaccionOtra.hpp" line="42" column="12" bodyfile="tablaTransaccionOtra.hpp" bodystart="42" bodyend="55"/>
      </memberdef>
      <memberdef kind="function" id="tabla_transaccion_otra_8hpp_1ac0bea544134fcfba266001b1c07b2ed1" prot="public" static="no" const="no" explicit="no" inline="no" virt="non-virtual">
        <type>void</type>
        <definition>void printTableHeadersTransacciones</definition>
        <argsstring>()</argsstring>
        <name>printTableHeadersTransacciones</name>
        <briefdescription>
<para>Imprime los encabezados de la tabla de transacciones. </para>
        </briefdescription>
        <detaileddescription>
        </detaileddescription>
        <inbodydescription>
        </inbodydescription>
        <location file="tablaTransaccionOtra.hpp" line="60" column="6" bodyfile="tablaTransaccionOtra.hpp" bodystart="60" bodyend="84"/>
      </memberdef>
      <memberdef kind="function" id="tabla_transaccion_otra_8hpp_1a4d6d4cb7130aff0d4d6c735761162ae3" prot="public" static="no" const="no" explicit="no" inline="no" virt="non-virtual">
        <type>void</type>
        <definition>void crearTablaTransacciones</definition>
        <argsstring>(sqlite3 *db)</argsstring>
        <name>crearTablaTransacciones</name>
        <param>
          <type>sqlite3 *</type>
          <declname>db</declname>
        </param>
        <briefdescription>
<para>Crea la tabla de transacciones en la base de datos. </para>
        </briefdescription>
        <detaileddescription>
<para><parameterlist kind="param"><parameteritem>
<parameternamelist>
<parametername>db</parametername>
</parameternamelist>
<parameterdescription>
<para>Puntero a la base de datos SQLite. </para>
</parameterdescription>
</parameteritem>
</parameterlist>
</para>
        </detaileddescription>
        <inbodydescription>
        </inbodydescription>
        <location file="tablaTransaccionOtra.hpp" line="91" column="6" bodyfile="tablaTransaccionOtra.hpp" bodystart="91" bodyend="115"/>
      </memberdef>
      <memberdef kind="function" id="tabla_transaccion_otra_8hpp_1a149c3e2d9911b47e0f294587a3e98963" prot="public" static="no" const="no" explicit="no" inline="no" virt="non-virtual">
        <type>void</type>
        <definition>void insertarTransacciones</definition>
        <argsstring>(sqlite3 *db)</argsstring>
        <name>insertarTransacciones</name>
        <param>
          <type>sqlite3 *</type>
          <declname>db</declname>
        </param>
        <briefdescription>
<para>Inserta datos en la tabla de transacciones. </para>
        </briefdescription>
        <detaileddescription>
<para><parameterlist kind="param"><parameteritem>
<parameternamelist>
<parametername>db</parametername>
</parameternamelist>
<parameterdescription>
<para>Puntero a la base de datos SQLite. </para>
</parameterdescription>
</parameteritem>
</parameterlist>
</para>
        </detaileddescription>
        <inbodydescription>
        </inbodydescription>
        <location file="tablaTransaccionOtra.hpp" line="122" column="6" bodyfile="tablaTransaccionOtra.hpp" bodystart="122" bodyend="156"/>
      </memberdef>
      <memberdef kind="function" id="tabla_transaccion_otra_8hpp_1a6e6cf0401d9d33f2d0db98c670c08b1b" prot="public" static="no" const="no" explicit="no" inline="no" virt="non-virtual">
        <type>void</type>
        <definition>void mostrarTablaTransacciones</definition>
        <argsstring>(sqlite3 *db)</argsstring>
        <name>mostrarTablaTransacciones</name>
        <param>
          <type>sqlite3 *</type>
          <declname>db</declname>
        </param>
        <briefdescription>
<para>Selecciona y muestra datos de la tabla de transacciones. </para>
        </briefdescription>
        <detaileddescription>
<para><parameterlist kind="param"><parameteritem>
<parameternamelist>
<parametername>db</parametername>
</parameternamelist>
<parameterdescription>
<para>Puntero a la base de datos SQLite. </para>
</parameterdescription>
</parameteritem>
</parameterlist>
</para>
        </detaileddescription>
        <inbodydescription>
        </inbodydescription>
        <location file="tablaTransaccionOtra.hpp" line="163" column="6" bodyfile="tablaTransaccionOtra.hpp" bodystart="163" bodyend="173"/>
      </memberdef>
      <memberdef kind="function" id="tabla_transaccion_otra_8hpp_1a6b9765c11f31663092c97047ca95e70c" prot="public" static="no" const="no" explicit="no" inline="no" virt="non-virtual">
        <type>void</type>
        <definition>void eliminarDatosTransacciones</definition>
        <argsstring>(sqlite3 *db)</argsstring>
        <name>eliminarDatosTransacciones</name>
        <param>
          <type>sqlite3 *</type>
          <declname>db</declname>
        </param>
        <briefdescription>
<para>Elimina los datos de la tabla de transacciones. </para>
        </briefdescription>
        <detaileddescription>
<para><parameterlist kind="param"><parameteritem>
<parameternamelist>
<parametername>db</parametername>
</parameternamelist>
<parameterdescription>
<para>Puntero a la base de datos SQLite. </para>
</parameterdescription>
</parameteritem>
</parameterlist>
</para>
        </detaileddescription>
        <inbodydescription>
        </inbodydescription>
        <location file="tablaTransaccionOtra.hpp" line="180" column="6" bodyfile="tablaTransaccionOtra.hpp" bodystart="180" bodyend="190"/>
      </memberdef>
    </sectiondef>
    <briefdescription>
<para>Archivo que contiene las funciones para gestionar la tabla de transacciones en una base de datos SQLite. </para>
    </briefdescription>
    <detaileddescription>
    </detaileddescription>
    <programlisting>
<codeline lineno="1"></codeline>
<codeline lineno="6"><highlight class="normal"></highlight><highlight class="preprocessor">#ifndef<sp/>TABLATRANSACCIONOTRA_HPP</highlight><highlight class="normal"></highlight></codeline>
<codeline lineno="7"><highlight class="normal"></highlight><highlight class="preprocessor">#define<sp/>TABLATRANSACCIONOTRA_HPP</highlight><highlight class="normal"></highlight></codeline>
<codeline lineno="8"><highlight class="normal"></highlight></codeline>
<codeline lineno="9"><highlight class="normal"></highlight><highlight class="preprocessor">#include<sp/>&lt;iostream&gt;</highlight><highlight class="normal"></highlight></codeline>
<codeline lineno="10"><highlight class="normal"></highlight><highlight class="preprocessor">#include<sp/>&lt;sqlite3.h&gt;</highlight><highlight class="normal"></highlight></codeline>
<codeline lineno="11"><highlight class="normal"></highlight><highlight class="preprocessor">#include<sp/>&lt;sstream&gt;</highlight><highlight class="normal"></highlight></codeline>
<codeline lineno="12"><highlight class="normal"></highlight><highlight class="preprocessor">#include<sp/>&lt;iomanip&gt;</highlight><highlight class="normal"></highlight></codeline>
<codeline lineno="13"><highlight class="normal"></highlight><highlight class="preprocessor">#include<sp/>&lt;cmath&gt;</highlight><highlight class="normal"></highlight></codeline>
<codeline lineno="14"><highlight class="normal"></highlight><highlight class="preprocessor">#include<sp/>&lt;vector&gt;</highlight><highlight class="normal"></highlight></codeline>
<codeline lineno="15"><highlight class="normal"></highlight></codeline>
<codeline lineno="23" refid="tabla_transaccion_otra_8hpp_1a5616ef08e015e49cd1f360e6bfa2f972" refkind="member"><highlight class="normal"></highlight><highlight class="keywordtype">int</highlight><highlight class="normal"><sp/><ref refid="tabla_transaccion_otra_8hpp_1a5616ef08e015e49cd1f360e6bfa2f972" kindref="member">ejecutarSQLTransacciones</ref>(sqlite3*<sp/>db,<sp/></highlight><highlight class="keyword">const</highlight><highlight class="normal"><sp/>std::string&amp;<sp/>consulta)<sp/>{</highlight></codeline>
<codeline lineno="24"><highlight class="normal"><sp/><sp/><sp/><sp/></highlight><highlight class="keywordtype">char</highlight><highlight class="normal">*<sp/>mensajeError<sp/>=<sp/></highlight><highlight class="keyword">nullptr</highlight><highlight class="normal">;</highlight></codeline>
<codeline lineno="25"><highlight class="normal"><sp/><sp/><sp/><sp/></highlight><highlight class="keywordtype">int</highlight><highlight class="normal"><sp/>resultado<sp/>=<sp/>sqlite3_exec(db,<sp/>consulta.c_str(),<sp/></highlight><highlight class="keyword">nullptr</highlight><highlight class="normal">,<sp/></highlight><highlight class="keyword">nullptr</highlight><highlight class="normal">,<sp/>&amp;mensajeError);</highlight></codeline>
<codeline lineno="26"><highlight class="normal"><sp/><sp/><sp/><sp/></highlight><highlight class="keywordflow">if</highlight><highlight class="normal"><sp/>(resultado<sp/>!=<sp/>SQLITE_OK)<sp/>{</highlight></codeline>
<codeline lineno="27"><highlight class="normal"><sp/><sp/><sp/><sp/><sp/><sp/><sp/><sp/>std::cerr<sp/>&lt;&lt;<sp/></highlight><highlight class="stringliteral">&quot;Error<sp/>ejecutando<sp/>SQL:<sp/>&quot;</highlight><highlight class="normal"><sp/>&lt;&lt;<sp/>mensajeError<sp/>&lt;&lt;<sp/>std::endl;</highlight></codeline>
<codeline lineno="28"><highlight class="normal"><sp/><sp/><sp/><sp/><sp/><sp/><sp/><sp/>sqlite3_free(mensajeError);</highlight></codeline>
<codeline lineno="29"><highlight class="normal"><sp/><sp/><sp/><sp/>}</highlight></codeline>
<codeline lineno="30"><highlight class="normal"><sp/><sp/><sp/><sp/></highlight><highlight class="keywordflow">return</highlight><highlight class="normal"><sp/>resultado;</highlight></codeline>
<codeline lineno="31"><highlight class="normal">}</highlight></codeline>
<codeline lineno="32"><highlight class="normal"></highlight></codeline>
<codeline lineno="42"><highlight class="normal"></highlight><highlight class="keyword">static</highlight><highlight class="normal"><sp/></highlight><highlight class="keywordtype">int</highlight><highlight class="normal"><sp/>callbackT(</highlight><highlight class="keywordtype">void</highlight><highlight class="normal"><sp/>*data,<sp/></highlight><highlight class="keywordtype">int</highlight><highlight class="normal"><sp/>argc,<sp/></highlight><highlight class="keywordtype">char</highlight><highlight class="normal"><sp/>**argv,<sp/></highlight><highlight class="keywordtype">char</highlight><highlight class="normal"><sp/>**azColName)<sp/>{</highlight></codeline>
<codeline lineno="43"><highlight class="normal"><sp/><sp/><sp/><sp/>std::cout<sp/>&lt;&lt;<sp/>std::setw(14)<sp/>&lt;&lt;<sp/>(argv[0]<sp/>?<sp/>argv[0]<sp/>:<sp/></highlight><highlight class="stringliteral">&quot;NULL&quot;</highlight><highlight class="normal">)<sp/>&lt;&lt;<sp/></highlight><highlight class="stringliteral">&quot;<sp/>|<sp/>&quot;</highlight><highlight class="normal"></highlight></codeline>
<codeline lineno="44"><highlight class="normal"><sp/><sp/><sp/><sp/><sp/><sp/><sp/><sp/><sp/><sp/><sp/><sp/><sp/><sp/>&lt;&lt;<sp/>std::setw(10)<sp/>&lt;&lt;<sp/>(argv[1]<sp/>?<sp/>argv[1]<sp/>:<sp/></highlight><highlight class="stringliteral">&quot;NULL&quot;</highlight><highlight class="normal">)<sp/>&lt;&lt;<sp/></highlight><highlight class="stringliteral">&quot;<sp/>|<sp/>&quot;</highlight><highlight class="normal"></highlight></codeline>
<codeline lineno="45"><highlight class="normal"><sp/><sp/><sp/><sp/><sp/><sp/><sp/><sp/><sp/><sp/><sp/><sp/><sp/><sp/>&lt;&lt;<sp/>std::setw(11)<sp/>&lt;&lt;<sp/>(argv[2]<sp/>?<sp/>argv[2]<sp/>:<sp/></highlight><highlight class="stringliteral">&quot;NULL&quot;</highlight><highlight class="normal">)<sp/>&lt;&lt;<sp/></highlight><highlight class="stringliteral">&quot;<sp/>|<sp/>&quot;</highlight><highlight class="normal"></highlight></codeline>
<codeline lineno="46"><highlight class="normal"><sp/><sp/><sp/><sp/><sp/><sp/><sp/><sp/><sp/><sp/><sp/><sp/><sp/><sp/>&lt;&lt;<sp/>std::setw(16)<sp/>&lt;&lt;<sp/>(argv[3]<sp/>?<sp/>argv[3]<sp/>:<sp/></highlight><highlight class="stringliteral">&quot;NULL&quot;</highlight><highlight class="normal">)<sp/>&lt;&lt;<sp/></highlight><highlight class="stringliteral">&quot;<sp/>|<sp/>&quot;</highlight><highlight class="normal"></highlight></codeline>
<codeline lineno="47"><highlight class="normal"><sp/><sp/><sp/><sp/><sp/><sp/><sp/><sp/><sp/><sp/><sp/><sp/><sp/><sp/>&lt;&lt;<sp/>std::setw(12)<sp/>&lt;&lt;<sp/>(argv[4]<sp/>?<sp/>argv[4]<sp/>:<sp/></highlight><highlight class="stringliteral">&quot;NULL&quot;</highlight><highlight class="normal">)<sp/>&lt;&lt;<sp/></highlight><highlight class="stringliteral">&quot;<sp/>|<sp/>&quot;</highlight><highlight class="normal"></highlight></codeline>
<codeline lineno="48"><highlight class="normal"><sp/><sp/><sp/><sp/><sp/><sp/><sp/><sp/><sp/><sp/><sp/><sp/><sp/><sp/>&lt;&lt;<sp/>std::setw(17)<sp/>&lt;&lt;<sp/>(argv[5]<sp/>?<sp/>argv[5]<sp/>:<sp/></highlight><highlight class="stringliteral">&quot;NULL&quot;</highlight><highlight class="normal">)<sp/>&lt;&lt;<sp/></highlight><highlight class="stringliteral">&quot;<sp/>|<sp/>&quot;</highlight><highlight class="normal"></highlight></codeline>
<codeline lineno="49"><highlight class="normal"><sp/><sp/><sp/><sp/><sp/><sp/><sp/><sp/><sp/><sp/><sp/><sp/><sp/><sp/>&lt;&lt;<sp/>std::setw(25)<sp/>&lt;&lt;<sp/>(argv[6]<sp/>?<sp/>argv[6]<sp/>:<sp/></highlight><highlight class="stringliteral">&quot;NULL&quot;</highlight><highlight class="normal">)<sp/>&lt;&lt;<sp/></highlight><highlight class="stringliteral">&quot;<sp/>|<sp/>&quot;</highlight><highlight class="normal"></highlight></codeline>
<codeline lineno="50"><highlight class="normal"><sp/><sp/><sp/><sp/><sp/><sp/><sp/><sp/><sp/><sp/><sp/><sp/><sp/><sp/>&lt;&lt;<sp/>std::setw(19)<sp/>&lt;&lt;<sp/>(argv[7]<sp/>?<sp/>argv[7]<sp/>:<sp/></highlight><highlight class="stringliteral">&quot;NULL&quot;</highlight><highlight class="normal">)<sp/>&lt;&lt;<sp/></highlight><highlight class="stringliteral">&quot;<sp/>|<sp/>&quot;</highlight><highlight class="normal"></highlight></codeline>
<codeline lineno="51"><highlight class="normal"><sp/><sp/><sp/><sp/><sp/><sp/><sp/><sp/><sp/><sp/><sp/><sp/><sp/><sp/>&lt;&lt;<sp/>std::setw(12)<sp/>&lt;&lt;<sp/>(argv[8]<sp/>?<sp/>argv[8]<sp/>:<sp/></highlight><highlight class="stringliteral">&quot;NULL&quot;</highlight><highlight class="normal">)<sp/>&lt;&lt;<sp/></highlight><highlight class="stringliteral">&quot;<sp/>|<sp/>&quot;</highlight><highlight class="normal"></highlight></codeline>
<codeline lineno="52"><highlight class="normal"><sp/><sp/><sp/><sp/><sp/><sp/><sp/><sp/><sp/><sp/><sp/><sp/><sp/><sp/>&lt;&lt;<sp/>std::setw(12)<sp/>&lt;&lt;<sp/>(argv[9]<sp/>?<sp/>argv[9]<sp/>:<sp/></highlight><highlight class="stringliteral">&quot;NULL&quot;</highlight><highlight class="normal">)<sp/>&lt;&lt;<sp/></highlight><highlight class="stringliteral">&quot;<sp/>|<sp/>&quot;</highlight><highlight class="normal"></highlight></codeline>
<codeline lineno="53"><highlight class="normal"><sp/><sp/><sp/><sp/><sp/><sp/><sp/><sp/><sp/><sp/><sp/><sp/><sp/><sp/>&lt;&lt;<sp/>std::setw(14)<sp/>&lt;&lt;<sp/>(argv[10]<sp/>?<sp/>argv[10]<sp/>:<sp/></highlight><highlight class="stringliteral">&quot;NULL&quot;</highlight><highlight class="normal">)<sp/>&lt;&lt;<sp/></highlight><highlight class="stringliteral">&quot;<sp/>|<sp/>&quot;</highlight><highlight class="normal"><sp/>&lt;&lt;<sp/>std::endl;</highlight></codeline>
<codeline lineno="54"><highlight class="normal"><sp/><sp/><sp/><sp/></highlight><highlight class="keywordflow">return</highlight><highlight class="normal"><sp/>0;</highlight></codeline>
<codeline lineno="55"><highlight class="normal">}</highlight></codeline>
<codeline lineno="56"><highlight class="normal"></highlight></codeline>
<codeline lineno="60" refid="tabla_transaccion_otra_8hpp_1ac0bea544134fcfba266001b1c07b2ed1" refkind="member"><highlight class="normal"></highlight><highlight class="keywordtype">void</highlight><highlight class="normal"><sp/><ref refid="tabla_transaccion_otra_8hpp_1ac0bea544134fcfba266001b1c07b2ed1" kindref="member">printTableHeadersTransacciones</ref>()<sp/>{</highlight></codeline>
<codeline lineno="61"><highlight class="normal"><sp/><sp/><sp/><sp/>std::cout<sp/>&lt;&lt;<sp/>std::setw(105)<sp/>&lt;&lt;<sp/>std::setfill(</highlight><highlight class="charliteral">&apos;<sp/>&apos;</highlight><highlight class="normal">)<sp/>&lt;&lt;<sp/></highlight><highlight class="stringliteral">&quot;tablaTransacciones&quot;</highlight><highlight class="normal"><sp/>&lt;&lt;<sp/>std::endl<sp/>&lt;&lt;<sp/>std::endl;</highlight></codeline>
<codeline lineno="62"><highlight class="normal"><sp/><sp/><sp/><sp/>std::cout<sp/>&lt;&lt;<sp/>std::setw(14)<sp/>&lt;&lt;<sp/></highlight><highlight class="stringliteral">&quot;IdTransaccion&quot;</highlight><highlight class="normal"><sp/>&lt;&lt;<sp/></highlight><highlight class="stringliteral">&quot;<sp/>|<sp/>&quot;</highlight><highlight class="normal"><sp/><sp/><sp/><sp/><sp/><sp/><sp/><sp/><sp/><sp/><sp/><sp/><sp/><sp/><sp/></highlight><highlight class="comment">//<sp/>1</highlight><highlight class="normal"></highlight></codeline>
<codeline lineno="63"><highlight class="normal"><sp/><sp/><sp/><sp/><sp/><sp/><sp/><sp/><sp/><sp/><sp/><sp/><sp/><sp/>&lt;&lt;<sp/>std::setw(10)<sp/>&lt;&lt;<sp/></highlight><highlight class="stringliteral">&quot;IdCliente&quot;</highlight><highlight class="normal"><sp/>&lt;&lt;<sp/></highlight><highlight class="stringliteral">&quot;<sp/>|<sp/>&quot;</highlight><highlight class="normal"><sp/><sp/><sp/><sp/><sp/><sp/><sp/><sp/><sp/><sp/><sp/><sp/><sp/><sp/><sp/><sp/><sp/><sp/><sp/></highlight><highlight class="comment">//<sp/>2</highlight><highlight class="normal"></highlight></codeline>
<codeline lineno="64"><highlight class="normal"><sp/><sp/><sp/><sp/><sp/><sp/><sp/><sp/><sp/><sp/><sp/><sp/><sp/><sp/>&lt;&lt;<sp/>std::setw(11)<sp/>&lt;&lt;<sp/></highlight><highlight class="stringliteral">&quot;Cedula&quot;</highlight><highlight class="normal"><sp/>&lt;&lt;<sp/></highlight><highlight class="stringliteral">&quot;<sp/>|<sp/>&quot;</highlight><highlight class="normal"><sp/><sp/><sp/><sp/><sp/><sp/><sp/><sp/><sp/><sp/><sp/><sp/><sp/><sp/><sp/><sp/><sp/><sp/><sp/><sp/><sp/><sp/></highlight><highlight class="comment">//<sp/>3</highlight><highlight class="normal"></highlight></codeline>
<codeline lineno="65"><highlight class="normal"><sp/><sp/><sp/><sp/><sp/><sp/><sp/><sp/><sp/><sp/><sp/><sp/><sp/><sp/>&lt;&lt;<sp/>std::setw(16)<sp/>&lt;&lt;<sp/></highlight><highlight class="stringliteral">&quot;FechaTransaccion&quot;</highlight><highlight class="normal"><sp/>&lt;&lt;<sp/></highlight><highlight class="stringliteral">&quot;<sp/>|<sp/>&quot;</highlight><highlight class="normal"><sp/><sp/><sp/><sp/><sp/><sp/><sp/><sp/><sp/><sp/><sp/><sp/></highlight><highlight class="comment">//<sp/>4<sp/></highlight><highlight class="normal"></highlight></codeline>
<codeline lineno="66"><highlight class="normal"><sp/><sp/><sp/><sp/><sp/><sp/><sp/><sp/><sp/><sp/><sp/><sp/><sp/><sp/>&lt;&lt;<sp/>std::setw(12)<sp/>&lt;&lt;<sp/></highlight><highlight class="stringliteral">&quot;Hora&quot;</highlight><highlight class="normal"><sp/>&lt;&lt;<sp/></highlight><highlight class="stringliteral">&quot;<sp/>|<sp/>&quot;</highlight><highlight class="normal"><sp/><sp/><sp/><sp/><sp/><sp/><sp/><sp/><sp/><sp/><sp/><sp/><sp/><sp/><sp/><sp/><sp/><sp/><sp/><sp/><sp/><sp/><sp/><sp/></highlight><highlight class="comment">//<sp/>5</highlight><highlight class="normal"></highlight></codeline>
<codeline lineno="67"><highlight class="normal"><sp/><sp/><sp/><sp/><sp/><sp/><sp/><sp/><sp/><sp/><sp/><sp/><sp/><sp/>&lt;&lt;<sp/>std::setw(17)<sp/>&lt;&lt;<sp/></highlight><highlight class="stringliteral">&quot;SaldoBalance&quot;</highlight><highlight class="normal"><sp/>&lt;&lt;<sp/></highlight><highlight class="stringliteral">&quot;<sp/>|<sp/>&quot;</highlight><highlight class="normal"><sp/><sp/><sp/><sp/><sp/><sp/><sp/><sp/><sp/><sp/><sp/><sp/><sp/><sp/><sp/><sp/></highlight><highlight class="comment">//<sp/>6</highlight><highlight class="normal"></highlight></codeline>
<codeline lineno="68"><highlight class="normal"><sp/><sp/><sp/><sp/><sp/><sp/><sp/><sp/><sp/><sp/><sp/><sp/><sp/><sp/>&lt;&lt;<sp/>std::setw(25)<sp/>&lt;&lt;<sp/></highlight><highlight class="stringliteral">&quot;Detalle&quot;</highlight><highlight class="normal"><sp/>&lt;&lt;<sp/></highlight><highlight class="stringliteral">&quot;<sp/>|<sp/>&quot;</highlight><highlight class="normal"><sp/><sp/><sp/><sp/><sp/><sp/><sp/><sp/><sp/><sp/><sp/><sp/><sp/><sp/><sp/><sp/><sp/><sp/><sp/><sp/><sp/></highlight><highlight class="comment">//<sp/>7</highlight><highlight class="normal"></highlight></codeline>
<codeline lineno="69"><highlight class="normal"><sp/><sp/><sp/><sp/><sp/><sp/><sp/><sp/><sp/><sp/><sp/><sp/><sp/><sp/>&lt;&lt;<sp/>std::setw(19)<sp/>&lt;&lt;<sp/></highlight><highlight class="stringliteral">&quot;Credito&quot;</highlight><highlight class="normal"><sp/>&lt;&lt;<sp/></highlight><highlight class="stringliteral">&quot;<sp/>|<sp/>&quot;</highlight><highlight class="normal"><sp/><sp/><sp/><sp/><sp/><sp/><sp/><sp/><sp/><sp/><sp/><sp/><sp/><sp/><sp/><sp/><sp/><sp/><sp/><sp/><sp/></highlight><highlight class="comment">//<sp/>8</highlight><highlight class="normal"></highlight></codeline>
<codeline lineno="70"><highlight class="normal"><sp/><sp/><sp/><sp/><sp/><sp/><sp/><sp/><sp/><sp/><sp/><sp/><sp/><sp/>&lt;&lt;<sp/>std::setw(12)<sp/>&lt;&lt;<sp/></highlight><highlight class="stringliteral">&quot;Debito&quot;</highlight><highlight class="normal"><sp/>&lt;&lt;<sp/></highlight><highlight class="stringliteral">&quot;<sp/>|<sp/>&quot;</highlight><highlight class="normal"><sp/><sp/><sp/><sp/><sp/><sp/><sp/><sp/><sp/><sp/><sp/><sp/><sp/><sp/><sp/><sp/><sp/><sp/><sp/><sp/><sp/><sp/></highlight><highlight class="comment">//<sp/>9</highlight><highlight class="normal"></highlight></codeline>
<codeline lineno="71"><highlight class="normal"><sp/><sp/><sp/><sp/><sp/><sp/><sp/><sp/><sp/><sp/><sp/><sp/><sp/><sp/>&lt;&lt;<sp/>std::setw(12)<sp/>&lt;&lt;<sp/></highlight><highlight class="stringliteral">&quot;CuentaOrigen&quot;</highlight><highlight class="normal"><sp/>&lt;&lt;<sp/></highlight><highlight class="stringliteral">&quot;<sp/>|<sp/>&quot;</highlight><highlight class="normal"><sp/><sp/><sp/><sp/><sp/><sp/><sp/><sp/><sp/><sp/><sp/><sp/><sp/><sp/><sp/><sp/></highlight><highlight class="comment">//<sp/>10</highlight><highlight class="normal"></highlight></codeline>
<codeline lineno="72"><highlight class="normal"><sp/><sp/><sp/><sp/><sp/><sp/><sp/><sp/><sp/><sp/><sp/><sp/><sp/><sp/>&lt;&lt;<sp/>std::setw(14)<sp/>&lt;&lt;<sp/></highlight><highlight class="stringliteral">&quot;CuentaDestino&quot;</highlight><highlight class="normal"><sp/>&lt;&lt;<sp/></highlight><highlight class="stringliteral">&quot;<sp/>|<sp/>&quot;</highlight><highlight class="normal"><sp/>&lt;&lt;<sp/>std::endl;<sp/></highlight><highlight class="comment">//<sp/>11</highlight><highlight class="normal"></highlight></codeline>
<codeline lineno="73"><highlight class="normal"><sp/><sp/><sp/><sp/>std::cout<sp/>&lt;&lt;<sp/>std::string(14,<sp/></highlight><highlight class="charliteral">&apos;-&apos;</highlight><highlight class="normal">)<sp/>&lt;&lt;<sp/></highlight><highlight class="stringliteral">&quot;<sp/>|<sp/>&quot;</highlight><highlight class="normal"><sp/><sp/><sp/><sp/><sp/><sp/><sp/><sp/><sp/><sp/><sp/><sp/><sp/><sp/><sp/></highlight><highlight class="comment">//<sp/>1</highlight><highlight class="normal"></highlight></codeline>
<codeline lineno="74"><highlight class="normal"><sp/><sp/><sp/><sp/><sp/><sp/><sp/><sp/><sp/><sp/><sp/><sp/><sp/><sp/>&lt;&lt;<sp/>std::string(10,<sp/></highlight><highlight class="charliteral">&apos;-&apos;</highlight><highlight class="normal">)<sp/>&lt;&lt;<sp/></highlight><highlight class="stringliteral">&quot;<sp/>|<sp/>&quot;</highlight><highlight class="normal"><sp/><sp/><sp/><sp/><sp/><sp/><sp/><sp/><sp/><sp/><sp/><sp/><sp/><sp/><sp/></highlight><highlight class="comment">//<sp/>2</highlight><highlight class="normal"></highlight></codeline>
<codeline lineno="75"><highlight class="normal"><sp/><sp/><sp/><sp/><sp/><sp/><sp/><sp/><sp/><sp/><sp/><sp/><sp/><sp/>&lt;&lt;<sp/>std::string(11,<sp/></highlight><highlight class="charliteral">&apos;-&apos;</highlight><highlight class="normal">)<sp/>&lt;&lt;<sp/></highlight><highlight class="stringliteral">&quot;<sp/>|<sp/>&quot;</highlight><highlight class="normal"><sp/><sp/><sp/><sp/><sp/><sp/><sp/><sp/><sp/><sp/><sp/><sp/><sp/><sp/><sp/></highlight><highlight class="comment">//<sp/>3</highlight><highlight class="normal"></highlight></codeline>
<codeline lineno="76"><highlight class="normal"><sp/><sp/><sp/><sp/><sp/><sp/><sp/><sp/><sp/><sp/><sp/><sp/><sp/><sp/>&lt;&lt;<sp/>std::string(16,<sp/></highlight><highlight class="charliteral">&apos;-&apos;</highlight><highlight class="normal">)<sp/>&lt;&lt;<sp/></highlight><highlight class="stringliteral">&quot;<sp/>|<sp/>&quot;</highlight><highlight class="normal"><sp/><sp/><sp/><sp/><sp/><sp/><sp/><sp/><sp/><sp/><sp/><sp/><sp/><sp/><sp/></highlight><highlight class="comment">//<sp/>4</highlight><highlight class="normal"></highlight></codeline>
<codeline lineno="77"><highlight class="normal"><sp/><sp/><sp/><sp/><sp/><sp/><sp/><sp/><sp/><sp/><sp/><sp/><sp/><sp/>&lt;&lt;<sp/>std::string(12,<sp/></highlight><highlight class="charliteral">&apos;-&apos;</highlight><highlight class="normal">)<sp/>&lt;&lt;<sp/></highlight><highlight class="stringliteral">&quot;<sp/>|<sp/>&quot;</highlight><highlight class="normal"><sp/><sp/><sp/><sp/><sp/><sp/><sp/><sp/><sp/><sp/><sp/><sp/><sp/><sp/><sp/></highlight><highlight class="comment">//<sp/>5</highlight><highlight class="normal"></highlight></codeline>
<codeline lineno="78"><highlight class="normal"><sp/><sp/><sp/><sp/><sp/><sp/><sp/><sp/><sp/><sp/><sp/><sp/><sp/><sp/>&lt;&lt;<sp/>std::string(17,<sp/></highlight><highlight class="charliteral">&apos;-&apos;</highlight><highlight class="normal">)<sp/>&lt;&lt;<sp/></highlight><highlight class="stringliteral">&quot;<sp/>|<sp/>&quot;</highlight><highlight class="normal"><sp/><sp/><sp/><sp/><sp/><sp/><sp/><sp/><sp/><sp/><sp/><sp/><sp/><sp/><sp/></highlight><highlight class="comment">//<sp/>6</highlight><highlight class="normal"></highlight></codeline>
<codeline lineno="79"><highlight class="normal"><sp/><sp/><sp/><sp/><sp/><sp/><sp/><sp/><sp/><sp/><sp/><sp/><sp/><sp/>&lt;&lt;<sp/>std::string(25,<sp/></highlight><highlight class="charliteral">&apos;-&apos;</highlight><highlight class="normal">)<sp/>&lt;&lt;<sp/></highlight><highlight class="stringliteral">&quot;<sp/>|<sp/>&quot;</highlight><highlight class="normal"><sp/><sp/><sp/><sp/><sp/><sp/><sp/><sp/><sp/><sp/><sp/><sp/><sp/><sp/><sp/></highlight><highlight class="comment">//<sp/>7</highlight><highlight class="normal"></highlight></codeline>
<codeline lineno="80"><highlight class="normal"><sp/><sp/><sp/><sp/><sp/><sp/><sp/><sp/><sp/><sp/><sp/><sp/><sp/><sp/>&lt;&lt;<sp/>std::string(19,<sp/></highlight><highlight class="charliteral">&apos;-&apos;</highlight><highlight class="normal">)<sp/>&lt;&lt;<sp/></highlight><highlight class="stringliteral">&quot;<sp/>|<sp/>&quot;</highlight><highlight class="normal"><sp/><sp/><sp/><sp/><sp/><sp/><sp/><sp/><sp/><sp/><sp/><sp/><sp/><sp/><sp/></highlight><highlight class="comment">//<sp/>8</highlight><highlight class="normal"></highlight></codeline>
<codeline lineno="81"><highlight class="normal"><sp/><sp/><sp/><sp/><sp/><sp/><sp/><sp/><sp/><sp/><sp/><sp/><sp/><sp/>&lt;&lt;<sp/>std::string(12,<sp/></highlight><highlight class="charliteral">&apos;-&apos;</highlight><highlight class="normal">)<sp/>&lt;&lt;<sp/></highlight><highlight class="stringliteral">&quot;<sp/>|<sp/>&quot;</highlight><highlight class="normal"><sp/><sp/><sp/><sp/><sp/><sp/><sp/><sp/><sp/><sp/><sp/><sp/><sp/><sp/><sp/></highlight><highlight class="comment">//<sp/>9</highlight><highlight class="normal"></highlight></codeline>
<codeline lineno="82"><highlight class="normal"><sp/><sp/><sp/><sp/><sp/><sp/><sp/><sp/><sp/><sp/><sp/><sp/><sp/><sp/>&lt;&lt;<sp/>std::string(12,<sp/></highlight><highlight class="charliteral">&apos;-&apos;</highlight><highlight class="normal">)<sp/>&lt;&lt;<sp/></highlight><highlight class="stringliteral">&quot;<sp/>|<sp/>&quot;</highlight><highlight class="normal"><sp/><sp/><sp/><sp/><sp/><sp/><sp/><sp/><sp/><sp/><sp/><sp/><sp/><sp/><sp/></highlight><highlight class="comment">//<sp/>10</highlight><highlight class="normal"></highlight></codeline>
<codeline lineno="83"><highlight class="normal"><sp/><sp/><sp/><sp/><sp/><sp/><sp/><sp/><sp/><sp/><sp/><sp/><sp/><sp/>&lt;&lt;<sp/>std::string(14,<sp/></highlight><highlight class="charliteral">&apos;-&apos;</highlight><highlight class="normal">)<sp/>&lt;&lt;<sp/></highlight><highlight class="stringliteral">&quot;<sp/>|<sp/>&quot;</highlight><highlight class="normal"><sp/>&lt;&lt;<sp/>std::endl;<sp/></highlight><highlight class="comment">//<sp/>11</highlight><highlight class="normal"></highlight></codeline>
<codeline lineno="84"><highlight class="normal">}</highlight></codeline>
<codeline lineno="85"><highlight class="normal"></highlight></codeline>
<codeline lineno="91" refid="tabla_transaccion_otra_8hpp_1a4d6d4cb7130aff0d4d6c735761162ae3" refkind="member"><highlight class="normal"></highlight><highlight class="keywordtype">void</highlight><highlight class="normal"><sp/><ref refid="tabla_transaccion_otra_8hpp_1a4d6d4cb7130aff0d4d6c735761162ae3" kindref="member">crearTablaTransacciones</ref>(sqlite3<sp/>*db)<sp/>{</highlight></codeline>
<codeline lineno="92"><highlight class="normal"><sp/><sp/><sp/><sp/></highlight><highlight class="keyword">const</highlight><highlight class="normal"><sp/></highlight><highlight class="keywordtype">char</highlight><highlight class="normal"><sp/>*sql_create_table<sp/>=<sp/></highlight></codeline>
<codeline lineno="93"><highlight class="normal"><sp/><sp/><sp/><sp/><sp/><sp/><sp/><sp/></highlight><highlight class="stringliteral">&quot;CREATE<sp/>TABLE<sp/>IF<sp/>NOT<sp/>EXISTS<sp/>tablaTransacciones<sp/>(&quot;</highlight><highlight class="normal"></highlight></codeline>
<codeline lineno="94"><highlight class="normal"><sp/><sp/><sp/><sp/><sp/><sp/><sp/><sp/><sp/><sp/><sp/><sp/><sp/><sp/><sp/><sp/><sp/><sp/><sp/><sp/><sp/><sp/><sp/><sp/><sp/><sp/><sp/></highlight><highlight class="stringliteral">&quot;IdTransaccion<sp/>INTEGER<sp/>PRIMARY<sp/>KEY,&quot;</highlight><highlight class="normal"></highlight></codeline>
<codeline lineno="95"><highlight class="normal"><sp/><sp/><sp/><sp/><sp/><sp/><sp/><sp/><sp/><sp/><sp/><sp/><sp/><sp/><sp/><sp/><sp/><sp/><sp/><sp/><sp/><sp/><sp/><sp/><sp/><sp/><sp/></highlight><highlight class="stringliteral">&quot;IdCliente<sp/>INTEGER,&quot;</highlight><highlight class="normal"></highlight></codeline>
<codeline lineno="96"><highlight class="normal"><sp/><sp/><sp/><sp/><sp/><sp/><sp/><sp/><sp/><sp/><sp/><sp/><sp/><sp/><sp/><sp/><sp/><sp/><sp/><sp/><sp/><sp/><sp/><sp/><sp/><sp/><sp/></highlight><highlight class="stringliteral">&quot;Cedula<sp/>TEXT,&quot;</highlight><highlight class="normal"></highlight></codeline>
<codeline lineno="97"><highlight class="normal"><sp/><sp/><sp/><sp/><sp/><sp/><sp/><sp/><sp/><sp/><sp/><sp/><sp/><sp/><sp/><sp/><sp/><sp/><sp/><sp/><sp/><sp/><sp/><sp/><sp/><sp/><sp/></highlight><highlight class="stringliteral">&quot;FechaTransaccion<sp/>TEXT,&quot;</highlight><highlight class="normal"></highlight></codeline>
<codeline lineno="98"><highlight class="normal"><sp/><sp/><sp/><sp/><sp/><sp/><sp/><sp/><sp/><sp/><sp/><sp/><sp/><sp/><sp/><sp/><sp/><sp/><sp/><sp/><sp/><sp/><sp/><sp/><sp/><sp/><sp/></highlight><highlight class="stringliteral">&quot;Hora<sp/>TEXT,&quot;</highlight><highlight class="normal"></highlight></codeline>
<codeline lineno="99"><highlight class="normal"><sp/><sp/><sp/><sp/><sp/><sp/><sp/><sp/><sp/><sp/><sp/><sp/><sp/><sp/><sp/><sp/><sp/><sp/><sp/><sp/><sp/><sp/><sp/><sp/><sp/><sp/><sp/></highlight><highlight class="stringliteral">&quot;SaldoBalance<sp/>REAL,&quot;</highlight><highlight class="normal"></highlight></codeline>
<codeline lineno="100"><highlight class="normal"><sp/><sp/><sp/><sp/><sp/><sp/><sp/><sp/><sp/><sp/><sp/><sp/><sp/><sp/><sp/><sp/><sp/><sp/><sp/><sp/><sp/><sp/><sp/><sp/><sp/><sp/><sp/></highlight><highlight class="stringliteral">&quot;Detalle<sp/>TEXT,&quot;</highlight><highlight class="normal"></highlight></codeline>
<codeline lineno="101"><highlight class="normal"><sp/><sp/><sp/><sp/><sp/><sp/><sp/><sp/><sp/><sp/><sp/><sp/><sp/><sp/><sp/><sp/><sp/><sp/><sp/><sp/><sp/><sp/><sp/><sp/><sp/><sp/><sp/></highlight><highlight class="stringliteral">&quot;Credito<sp/>REAL,&quot;</highlight><highlight class="normal"></highlight></codeline>
<codeline lineno="102"><highlight class="normal"><sp/><sp/><sp/><sp/><sp/><sp/><sp/><sp/><sp/><sp/><sp/><sp/><sp/><sp/><sp/><sp/><sp/><sp/><sp/><sp/><sp/><sp/><sp/><sp/><sp/><sp/><sp/></highlight><highlight class="stringliteral">&quot;Debito<sp/>REAL,&quot;</highlight><highlight class="normal"></highlight></codeline>
<codeline lineno="103"><highlight class="normal"><sp/><sp/><sp/><sp/><sp/><sp/><sp/><sp/><sp/><sp/><sp/><sp/><sp/><sp/><sp/><sp/><sp/><sp/><sp/><sp/><sp/><sp/><sp/><sp/><sp/><sp/><sp/></highlight><highlight class="stringliteral">&quot;CuentaOrigen<sp/>TEXT,&quot;</highlight><highlight class="normal"></highlight></codeline>
<codeline lineno="104"><highlight class="normal"><sp/><sp/><sp/><sp/><sp/><sp/><sp/><sp/><sp/><sp/><sp/><sp/><sp/><sp/><sp/><sp/><sp/><sp/><sp/><sp/><sp/><sp/><sp/><sp/><sp/><sp/><sp/></highlight><highlight class="stringliteral">&quot;CuentaDestino<sp/>TEXT&quot;</highlight><highlight class="normal"></highlight></codeline>
<codeline lineno="105"><highlight class="normal"><sp/><sp/><sp/><sp/><sp/><sp/><sp/><sp/><sp/><sp/><sp/><sp/><sp/><sp/><sp/><sp/><sp/><sp/><sp/><sp/><sp/><sp/><sp/><sp/><sp/><sp/><sp/></highlight><highlight class="stringliteral">&quot;)&quot;</highlight><highlight class="normal">;</highlight></codeline>
<codeline lineno="106"><highlight class="normal"><sp/><sp/><sp/><sp/></highlight><highlight class="keywordtype">char</highlight><highlight class="normal"><sp/>*err_msg<sp/>=<sp/></highlight><highlight class="keyword">nullptr</highlight><highlight class="normal">;</highlight></codeline>
<codeline lineno="107"><highlight class="normal"><sp/><sp/><sp/><sp/></highlight><highlight class="keywordtype">int</highlight><highlight class="normal"><sp/>rc<sp/>=<sp/>sqlite3_exec(db,<sp/>sql_create_table,<sp/>0,<sp/>0,<sp/>&amp;err_msg);</highlight></codeline>
<codeline lineno="108"><highlight class="normal"><sp/><sp/><sp/><sp/></highlight></codeline>
<codeline lineno="109"><highlight class="normal"><sp/><sp/><sp/><sp/></highlight><highlight class="keywordflow">if</highlight><highlight class="normal"><sp/>(rc<sp/>!=<sp/>SQLITE_OK)<sp/>{</highlight></codeline>
<codeline lineno="110"><highlight class="normal"><sp/><sp/><sp/><sp/><sp/><sp/><sp/><sp/>std::cerr<sp/>&lt;&lt;<sp/></highlight><highlight class="stringliteral">&quot;Error<sp/>creando<sp/>la<sp/>tabla:<sp/>&quot;</highlight><highlight class="normal"><sp/>&lt;&lt;<sp/>err_msg<sp/>&lt;&lt;<sp/>std::endl;</highlight></codeline>
<codeline lineno="111"><highlight class="normal"><sp/><sp/><sp/><sp/><sp/><sp/><sp/><sp/>sqlite3_free(err_msg);</highlight></codeline>
<codeline lineno="112"><highlight class="normal"><sp/><sp/><sp/><sp/>}<sp/></highlight><highlight class="keywordflow">else</highlight><highlight class="normal"><sp/>{</highlight></codeline>
<codeline lineno="113"><highlight class="normal"><sp/><sp/><sp/><sp/><sp/><sp/><sp/><sp/>std::cout<sp/>&lt;&lt;<sp/></highlight><highlight class="stringliteral">&quot;Tabla<sp/>creada<sp/>exitosamente&quot;</highlight><highlight class="normal"><sp/>&lt;&lt;<sp/>std::endl;</highlight></codeline>
<codeline lineno="114"><highlight class="normal"><sp/><sp/><sp/><sp/>}</highlight></codeline>
<codeline lineno="115"><highlight class="normal">}</highlight></codeline>
<codeline lineno="116"><highlight class="normal"></highlight></codeline>
<codeline lineno="122" refid="tabla_transaccion_otra_8hpp_1a149c3e2d9911b47e0f294587a3e98963" refkind="member"><highlight class="normal"></highlight><highlight class="keywordtype">void</highlight><highlight class="normal"><sp/><ref refid="tabla_transaccion_otra_8hpp_1a149c3e2d9911b47e0f294587a3e98963" kindref="member">insertarTransacciones</ref>(sqlite3<sp/>*db)<sp/>{</highlight></codeline>
<codeline lineno="123"><highlight class="normal"><sp/><sp/><sp/><sp/></highlight><highlight class="keyword">const</highlight><highlight class="normal"><sp/></highlight><highlight class="keywordtype">char</highlight><highlight class="normal"><sp/>*sql_insert_data<sp/>=<sp/>R</highlight><highlight class="stringliteral">&quot;(</highlight></codeline>
<codeline lineno="124"><highlight class="stringliteral"><sp/><sp/><sp/><sp/><sp/><sp/><sp/><sp/>INSERT<sp/>INTO<sp/>tablaTransacciones<sp/>(IdTransaccion,<sp/>IdCliente,<sp/>Cedula,<sp/>FechaTransaccion,<sp/>Hora,<sp/>SaldoBalance,<sp/>Detalle,<sp/>Credito,<sp/>Debito,<sp/>CuentaOrigen,<sp/>CuentaDestino)<sp/>VALUES</highlight></codeline>
<codeline lineno="125"><highlight class="stringliteral"><sp/><sp/><sp/><sp/><sp/><sp/><sp/><sp/>(3000041,<sp/>2701006,<sp/>&apos;702890948&apos;,<sp/>&apos;2017-01-11&apos;,<sp/>&apos;21:31:19&apos;,<sp/>87354.22,<sp/>&apos;Transferencia<sp/>realizada&apos;,<sp/>0,<sp/>300,<sp/>&apos;Dolares&apos;,<sp/>&apos;Dolares&apos;),</highlight></codeline>
<codeline lineno="126"><highlight class="stringliteral"><sp/><sp/><sp/><sp/><sp/><sp/><sp/><sp/>(3000042,<sp/>2701027,<sp/>&apos;702890950&apos;,<sp/>&apos;2017-02-12&apos;,<sp/>&apos;21:31:19&apos;,<sp/>21285.98,<sp/>&apos;Transferencia<sp/>recibida&apos;,<sp/>300,<sp/>0,<sp/>&apos;Dolares&apos;,<sp/>&apos;Dolares&apos;),</highlight></codeline>
<codeline lineno="127"><highlight class="stringliteral"><sp/><sp/><sp/><sp/><sp/><sp/><sp/><sp/>(3006334,<sp/>1203004,<sp/>&apos;901460040&apos;,<sp/>&apos;2018-03-13&apos;,<sp/>&apos;23:42:08&apos;,<sp/>4371687.12,<sp/>&apos;Transferencia<sp/>realizada&apos;,<sp/>0,<sp/>50300,<sp/>&apos;Colones&apos;,<sp/>&apos;Dolares&apos;),</highlight></codeline>
<codeline lineno="128"><highlight class="stringliteral"><sp/><sp/><sp/><sp/><sp/><sp/><sp/><sp/>(3006335,<sp/>2701006,<sp/>&apos;702890948&apos;,<sp/>&apos;2018-04-14&apos;,<sp/>&apos;23:42:08&apos;,<sp/>87449.12566037737,<sp/>&apos;Transferencia<sp/>recibida&apos;,<sp/>94.90566037735849,<sp/>0,<sp/>&apos;Colones&apos;,<sp/>&apos;Dolares&apos;),</highlight></codeline>
<codeline lineno="129"><highlight class="stringliteral"><sp/><sp/><sp/><sp/><sp/><sp/><sp/><sp/>(3018467,<sp/>1701014,<sp/>&apos;702890952&apos;,<sp/>&apos;2019-05-15&apos;,<sp/>&apos;23:41:05&apos;,<sp/>1410987.45,<sp/>&apos;Transferencia<sp/>realizada&apos;,<sp/>0,<sp/>40000,<sp/>&apos;Colones&apos;,<sp/>&apos;Colones&apos;),</highlight></codeline>
<codeline lineno="130"><highlight class="stringliteral"><sp/><sp/><sp/><sp/><sp/><sp/><sp/><sp/>(3018468,<sp/>1504004,<sp/>&apos;504380806&apos;,<sp/>&apos;2019-06-16&apos;,<sp/>&apos;23:41:05&apos;,<sp/>694987.33,<sp/>&apos;Transferencia<sp/>recibida&apos;,<sp/>40000,<sp/>0,<sp/>&apos;Colones&apos;,<sp/>&apos;Colones&apos;),</highlight></codeline>
<codeline lineno="131"><highlight class="stringliteral"><sp/><sp/><sp/><sp/><sp/><sp/><sp/><sp/>(3026500,<sp/>2701027,<sp/>&apos;702890950&apos;,<sp/>&apos;2020-07-17&apos;,<sp/>&apos;23:42:29&apos;,<sp/>20885.98,<sp/>&apos;Transferencia<sp/>realizada&apos;,<sp/>0,<sp/>400,<sp/>&apos;Dolares&apos;,<sp/>&apos;Colones&apos;),</highlight></codeline>
<codeline lineno="132"><highlight class="stringliteral"><sp/><sp/><sp/><sp/><sp/><sp/><sp/><sp/>(3026501,<sp/>1504004,<sp/>&apos;504380806&apos;,<sp/>&apos;2020-18-18&apos;,<sp/>&apos;23:42:29&apos;,<sp/>906987.33,<sp/>&apos;Transferencia<sp/>recibida&apos;,<sp/>212000,<sp/>0,<sp/>&apos;Dolares&apos;,<sp/>&apos;Colones&apos;);</highlight></codeline>
<codeline lineno="133"><highlight class="stringliteral"><sp/><sp/><sp/><sp/>)&quot;;</highlight></codeline>
<codeline lineno="134"><highlight class="stringliteral"><sp/><sp/><sp/></highlight></codeline>
<codeline lineno="135"><highlight class="stringliteral"><sp/><sp/><sp/><sp/></highlight><highlight class="keywordtype">char</highlight><highlight class="normal"><sp/>*err_msg<sp/>=<sp/></highlight><highlight class="keyword">nullptr</highlight><highlight class="normal">;</highlight></codeline>
<codeline lineno="136"><highlight class="normal"><sp/><sp/><sp/><sp/></highlight><highlight class="keywordtype">int</highlight><highlight class="normal"><sp/>rc;</highlight></codeline>
<codeline lineno="137"><highlight class="normal"></highlight></codeline>
<codeline lineno="138"><highlight class="normal"><sp/><sp/><sp/><sp/></highlight><highlight class="comment">//<sp/>Eliminar<sp/>datos<sp/>existentes</highlight><highlight class="normal"></highlight></codeline>
<codeline lineno="139"><highlight class="normal"><sp/><sp/><sp/><sp/></highlight><highlight class="keyword">const</highlight><highlight class="normal"><sp/></highlight><highlight class="keywordtype">char</highlight><highlight class="normal"><sp/>*sql_delete_data<sp/>=<sp/></highlight><highlight class="stringliteral">&quot;DELETE<sp/>FROM<sp/>tablaTransacciones&quot;</highlight><highlight class="normal">;</highlight></codeline>
<codeline lineno="140"><highlight class="normal"><sp/><sp/><sp/><sp/>rc<sp/>=<sp/>sqlite3_exec(db,<sp/>sql_delete_data,<sp/>0,<sp/>0,<sp/>&amp;err_msg);</highlight></codeline>
<codeline lineno="141"><highlight class="normal"><sp/><sp/><sp/><sp/></highlight><highlight class="keywordflow">if</highlight><highlight class="normal"><sp/>(rc<sp/>!=<sp/>SQLITE_OK)<sp/>{</highlight></codeline>
<codeline lineno="142"><highlight class="normal"><sp/><sp/><sp/><sp/><sp/><sp/><sp/><sp/>std::cerr<sp/>&lt;&lt;<sp/></highlight><highlight class="stringliteral">&quot;Error<sp/>eliminando<sp/>datos:<sp/>&quot;</highlight><highlight class="normal"><sp/>&lt;&lt;<sp/>err_msg<sp/>&lt;&lt;<sp/>std::endl;</highlight></codeline>
<codeline lineno="143"><highlight class="normal"><sp/><sp/><sp/><sp/><sp/><sp/><sp/><sp/>sqlite3_free(err_msg);</highlight></codeline>
<codeline lineno="144"><highlight class="normal"><sp/><sp/><sp/><sp/>}<sp/></highlight><highlight class="keywordflow">else</highlight><highlight class="normal"><sp/>{</highlight></codeline>
<codeline lineno="145"><highlight class="normal"><sp/><sp/><sp/><sp/><sp/><sp/><sp/><sp/>std::cout<sp/>&lt;&lt;<sp/></highlight><highlight class="stringliteral">&quot;Datos<sp/>eliminados<sp/>exitosamente&quot;</highlight><highlight class="normal"><sp/>&lt;&lt;<sp/>std::endl;</highlight></codeline>
<codeline lineno="146"><highlight class="normal"><sp/><sp/><sp/><sp/>}</highlight></codeline>
<codeline lineno="147"><highlight class="normal"></highlight></codeline>
<codeline lineno="148"><highlight class="normal"><sp/><sp/><sp/><sp/></highlight><highlight class="comment">//<sp/>Insertar<sp/>nuevos<sp/>datos</highlight><highlight class="normal"></highlight></codeline>
<codeline lineno="149"><highlight class="normal"><sp/><sp/><sp/><sp/>rc<sp/>=<sp/>sqlite3_exec(db,<sp/>sql_insert_data,<sp/>0,<sp/>0,<sp/>&amp;err_msg);</highlight></codeline>
<codeline lineno="150"><highlight class="normal"><sp/><sp/><sp/><sp/></highlight><highlight class="keywordflow">if</highlight><highlight class="normal"><sp/>(rc<sp/>!=<sp/>SQLITE_OK)<sp/>{</highlight></codeline>
<codeline lineno="151"><highlight class="normal"><sp/><sp/><sp/><sp/><sp/><sp/><sp/><sp/>std::cerr<sp/>&lt;&lt;<sp/></highlight><highlight class="stringliteral">&quot;Error<sp/>insertando<sp/>datos:<sp/>&quot;</highlight><highlight class="normal"><sp/>&lt;&lt;<sp/>err_msg<sp/>&lt;&lt;<sp/>std::endl;</highlight></codeline>
<codeline lineno="152"><highlight class="normal"><sp/><sp/><sp/><sp/><sp/><sp/><sp/><sp/>sqlite3_free(err_msg);</highlight></codeline>
<codeline lineno="153"><highlight class="normal"><sp/><sp/><sp/><sp/>}<sp/></highlight><highlight class="keywordflow">else</highlight><highlight class="normal"><sp/>{</highlight></codeline>
<codeline lineno="154"><highlight class="normal"><sp/><sp/><sp/><sp/><sp/><sp/><sp/><sp/>std::cout<sp/>&lt;&lt;<sp/></highlight><highlight class="stringliteral">&quot;Datos<sp/>insertados<sp/>exitosamente&quot;</highlight><highlight class="normal"><sp/>&lt;&lt;<sp/>std::endl;</highlight></codeline>
<codeline lineno="155"><highlight class="normal"><sp/><sp/><sp/><sp/>}</highlight></codeline>
<codeline lineno="156"><highlight class="normal">}</highlight></codeline>
<codeline lineno="157"><highlight class="normal"></highlight></codeline>
<codeline lineno="163" refid="tabla_transaccion_otra_8hpp_1a6e6cf0401d9d33f2d0db98c670c08b1b" refkind="member"><highlight class="normal"></highlight><highlight class="keywordtype">void</highlight><highlight class="normal"><sp/><ref refid="tabla_transaccion_otra_8hpp_1a6e6cf0401d9d33f2d0db98c670c08b1b" kindref="member">mostrarTablaTransacciones</ref>(sqlite3<sp/>*db)<sp/>{</highlight></codeline>
<codeline lineno="164"><highlight class="normal"><sp/><sp/><sp/><sp/></highlight><highlight class="keyword">const</highlight><highlight class="normal"><sp/></highlight><highlight class="keywordtype">char</highlight><highlight class="normal"><sp/>*sql<sp/>=<sp/></highlight><highlight class="stringliteral">&quot;SELECT<sp/>*<sp/>FROM<sp/>tablaTransacciones&quot;</highlight><highlight class="normal">;</highlight></codeline>
<codeline lineno="165"><highlight class="normal"><sp/><sp/><sp/><sp/></highlight><highlight class="keywordtype">char</highlight><highlight class="normal"><sp/>*err_msg<sp/>=<sp/></highlight><highlight class="keyword">nullptr</highlight><highlight class="normal">;</highlight></codeline>
<codeline lineno="166"><highlight class="normal"><sp/><sp/><sp/><sp/></highlight><highlight class="keywordtype">int</highlight><highlight class="normal"><sp/>rc<sp/>=<sp/>sqlite3_exec(db,<sp/>sql,<sp/>callbackT,<sp/></highlight><highlight class="keyword">nullptr</highlight><highlight class="normal">,<sp/>&amp;err_msg);</highlight></codeline>
<codeline lineno="167"><highlight class="normal"><sp/><sp/><sp/><sp/></highlight><highlight class="keywordflow">if</highlight><highlight class="normal"><sp/>(rc<sp/>!=<sp/>SQLITE_OK)<sp/>{</highlight></codeline>
<codeline lineno="168"><highlight class="normal"><sp/><sp/><sp/><sp/><sp/><sp/><sp/><sp/>std::cerr<sp/>&lt;&lt;<sp/></highlight><highlight class="stringliteral">&quot;Error<sp/>ejecutando<sp/>la<sp/>consulta:<sp/>&quot;</highlight><highlight class="normal"><sp/>&lt;&lt;<sp/>err_msg<sp/>&lt;&lt;<sp/>std::endl;</highlight></codeline>
<codeline lineno="169"><highlight class="normal"><sp/><sp/><sp/><sp/><sp/><sp/><sp/><sp/>sqlite3_free(err_msg);</highlight></codeline>
<codeline lineno="170"><highlight class="normal"><sp/><sp/><sp/><sp/>}<sp/></highlight><highlight class="keywordflow">else</highlight><highlight class="normal"><sp/>{</highlight></codeline>
<codeline lineno="171"><highlight class="normal"><sp/><sp/><sp/><sp/><sp/><sp/><sp/><sp/>std::cout<sp/>&lt;&lt;<sp/></highlight><highlight class="stringliteral">&quot;Consulta<sp/>ejecutada<sp/>exitosamente&quot;</highlight><highlight class="normal"><sp/>&lt;&lt;<sp/>std::endl;</highlight></codeline>
<codeline lineno="172"><highlight class="normal"><sp/><sp/><sp/><sp/>}</highlight></codeline>
<codeline lineno="173"><highlight class="normal">}</highlight></codeline>
<codeline lineno="174"><highlight class="normal"></highlight></codeline>
<codeline lineno="180" refid="tabla_transaccion_otra_8hpp_1a6b9765c11f31663092c97047ca95e70c" refkind="member"><highlight class="normal"></highlight><highlight class="keywordtype">void</highlight><highlight class="normal"><sp/><ref refid="tabla_transaccion_otra_8hpp_1a6b9765c11f31663092c97047ca95e70c" kindref="member">eliminarDatosTransacciones</ref>(sqlite3<sp/>*db)<sp/>{</highlight></codeline>
<codeline lineno="181"><highlight class="normal"><sp/><sp/><sp/><sp/></highlight><highlight class="keyword">const</highlight><highlight class="normal"><sp/></highlight><highlight class="keywordtype">char</highlight><highlight class="normal"><sp/>*sql_delete_data<sp/>=<sp/></highlight><highlight class="stringliteral">&quot;DELETE<sp/>FROM<sp/>tablaTransacciones&quot;</highlight><highlight class="normal">;</highlight></codeline>
<codeline lineno="182"><highlight class="normal"><sp/><sp/><sp/><sp/></highlight><highlight class="keywordtype">char</highlight><highlight class="normal"><sp/>*err_msg<sp/>=<sp/></highlight><highlight class="keyword">nullptr</highlight><highlight class="normal">;</highlight></codeline>
<codeline lineno="183"><highlight class="normal"><sp/><sp/><sp/><sp/></highlight><highlight class="keywordtype">int</highlight><highlight class="normal"><sp/>rc<sp/>=<sp/>sqlite3_exec(db,<sp/>sql_delete_data,<sp/>0,<sp/>0,<sp/>&amp;err_msg);</highlight></codeline>
<codeline lineno="184"><highlight class="normal"><sp/><sp/><sp/><sp/></highlight><highlight class="keywordflow">if</highlight><highlight class="normal"><sp/>(rc<sp/>!=<sp/>SQLITE_OK)<sp/>{</highlight></codeline>
<codeline lineno="185"><highlight class="normal"><sp/><sp/><sp/><sp/><sp/><sp/><sp/><sp/>std::cerr<sp/>&lt;&lt;<sp/></highlight><highlight class="stringliteral">&quot;Error<sp/>eliminando<sp/>datos:<sp/>&quot;</highlight><highlight class="normal"><sp/>&lt;&lt;<sp/>err_msg<sp/>&lt;&lt;<sp/>std::endl;</highlight></codeline>
<codeline lineno="186"><highlight class="normal"><sp/><sp/><sp/><sp/><sp/><sp/><sp/><sp/>sqlite3_free(err_msg);</highlight></codeline>
<codeline lineno="187"><highlight class="normal"><sp/><sp/><sp/><sp/>}<sp/></highlight><highlight class="keywordflow">else</highlight><highlight class="normal"><sp/>{</highlight></codeline>
<codeline lineno="188"><highlight class="normal"><sp/><sp/><sp/><sp/><sp/><sp/><sp/><sp/>std::cout<sp/>&lt;&lt;<sp/></highlight><highlight class="stringliteral">&quot;Datos<sp/>eliminados<sp/>exitosamente&quot;</highlight><highlight class="normal"><sp/>&lt;&lt;<sp/>std::endl;</highlight></codeline>
<codeline lineno="189"><highlight class="normal"><sp/><sp/><sp/><sp/>}</highlight></codeline>
<codeline lineno="190"><highlight class="normal">}</highlight></codeline>
<codeline lineno="191"><highlight class="normal"></highlight></codeline>
<codeline lineno="192"><highlight class="normal"></highlight><highlight class="preprocessor">#endif</highlight></codeline>
    </programlisting>
    <location file="tablaTransaccionOtra.hpp"/>
  </compounddef>
</doxygen>
