<?xml version='1.0' encoding='UTF-8' standalone='no'?>
<doxygen xmlns:xsi="http://www.w3.org/2001/XMLSchema-instance" xsi:noNamespaceSchemaLocation="compound.xsd" version="1.10.0" xml:lang="en-US">
  <compounddef id="tabla_prestamos_otra_8hpp" kind="file" language="C++">
    <compoundname>tablaPrestamosOtra.hpp</compoundname>
    <includes local="no">iostream</includes>
    <includes local="no">sqlite3.h</includes>
    <includes local="no">sstream</includes>
    <includes local="no">iomanip</includes>
    <includes local="no">cmath</includes>
    <includes local="no">vector</includes>
    <includedby refid="main2_8cpp" local="yes">main2.cpp</includedby>
    <incdepgraph>
      <node id="1">
        <label>tablaPrestamosOtra.hpp</label>
        <link refid="tabla_prestamos_otra_8hpp"/>
        <childnode refid="2" relation="include">
        </childnode>
        <childnode refid="3" relation="include">
        </childnode>
        <childnode refid="4" relation="include">
        </childnode>
        <childnode refid="5" relation="include">
        </childnode>
        <childnode refid="6" relation="include">
        </childnode>
        <childnode refid="7" relation="include">
        </childnode>
      </node>
      <node id="6">
        <label>cmath</label>
      </node>
      <node id="5">
        <label>iomanip</label>
      </node>
      <node id="2">
        <label>iostream</label>
      </node>
      <node id="3">
        <label>sqlite3.h</label>
      </node>
      <node id="4">
        <label>sstream</label>
      </node>
      <node id="7">
        <label>vector</label>
      </node>
    </incdepgraph>
    <invincdepgraph>
      <node id="2">
        <label>main2.cpp</label>
        <link refid="main2_8cpp"/>
      </node>
      <node id="1">
        <label>tablaPrestamosOtra.hpp</label>
        <link refid="tabla_prestamos_otra_8hpp"/>
        <childnode refid="2" relation="include">
        </childnode>
      </node>
    </invincdepgraph>
    <sectiondef kind="func">
      <memberdef kind="function" id="tabla_prestamos_otra_8hpp_1a6406b8cb3329954ace98568a86c8f065" prot="public" static="no" const="no" explicit="no" inline="no" virt="non-virtual">
        <type>int</type>
        <definition>int ejecutarSQLPrestamos</definition>
        <argsstring>(sqlite3 *db, const std::string &amp;consulta)</argsstring>
        <name>ejecutarSQLPrestamos</name>
        <param>
          <type>sqlite3 *</type>
          <declname>db</declname>
        </param>
        <param>
          <type>const std::string &amp;</type>
          <declname>consulta</declname>
        </param>
        <briefdescription>
<para>Función para ejecutar consultas SQL en la base de datos de préstamos. </para>
        </briefdescription>
        <detaileddescription>
<para><parameterlist kind="param"><parameteritem>
<parameternamelist>
<parametername>db</parametername>
</parameternamelist>
<parameterdescription>
<para>Puntero a la base de datos SQLite. </para>
</parameterdescription>
</parameteritem>
<parameteritem>
<parameternamelist>
<parametername>consulta</parametername>
</parameternamelist>
<parameterdescription>
<para>Consulta SQL a ejecutar. </para>
</parameterdescription>
</parameteritem>
</parameterlist>
<simplesect kind="return"><para>int Código de resultado de la ejecución de la consulta SQL. </para>
</simplesect>
</para>
        </detaileddescription>
        <inbodydescription>
        </inbodydescription>
        <location file="tablaPrestamosOtra.hpp" line="23" column="5" bodyfile="tablaPrestamosOtra.hpp" bodystart="23" bodyend="31"/>
      </memberdef>
      <memberdef kind="function" id="tabla_prestamos_otra_8hpp_1a33386b0b7dcabe130fc2d9cc055c8c06" prot="public" static="yes" const="no" explicit="no" inline="no" virt="non-virtual">
        <type>int</type>
        <definition>static int callbackP</definition>
        <argsstring>(void *data, int argc, char **argv, char **azColName)</argsstring>
        <name>callbackP</name>
        <param>
          <type>void *</type>
          <declname>data</declname>
        </param>
        <param>
          <type>int</type>
          <declname>argc</declname>
        </param>
        <param>
          <type>char **</type>
          <declname>argv</declname>
        </param>
        <param>
          <type>char **</type>
          <declname>azColName</declname>
        </param>
        <briefdescription>
<para>Callback para la impresión de la tabla de préstamos. </para>
        </briefdescription>
        <detaileddescription>
<para><parameterlist kind="param"><parameteritem>
<parameternamelist>
<parametername>data</parametername>
</parameternamelist>
<parameterdescription>
<para>Puntero a los datos pasados al callback (no se usa en esta función). </para>
</parameterdescription>
</parameteritem>
<parameteritem>
<parameternamelist>
<parametername>argc</parametername>
</parameternamelist>
<parameterdescription>
<para>Número de columnas en la fila. </para>
</parameterdescription>
</parameteritem>
<parameteritem>
<parameternamelist>
<parametername>argv</parametername>
</parameternamelist>
<parameterdescription>
<para>Matriz de cadenas que contiene los valores de cada columna. </para>
</parameterdescription>
</parameteritem>
<parameteritem>
<parameternamelist>
<parametername>azColName</parametername>
</parameternamelist>
<parameterdescription>
<para>Matriz de cadenas que contiene los nombres de las columnas. </para>
</parameterdescription>
</parameteritem>
</parameterlist>
<simplesect kind="return"><para>int Código de resultado de la ejecución del callback. </para>
</simplesect>
</para>
        </detaileddescription>
        <inbodydescription>
        </inbodydescription>
        <location file="tablaPrestamosOtra.hpp" line="42" column="12" bodyfile="tablaPrestamosOtra.hpp" bodystart="42" bodyend="60"/>
      </memberdef>
      <memberdef kind="function" id="tabla_prestamos_otra_8hpp_1aea4c4561f4b2b94e0b3084740c2d6967" prot="public" static="no" const="no" explicit="no" inline="no" virt="non-virtual">
        <type>void</type>
        <definition>void printTableHeadersPrestamos</definition>
        <argsstring>()</argsstring>
        <name>printTableHeadersPrestamos</name>
        <briefdescription>
<para>Imprime los encabezados de la tabla de préstamos. </para>
        </briefdescription>
        <detaileddescription>
        </detaileddescription>
        <inbodydescription>
        </inbodydescription>
        <location file="tablaPrestamosOtra.hpp" line="65" column="6" bodyfile="tablaPrestamosOtra.hpp" bodystart="65" bodyend="99"/>
      </memberdef>
      <memberdef kind="function" id="tabla_prestamos_otra_8hpp_1a7761fe60a6791c5dd0615cea310b1d1b" prot="public" static="no" const="no" explicit="no" inline="no" virt="non-virtual">
        <type>void</type>
        <definition>void crearTablaPrestamos</definition>
        <argsstring>(sqlite3 *db)</argsstring>
        <name>crearTablaPrestamos</name>
        <param>
          <type>sqlite3 *</type>
          <declname>db</declname>
        </param>
        <briefdescription>
<para>Crea la tabla de préstamos en la base de datos. </para>
        </briefdescription>
        <detaileddescription>
<para><parameterlist kind="param"><parameteritem>
<parameternamelist>
<parametername>db</parametername>
</parameternamelist>
<parameterdescription>
<para>Puntero a la base de datos SQLite. </para>
</parameterdescription>
</parameteritem>
</parameterlist>
</para>
        </detaileddescription>
        <inbodydescription>
        </inbodydescription>
        <location file="tablaPrestamosOtra.hpp" line="106" column="6" bodyfile="tablaPrestamosOtra.hpp" bodystart="106" bodyend="135"/>
      </memberdef>
      <memberdef kind="function" id="tabla_prestamos_otra_8hpp_1a7d8d46e2716959c871f0d8d049609436" prot="public" static="no" const="no" explicit="no" inline="no" virt="non-virtual">
        <type>void</type>
        <definition>void insertarPrestamos</definition>
        <argsstring>(sqlite3 *db)</argsstring>
        <name>insertarPrestamos</name>
        <param>
          <type>sqlite3 *</type>
          <declname>db</declname>
        </param>
        <briefdescription>
<para>Inserta datos en la tabla de préstamos. </para>
        </briefdescription>
        <detaileddescription>
<para><parameterlist kind="param"><parameteritem>
<parameternamelist>
<parametername>db</parametername>
</parameternamelist>
<parameterdescription>
<para>Puntero a la base de datos SQLite. </para>
</parameterdescription>
</parameteritem>
</parameterlist>
</para>
        </detaileddescription>
        <inbodydescription>
        </inbodydescription>
        <location file="tablaPrestamosOtra.hpp" line="142" column="6" bodyfile="tablaPrestamosOtra.hpp" bodystart="142" bodyend="156"/>
      </memberdef>
      <memberdef kind="function" id="tabla_prestamos_otra_8hpp_1a9396fcccc9a90650b59945f7531ab760" prot="public" static="no" const="no" explicit="no" inline="no" virt="non-virtual">
        <type>void</type>
        <definition>void mostrarTablaPrestamos</definition>
        <argsstring>(sqlite3 *db)</argsstring>
        <name>mostrarTablaPrestamos</name>
        <param>
          <type>sqlite3 *</type>
          <declname>db</declname>
        </param>
        <briefdescription>
<para>Selecciona y muestra datos de la tabla de préstamos. </para>
        </briefdescription>
        <detaileddescription>
<para><parameterlist kind="param"><parameteritem>
<parameternamelist>
<parametername>db</parametername>
</parameternamelist>
<parameterdescription>
<para>Puntero a la base de datos SQLite. </para>
</parameterdescription>
</parameteritem>
</parameterlist>
</para>
        </detaileddescription>
        <inbodydescription>
        </inbodydescription>
        <location file="tablaPrestamosOtra.hpp" line="163" column="6" bodyfile="tablaPrestamosOtra.hpp" bodystart="163" bodyend="173"/>
      </memberdef>
      <memberdef kind="function" id="tabla_prestamos_otra_8hpp_1a694cd3681195f83f28067d4942a09b66" prot="public" static="no" const="no" explicit="no" inline="no" virt="non-virtual">
        <type>void</type>
        <definition>void eliminarDatosPrestamos</definition>
        <argsstring>(sqlite3 *db)</argsstring>
        <name>eliminarDatosPrestamos</name>
        <param>
          <type>sqlite3 *</type>
          <declname>db</declname>
        </param>
        <briefdescription>
<para>Elimina los datos de la tabla de préstamos. </para>
        </briefdescription>
        <detaileddescription>
<para><parameterlist kind="param"><parameteritem>
<parameternamelist>
<parametername>db</parametername>
</parameternamelist>
<parameterdescription>
<para>Puntero a la base de datos SQLite. </para>
</parameterdescription>
</parameteritem>
</parameterlist>
</para>
        </detaileddescription>
        <inbodydescription>
        </inbodydescription>
        <location file="tablaPrestamosOtra.hpp" line="180" column="6" bodyfile="tablaPrestamosOtra.hpp" bodystart="180" bodyend="190"/>
      </memberdef>
    </sectiondef>
    <briefdescription>
<para>Archivo que contiene las funciones para gestionar la tabla de préstamos en una base de datos SQLite. </para>
    </briefdescription>
    <detaileddescription>
    </detaileddescription>
    <programlisting>
<codeline lineno="1"></codeline>
<codeline lineno="6"><highlight class="normal"></highlight><highlight class="preprocessor">#ifndef<sp/>TABLAPRESTAMOSOTRA_HPP</highlight><highlight class="normal"></highlight></codeline>
<codeline lineno="7"><highlight class="normal"></highlight><highlight class="preprocessor">#define<sp/>TABLAPRESTAMOSOTRA_HPP</highlight><highlight class="normal"></highlight></codeline>
<codeline lineno="8"><highlight class="normal"></highlight></codeline>
<codeline lineno="9"><highlight class="normal"></highlight><highlight class="preprocessor">#include<sp/>&lt;iostream&gt;</highlight><highlight class="normal"></highlight></codeline>
<codeline lineno="10"><highlight class="normal"></highlight><highlight class="preprocessor">#include<sp/>&lt;sqlite3.h&gt;</highlight><highlight class="normal"></highlight></codeline>
<codeline lineno="11"><highlight class="normal"></highlight><highlight class="preprocessor">#include<sp/>&lt;sstream&gt;</highlight><highlight class="normal"></highlight></codeline>
<codeline lineno="12"><highlight class="normal"></highlight><highlight class="preprocessor">#include<sp/>&lt;iomanip&gt;</highlight><highlight class="normal"></highlight></codeline>
<codeline lineno="13"><highlight class="normal"></highlight><highlight class="preprocessor">#include<sp/>&lt;cmath&gt;</highlight><highlight class="normal"></highlight></codeline>
<codeline lineno="14"><highlight class="normal"></highlight><highlight class="preprocessor">#include<sp/>&lt;vector&gt;</highlight><highlight class="normal"></highlight></codeline>
<codeline lineno="15"><highlight class="normal"></highlight></codeline>
<codeline lineno="23" refid="tabla_prestamos_otra_8hpp_1a6406b8cb3329954ace98568a86c8f065" refkind="member"><highlight class="normal"></highlight><highlight class="keywordtype">int</highlight><highlight class="normal"><sp/><ref refid="tabla_prestamos_otra_8hpp_1a6406b8cb3329954ace98568a86c8f065" kindref="member">ejecutarSQLPrestamos</ref>(sqlite3*<sp/>db,<sp/></highlight><highlight class="keyword">const</highlight><highlight class="normal"><sp/>std::string&amp;<sp/>consulta)<sp/>{</highlight></codeline>
<codeline lineno="24"><highlight class="normal"><sp/><sp/><sp/><sp/></highlight><highlight class="keywordtype">char</highlight><highlight class="normal">*<sp/>mensajeError<sp/>=<sp/></highlight><highlight class="keyword">nullptr</highlight><highlight class="normal">;</highlight></codeline>
<codeline lineno="25"><highlight class="normal"><sp/><sp/><sp/><sp/></highlight><highlight class="keywordtype">int</highlight><highlight class="normal"><sp/>resultado<sp/>=<sp/>sqlite3_exec(db,<sp/>consulta.c_str(),<sp/></highlight><highlight class="keyword">nullptr</highlight><highlight class="normal">,<sp/></highlight><highlight class="keyword">nullptr</highlight><highlight class="normal">,<sp/>&amp;mensajeError);</highlight></codeline>
<codeline lineno="26"><highlight class="normal"><sp/><sp/><sp/><sp/></highlight><highlight class="keywordflow">if</highlight><highlight class="normal"><sp/>(resultado<sp/>!=<sp/>SQLITE_OK)<sp/>{</highlight></codeline>
<codeline lineno="27"><highlight class="normal"><sp/><sp/><sp/><sp/><sp/><sp/><sp/><sp/>std::cerr<sp/>&lt;&lt;<sp/></highlight><highlight class="stringliteral">&quot;Error<sp/>ejecutando<sp/>SQL:<sp/>&quot;</highlight><highlight class="normal"><sp/>&lt;&lt;<sp/>mensajeError<sp/>&lt;&lt;<sp/>std::endl;</highlight></codeline>
<codeline lineno="28"><highlight class="normal"><sp/><sp/><sp/><sp/><sp/><sp/><sp/><sp/>sqlite3_free(mensajeError);</highlight></codeline>
<codeline lineno="29"><highlight class="normal"><sp/><sp/><sp/><sp/>}</highlight></codeline>
<codeline lineno="30"><highlight class="normal"><sp/><sp/><sp/><sp/></highlight><highlight class="keywordflow">return</highlight><highlight class="normal"><sp/>resultado;</highlight></codeline>
<codeline lineno="31"><highlight class="normal">}</highlight></codeline>
<codeline lineno="32"><highlight class="normal"></highlight></codeline>
<codeline lineno="42"><highlight class="normal"></highlight><highlight class="keyword">static</highlight><highlight class="normal"><sp/></highlight><highlight class="keywordtype">int</highlight><highlight class="normal"><sp/>callbackP(</highlight><highlight class="keywordtype">void</highlight><highlight class="normal"><sp/>*data,<sp/></highlight><highlight class="keywordtype">int</highlight><highlight class="normal"><sp/>argc,<sp/></highlight><highlight class="keywordtype">char</highlight><highlight class="normal"><sp/>**argv,<sp/></highlight><highlight class="keywordtype">char</highlight><highlight class="normal"><sp/>**azColName)<sp/>{</highlight></codeline>
<codeline lineno="43"><highlight class="normal"><sp/><sp/><sp/><sp/>std::cout<sp/>&lt;&lt;<sp/>std::setw(10)<sp/>&lt;&lt;<sp/>(argv[0]<sp/>?<sp/>argv[0]<sp/>:<sp/></highlight><highlight class="stringliteral">&quot;NULL&quot;</highlight><highlight class="normal">)<sp/>&lt;&lt;<sp/></highlight><highlight class="stringliteral">&quot;<sp/>|<sp/>&quot;</highlight><highlight class="normal"></highlight></codeline>
<codeline lineno="44"><highlight class="normal"><sp/><sp/><sp/><sp/><sp/><sp/><sp/><sp/><sp/><sp/><sp/><sp/><sp/><sp/>&lt;&lt;<sp/>std::setw(10)<sp/>&lt;&lt;<sp/>(argv[1]<sp/>?<sp/>argv[1]<sp/>:<sp/></highlight><highlight class="stringliteral">&quot;NULL&quot;</highlight><highlight class="normal">)<sp/>&lt;&lt;<sp/></highlight><highlight class="stringliteral">&quot;<sp/>|<sp/>&quot;</highlight><highlight class="normal"></highlight></codeline>
<codeline lineno="45"><highlight class="normal"><sp/><sp/><sp/><sp/><sp/><sp/><sp/><sp/><sp/><sp/><sp/><sp/><sp/><sp/>&lt;&lt;<sp/>std::setw(7)<sp/>&lt;&lt;<sp/>(argv[2]<sp/>?<sp/>argv[2]<sp/>:<sp/></highlight><highlight class="stringliteral">&quot;NULL&quot;</highlight><highlight class="normal">)<sp/>&lt;&lt;<sp/></highlight><highlight class="stringliteral">&quot;<sp/>|<sp/>&quot;</highlight><highlight class="normal"></highlight></codeline>
<codeline lineno="46"><highlight class="normal"><sp/><sp/><sp/><sp/><sp/><sp/><sp/><sp/><sp/><sp/><sp/><sp/><sp/><sp/>&lt;&lt;<sp/>std::setw(13)<sp/>&lt;&lt;<sp/>(argv[3]<sp/>?<sp/>argv[3]<sp/>:<sp/></highlight><highlight class="stringliteral">&quot;NULL&quot;</highlight><highlight class="normal">)<sp/>&lt;&lt;<sp/></highlight><highlight class="stringliteral">&quot;<sp/>|<sp/>&quot;</highlight><highlight class="normal"></highlight></codeline>
<codeline lineno="47"><highlight class="normal"><sp/><sp/><sp/><sp/><sp/><sp/><sp/><sp/><sp/><sp/><sp/><sp/><sp/><sp/>&lt;&lt;<sp/>std::setw(8)<sp/>&lt;&lt;<sp/>(argv[4]<sp/>?<sp/>argv[4]<sp/>:<sp/></highlight><highlight class="stringliteral">&quot;NULL&quot;</highlight><highlight class="normal">)<sp/>&lt;&lt;<sp/></highlight><highlight class="stringliteral">&quot;<sp/>|<sp/>&quot;</highlight><highlight class="normal"></highlight></codeline>
<codeline lineno="48"><highlight class="normal"><sp/><sp/><sp/><sp/><sp/><sp/><sp/><sp/><sp/><sp/><sp/><sp/><sp/><sp/>&lt;&lt;<sp/>std::setw(17)<sp/>&lt;&lt;<sp/>(argv[5]<sp/>?<sp/>argv[5]<sp/>:<sp/></highlight><highlight class="stringliteral">&quot;NULL&quot;</highlight><highlight class="normal">)<sp/>&lt;&lt;<sp/></highlight><highlight class="stringliteral">&quot;<sp/>|<sp/>&quot;</highlight><highlight class="normal"></highlight></codeline>
<codeline lineno="49"><highlight class="normal"><sp/><sp/><sp/><sp/><sp/><sp/><sp/><sp/><sp/><sp/><sp/><sp/><sp/><sp/>&lt;&lt;<sp/>std::setw(12)<sp/>&lt;&lt;<sp/>(argv[6]<sp/>?<sp/>argv[6]<sp/>:<sp/></highlight><highlight class="stringliteral">&quot;NULL&quot;</highlight><highlight class="normal">)<sp/>&lt;&lt;<sp/></highlight><highlight class="stringliteral">&quot;<sp/>|<sp/>&quot;</highlight><highlight class="normal"></highlight></codeline>
<codeline lineno="50"><highlight class="normal"><sp/><sp/><sp/><sp/><sp/><sp/><sp/><sp/><sp/><sp/><sp/><sp/><sp/><sp/>&lt;&lt;<sp/>std::setw(19)<sp/>&lt;&lt;<sp/>(argv[7]<sp/>?<sp/>argv[7]<sp/>:<sp/></highlight><highlight class="stringliteral">&quot;NULL&quot;</highlight><highlight class="normal">)<sp/>&lt;&lt;<sp/></highlight><highlight class="stringliteral">&quot;<sp/>|<sp/>&quot;</highlight><highlight class="normal"></highlight></codeline>
<codeline lineno="51"><highlight class="normal"><sp/><sp/><sp/><sp/><sp/><sp/><sp/><sp/><sp/><sp/><sp/><sp/><sp/><sp/>&lt;&lt;<sp/>std::setw(14)<sp/>&lt;&lt;<sp/>(argv[8]<sp/>?<sp/>argv[8]<sp/>:<sp/></highlight><highlight class="stringliteral">&quot;NULL&quot;</highlight><highlight class="normal">)<sp/>&lt;&lt;<sp/></highlight><highlight class="stringliteral">&quot;<sp/>|<sp/>&quot;</highlight><highlight class="normal"></highlight></codeline>
<codeline lineno="52"><highlight class="normal"><sp/><sp/><sp/><sp/><sp/><sp/><sp/><sp/><sp/><sp/><sp/><sp/><sp/><sp/>&lt;&lt;<sp/>std::setw(14)<sp/>&lt;&lt;<sp/>(argv[9]<sp/>?<sp/>argv[9]<sp/>:<sp/></highlight><highlight class="stringliteral">&quot;NULL&quot;</highlight><highlight class="normal">)<sp/>&lt;&lt;<sp/></highlight><highlight class="stringliteral">&quot;<sp/>|<sp/>&quot;</highlight><highlight class="normal"></highlight></codeline>
<codeline lineno="53"><highlight class="normal"><sp/><sp/><sp/><sp/><sp/><sp/><sp/><sp/><sp/><sp/><sp/><sp/><sp/><sp/>&lt;&lt;<sp/>std::setw(14)<sp/>&lt;&lt;<sp/>(argv[10]<sp/>?<sp/>argv[10]<sp/>:<sp/></highlight><highlight class="stringliteral">&quot;NULL&quot;</highlight><highlight class="normal">)<sp/>&lt;&lt;<sp/></highlight><highlight class="stringliteral">&quot;<sp/>|<sp/>&quot;</highlight><highlight class="normal"></highlight></codeline>
<codeline lineno="54"><highlight class="normal"><sp/><sp/><sp/><sp/><sp/><sp/><sp/><sp/><sp/><sp/><sp/><sp/><sp/><sp/>&lt;&lt;<sp/>std::setw(15)<sp/>&lt;&lt;<sp/>(argv[11]<sp/>?<sp/>argv[11]<sp/>:<sp/></highlight><highlight class="stringliteral">&quot;NULL&quot;</highlight><highlight class="normal">)<sp/>&lt;&lt;<sp/></highlight><highlight class="stringliteral">&quot;<sp/>|<sp/>&quot;</highlight><highlight class="normal"></highlight></codeline>
<codeline lineno="55"><highlight class="normal"><sp/><sp/><sp/><sp/><sp/><sp/><sp/><sp/><sp/><sp/><sp/><sp/><sp/><sp/>&lt;&lt;<sp/>std::setw(12)<sp/>&lt;&lt;<sp/>(argv[12]<sp/>?<sp/>argv[12]<sp/>:<sp/></highlight><highlight class="stringliteral">&quot;NULL&quot;</highlight><highlight class="normal">)<sp/>&lt;&lt;<sp/></highlight><highlight class="stringliteral">&quot;<sp/>|<sp/>&quot;</highlight><highlight class="normal"><sp/></highlight></codeline>
<codeline lineno="56"><highlight class="normal"><sp/><sp/><sp/><sp/><sp/><sp/><sp/><sp/><sp/><sp/><sp/><sp/><sp/><sp/>&lt;&lt;<sp/>std::setw(15)<sp/>&lt;&lt;<sp/>(argv[13]<sp/>?<sp/>argv[13]<sp/>:<sp/></highlight><highlight class="stringliteral">&quot;NULL&quot;</highlight><highlight class="normal">)<sp/>&lt;&lt;<sp/></highlight><highlight class="stringliteral">&quot;<sp/>|<sp/>&quot;</highlight><highlight class="normal"></highlight></codeline>
<codeline lineno="57"><highlight class="normal"><sp/><sp/><sp/><sp/><sp/><sp/><sp/><sp/><sp/><sp/><sp/><sp/><sp/><sp/>&lt;&lt;<sp/>std::setw(15)<sp/>&lt;&lt;<sp/>(argv[14]<sp/>?<sp/>argv[14]<sp/>:<sp/></highlight><highlight class="stringliteral">&quot;NULL&quot;</highlight><highlight class="normal">)<sp/>&lt;&lt;<sp/></highlight><highlight class="stringliteral">&quot;<sp/>|<sp/>&quot;</highlight><highlight class="normal"></highlight></codeline>
<codeline lineno="58"><highlight class="normal"><sp/><sp/><sp/><sp/><sp/><sp/><sp/><sp/><sp/><sp/><sp/><sp/><sp/><sp/>&lt;&lt;<sp/>std::setw(12)<sp/>&lt;&lt;<sp/>(argv[15]<sp/>?<sp/>argv[15]<sp/>:<sp/></highlight><highlight class="stringliteral">&quot;NULL&quot;</highlight><highlight class="normal">)<sp/>&lt;&lt;<sp/>std::endl;</highlight></codeline>
<codeline lineno="59"><highlight class="normal"><sp/><sp/><sp/><sp/></highlight><highlight class="keywordflow">return</highlight><highlight class="normal"><sp/>0;</highlight></codeline>
<codeline lineno="60"><highlight class="normal">}</highlight></codeline>
<codeline lineno="61"><highlight class="normal"></highlight></codeline>
<codeline lineno="65" refid="tabla_prestamos_otra_8hpp_1aea4c4561f4b2b94e0b3084740c2d6967" refkind="member"><highlight class="normal"></highlight><highlight class="keywordtype">void</highlight><highlight class="normal"><sp/><ref refid="tabla_prestamos_otra_8hpp_1aea4c4561f4b2b94e0b3084740c2d6967" kindref="member">printTableHeadersPrestamos</ref>()<sp/>{</highlight></codeline>
<codeline lineno="66"><highlight class="normal"><sp/><sp/><sp/><sp/>std::cout<sp/>&lt;&lt;<sp/>std::setw(130)<sp/>&lt;&lt;<sp/>std::setfill(</highlight><highlight class="charliteral">&apos;<sp/>&apos;</highlight><highlight class="normal">)<sp/>&lt;&lt;<sp/></highlight><highlight class="stringliteral">&quot;tablaPrestamos&quot;</highlight><highlight class="normal"><sp/>&lt;&lt;<sp/>std::endl<sp/>&lt;&lt;<sp/>std::endl;</highlight></codeline>
<codeline lineno="67"><highlight class="normal"><sp/><sp/><sp/><sp/>std::cout<sp/>&lt;&lt;<sp/>std::setw(10)<sp/>&lt;&lt;<sp/></highlight><highlight class="stringliteral">&quot;IdPrestamo&quot;</highlight><highlight class="normal"><sp/>&lt;&lt;<sp/></highlight><highlight class="stringliteral">&quot;<sp/>|<sp/>&quot;</highlight><highlight class="normal"><sp/><sp/><sp/><sp/><sp/><sp/><sp/><sp/><sp/></highlight><highlight class="comment">//<sp/>1</highlight><highlight class="normal"></highlight></codeline>
<codeline lineno="68"><highlight class="normal"><sp/><sp/><sp/><sp/><sp/><sp/><sp/><sp/><sp/><sp/><sp/><sp/><sp/><sp/>&lt;&lt;<sp/>std::setw(10)<sp/>&lt;&lt;<sp/></highlight><highlight class="stringliteral">&quot;IdCliente&quot;</highlight><highlight class="normal"><sp/>&lt;&lt;<sp/></highlight><highlight class="stringliteral">&quot;<sp/>|<sp/>&quot;</highlight><highlight class="normal"><sp/><sp/><sp/><sp/><sp/><sp/><sp/><sp/><sp/><sp/></highlight><highlight class="comment">//<sp/>2</highlight><highlight class="normal"></highlight></codeline>
<codeline lineno="69"><highlight class="normal"><sp/><sp/><sp/><sp/><sp/><sp/><sp/><sp/><sp/><sp/><sp/><sp/><sp/><sp/>&lt;&lt;<sp/>std::setw(9)<sp/>&lt;&lt;<sp/></highlight><highlight class="stringliteral">&quot;Cedula&quot;</highlight><highlight class="normal"><sp/>&lt;&lt;<sp/></highlight><highlight class="stringliteral">&quot;<sp/>|<sp/>&quot;</highlight><highlight class="normal"><sp/><sp/><sp/><sp/><sp/><sp/><sp/><sp/><sp/><sp/><sp/><sp/><sp/><sp/></highlight><highlight class="comment">//<sp/>3</highlight><highlight class="normal"></highlight></codeline>
<codeline lineno="70"><highlight class="normal"><sp/><sp/><sp/><sp/><sp/><sp/><sp/><sp/><sp/><sp/><sp/><sp/><sp/><sp/>&lt;&lt;<sp/>std::setw(13)<sp/>&lt;&lt;<sp/></highlight><highlight class="stringliteral">&quot;FechaCreacion&quot;</highlight><highlight class="normal"><sp/>&lt;&lt;<sp/></highlight><highlight class="stringliteral">&quot;<sp/>|<sp/>&quot;</highlight><highlight class="normal"><sp/><sp/><sp/><sp/><sp/><sp/></highlight><highlight class="comment">//<sp/>4</highlight><highlight class="normal"></highlight></codeline>
<codeline lineno="71"><highlight class="normal"><sp/><sp/><sp/><sp/><sp/><sp/><sp/><sp/><sp/><sp/><sp/><sp/><sp/><sp/>&lt;&lt;<sp/>std::setw(8)<sp/>&lt;&lt;<sp/></highlight><highlight class="stringliteral">&quot;Divisa&quot;</highlight><highlight class="normal"><sp/>&lt;&lt;<sp/></highlight><highlight class="stringliteral">&quot;<sp/>|<sp/>&quot;</highlight><highlight class="normal"><sp/><sp/><sp/><sp/><sp/><sp/><sp/><sp/><sp/><sp/><sp/><sp/><sp/><sp/></highlight><highlight class="comment">//<sp/>5</highlight><highlight class="normal"></highlight></codeline>
<codeline lineno="72"><highlight class="normal"><sp/><sp/><sp/><sp/><sp/><sp/><sp/><sp/><sp/><sp/><sp/><sp/><sp/><sp/>&lt;&lt;<sp/>std::setw(17)<sp/>&lt;&lt;<sp/></highlight><highlight class="stringliteral">&quot;FechaVencimiento&quot;</highlight><highlight class="normal"><sp/>&lt;&lt;<sp/></highlight><highlight class="stringliteral">&quot;<sp/>|<sp/>&quot;</highlight><highlight class="normal"><sp/><sp/><sp/></highlight><highlight class="comment">//<sp/>6</highlight><highlight class="normal"></highlight></codeline>
<codeline lineno="73"><highlight class="normal"><sp/><sp/><sp/><sp/><sp/><sp/><sp/><sp/><sp/><sp/><sp/><sp/><sp/><sp/>&lt;&lt;<sp/>std::setw(12)<sp/>&lt;&lt;<sp/></highlight><highlight class="stringliteral">&quot;TipoPrestamo&quot;</highlight><highlight class="normal"><sp/>&lt;&lt;<sp/></highlight><highlight class="stringliteral">&quot;<sp/>|<sp/>&quot;</highlight><highlight class="normal"><sp/><sp/><sp/><sp/><sp/><sp/><sp/></highlight><highlight class="comment">//<sp/>7</highlight><highlight class="normal"></highlight></codeline>
<codeline lineno="74"><highlight class="normal"><sp/><sp/><sp/><sp/><sp/><sp/><sp/><sp/><sp/><sp/><sp/><sp/><sp/><sp/>&lt;&lt;<sp/>std::setw(19)<sp/>&lt;&lt;<sp/></highlight><highlight class="stringliteral">&quot;MontoTotalPrestamo&quot;</highlight><highlight class="normal"><sp/>&lt;&lt;<sp/></highlight><highlight class="stringliteral">&quot;<sp/>|<sp/>&quot;</highlight><highlight class="normal"><sp/></highlight><highlight class="comment">//<sp/>8</highlight><highlight class="normal"></highlight></codeline>
<codeline lineno="75"><highlight class="normal"><sp/><sp/><sp/><sp/><sp/><sp/><sp/><sp/><sp/><sp/><sp/><sp/><sp/><sp/>&lt;&lt;<sp/>std::setw(14)<sp/>&lt;&lt;<sp/></highlight><highlight class="stringliteral">&quot;TasaInteresP&quot;</highlight><highlight class="normal"><sp/>&lt;&lt;<sp/></highlight><highlight class="stringliteral">&quot;<sp/>|<sp/>&quot;</highlight><highlight class="normal"><sp/><sp/><sp/><sp/><sp/><sp/><sp/></highlight><highlight class="comment">//<sp/>9</highlight><highlight class="normal"></highlight></codeline>
<codeline lineno="76"><highlight class="normal"><sp/><sp/><sp/><sp/><sp/><sp/><sp/><sp/><sp/><sp/><sp/><sp/><sp/><sp/>&lt;&lt;<sp/>std::setw(14)<sp/>&lt;&lt;<sp/></highlight><highlight class="stringliteral">&quot;CuotasTotales&quot;</highlight><highlight class="normal"><sp/>&lt;&lt;<sp/></highlight><highlight class="stringliteral">&quot;<sp/>|<sp/>&quot;</highlight><highlight class="normal"><sp/><sp/><sp/><sp/><sp/><sp/></highlight><highlight class="comment">//<sp/>10</highlight><highlight class="normal"></highlight></codeline>
<codeline lineno="77"><highlight class="normal"><sp/><sp/><sp/><sp/><sp/><sp/><sp/><sp/><sp/><sp/><sp/><sp/><sp/><sp/>&lt;&lt;<sp/>std::setw(14)<sp/>&lt;&lt;<sp/></highlight><highlight class="stringliteral">&quot;CuotasPagadas&quot;</highlight><highlight class="normal"><sp/>&lt;&lt;<sp/></highlight><highlight class="stringliteral">&quot;<sp/>|<sp/>&quot;</highlight><highlight class="normal"><sp/><sp/><sp/><sp/><sp/><sp/></highlight><highlight class="comment">//<sp/>11</highlight><highlight class="normal"></highlight></codeline>
<codeline lineno="78"><highlight class="normal"><sp/><sp/><sp/><sp/><sp/><sp/><sp/><sp/><sp/><sp/><sp/><sp/><sp/><sp/>&lt;&lt;<sp/>std::setw(15)<sp/>&lt;&lt;<sp/></highlight><highlight class="stringliteral">&quot;CuotasFaltantes&quot;</highlight><highlight class="normal"><sp/>&lt;&lt;<sp/></highlight><highlight class="stringliteral">&quot;<sp/>|<sp/>&quot;</highlight><highlight class="normal"><sp/><sp/><sp/><sp/></highlight><highlight class="comment">//<sp/>12</highlight><highlight class="normal"></highlight></codeline>
<codeline lineno="79"><highlight class="normal"><sp/><sp/><sp/><sp/><sp/><sp/><sp/><sp/><sp/><sp/><sp/><sp/><sp/><sp/>&lt;&lt;<sp/>std::setw(12)<sp/>&lt;&lt;<sp/></highlight><highlight class="stringliteral">&quot;DiasVencidos&quot;</highlight><highlight class="normal"><sp/>&lt;&lt;<sp/></highlight><highlight class="stringliteral">&quot;<sp/>|<sp/>&quot;</highlight><highlight class="normal"><sp/><sp/><sp/><sp/><sp/><sp/><sp/></highlight><highlight class="comment">//<sp/>13</highlight><highlight class="normal"></highlight></codeline>
<codeline lineno="80"><highlight class="normal"><sp/><sp/><sp/><sp/><sp/><sp/><sp/><sp/><sp/><sp/><sp/><sp/><sp/><sp/>&lt;&lt;<sp/>std::setw(15)<sp/>&lt;&lt;<sp/></highlight><highlight class="stringliteral">&quot;DiasVencimiento&quot;</highlight><highlight class="normal"><sp/>&lt;&lt;<sp/></highlight><highlight class="stringliteral">&quot;<sp/>|<sp/>&quot;</highlight><highlight class="normal"><sp/><sp/><sp/><sp/></highlight><highlight class="comment">//<sp/>14</highlight><highlight class="normal"></highlight></codeline>
<codeline lineno="81"><highlight class="normal"><sp/><sp/><sp/><sp/><sp/><sp/><sp/><sp/><sp/><sp/><sp/><sp/><sp/><sp/>&lt;&lt;<sp/>std::setw(15)<sp/>&lt;&lt;<sp/></highlight><highlight class="stringliteral">&quot;SaldoPrestamo&quot;</highlight><highlight class="normal"><sp/>&lt;&lt;<sp/></highlight><highlight class="stringliteral">&quot;<sp/>|<sp/>&quot;</highlight><highlight class="normal"><sp/><sp/><sp/><sp/><sp/><sp/></highlight><highlight class="comment">//<sp/>15</highlight><highlight class="normal"></highlight></codeline>
<codeline lineno="82"><highlight class="normal"><sp/><sp/><sp/><sp/><sp/><sp/><sp/><sp/><sp/><sp/><sp/><sp/><sp/><sp/>&lt;&lt;<sp/>std::setw(12)<sp/>&lt;&lt;<sp/></highlight><highlight class="stringliteral">&quot;MontoCuota&quot;</highlight><highlight class="normal"><sp/>&lt;&lt;<sp/>std::endl;<sp/><sp/><sp/><sp/></highlight><highlight class="comment">//<sp/>16</highlight><highlight class="normal"></highlight></codeline>
<codeline lineno="83"><highlight class="normal"><sp/><sp/><sp/><sp/>std::cout<sp/>&lt;&lt;<sp/>std::string(10,<sp/></highlight><highlight class="charliteral">&apos;-&apos;</highlight><highlight class="normal">)<sp/>&lt;&lt;<sp/></highlight><highlight class="stringliteral">&quot;<sp/>|<sp/>&quot;</highlight><highlight class="normal"><sp/><sp/><sp/><sp/><sp/><sp/></highlight><highlight class="comment">//<sp/>1</highlight><highlight class="normal"></highlight></codeline>
<codeline lineno="84"><highlight class="normal"><sp/><sp/><sp/><sp/><sp/><sp/><sp/><sp/><sp/><sp/><sp/><sp/><sp/><sp/>&lt;&lt;<sp/>std::string(10,<sp/></highlight><highlight class="charliteral">&apos;-&apos;</highlight><highlight class="normal">)<sp/>&lt;&lt;<sp/></highlight><highlight class="stringliteral">&quot;<sp/>|<sp/>&quot;</highlight><highlight class="normal"><sp/><sp/><sp/><sp/><sp/><sp/></highlight><highlight class="comment">//<sp/>2</highlight><highlight class="normal"></highlight></codeline>
<codeline lineno="85"><highlight class="normal"><sp/><sp/><sp/><sp/><sp/><sp/><sp/><sp/><sp/><sp/><sp/><sp/><sp/><sp/>&lt;&lt;<sp/>std::string(9,<sp/></highlight><highlight class="charliteral">&apos;-&apos;</highlight><highlight class="normal">)<sp/>&lt;&lt;<sp/></highlight><highlight class="stringliteral">&quot;<sp/>|<sp/>&quot;</highlight><highlight class="normal"><sp/><sp/><sp/><sp/><sp/><sp/><sp/></highlight><highlight class="comment">//<sp/>3</highlight><highlight class="normal"></highlight></codeline>
<codeline lineno="86"><highlight class="normal"><sp/><sp/><sp/><sp/><sp/><sp/><sp/><sp/><sp/><sp/><sp/><sp/><sp/><sp/>&lt;&lt;<sp/>std::string(13,<sp/></highlight><highlight class="charliteral">&apos;-&apos;</highlight><highlight class="normal">)<sp/>&lt;&lt;<sp/></highlight><highlight class="stringliteral">&quot;<sp/>|<sp/>&quot;</highlight><highlight class="normal"><sp/><sp/><sp/><sp/><sp/><sp/></highlight><highlight class="comment">//<sp/>4<sp/></highlight><highlight class="normal"></highlight></codeline>
<codeline lineno="87"><highlight class="normal"><sp/><sp/><sp/><sp/><sp/><sp/><sp/><sp/><sp/><sp/><sp/><sp/><sp/><sp/>&lt;&lt;<sp/>std::string(8,<sp/></highlight><highlight class="charliteral">&apos;-&apos;</highlight><highlight class="normal">)<sp/>&lt;&lt;<sp/></highlight><highlight class="stringliteral">&quot;<sp/>|<sp/>&quot;</highlight><highlight class="normal"><sp/><sp/><sp/><sp/><sp/><sp/><sp/></highlight><highlight class="comment">//<sp/>5</highlight><highlight class="normal"></highlight></codeline>
<codeline lineno="88"><highlight class="normal"><sp/><sp/><sp/><sp/><sp/><sp/><sp/><sp/><sp/><sp/><sp/><sp/><sp/><sp/>&lt;&lt;<sp/>std::string(17,<sp/></highlight><highlight class="charliteral">&apos;-&apos;</highlight><highlight class="normal">)<sp/>&lt;&lt;<sp/></highlight><highlight class="stringliteral">&quot;<sp/>|<sp/>&quot;</highlight><highlight class="normal"><sp/><sp/><sp/><sp/><sp/><sp/></highlight><highlight class="comment">//<sp/>6</highlight><highlight class="normal"></highlight></codeline>
<codeline lineno="89"><highlight class="normal"><sp/><sp/><sp/><sp/><sp/><sp/><sp/><sp/><sp/><sp/><sp/><sp/><sp/><sp/>&lt;&lt;<sp/>std::string(12,<sp/></highlight><highlight class="charliteral">&apos;-&apos;</highlight><highlight class="normal">)<sp/>&lt;&lt;<sp/></highlight><highlight class="stringliteral">&quot;<sp/>|<sp/>&quot;</highlight><highlight class="normal"><sp/><sp/><sp/><sp/><sp/><sp/></highlight><highlight class="comment">//<sp/>7</highlight><highlight class="normal"></highlight></codeline>
<codeline lineno="90"><highlight class="normal"><sp/><sp/><sp/><sp/><sp/><sp/><sp/><sp/><sp/><sp/><sp/><sp/><sp/><sp/>&lt;&lt;<sp/>std::string(19,<sp/></highlight><highlight class="charliteral">&apos;-&apos;</highlight><highlight class="normal">)<sp/>&lt;&lt;<sp/></highlight><highlight class="stringliteral">&quot;<sp/>|<sp/>&quot;</highlight><highlight class="normal"><sp/><sp/><sp/><sp/><sp/><sp/></highlight><highlight class="comment">//<sp/>8</highlight><highlight class="normal"></highlight></codeline>
<codeline lineno="91"><highlight class="normal"><sp/><sp/><sp/><sp/><sp/><sp/><sp/><sp/><sp/><sp/><sp/><sp/><sp/><sp/>&lt;&lt;<sp/>std::string(14,<sp/></highlight><highlight class="charliteral">&apos;-&apos;</highlight><highlight class="normal">)<sp/>&lt;&lt;<sp/></highlight><highlight class="stringliteral">&quot;<sp/>|<sp/>&quot;</highlight><highlight class="normal"><sp/><sp/><sp/><sp/><sp/><sp/></highlight><highlight class="comment">//<sp/>9</highlight><highlight class="normal"></highlight></codeline>
<codeline lineno="92"><highlight class="normal"><sp/><sp/><sp/><sp/><sp/><sp/><sp/><sp/><sp/><sp/><sp/><sp/><sp/><sp/>&lt;&lt;<sp/>std::string(14,<sp/></highlight><highlight class="charliteral">&apos;-&apos;</highlight><highlight class="normal">)<sp/>&lt;&lt;<sp/></highlight><highlight class="stringliteral">&quot;<sp/>|<sp/>&quot;</highlight><highlight class="normal"><sp/><sp/><sp/><sp/><sp/><sp/></highlight><highlight class="comment">//<sp/>10</highlight><highlight class="normal"></highlight></codeline>
<codeline lineno="93"><highlight class="normal"><sp/><sp/><sp/><sp/><sp/><sp/><sp/><sp/><sp/><sp/><sp/><sp/><sp/><sp/>&lt;&lt;<sp/>std::string(14,<sp/></highlight><highlight class="charliteral">&apos;-&apos;</highlight><highlight class="normal">)<sp/>&lt;&lt;<sp/></highlight><highlight class="stringliteral">&quot;<sp/>|<sp/>&quot;</highlight><highlight class="normal"><sp/><sp/><sp/><sp/><sp/><sp/></highlight><highlight class="comment">//<sp/>11</highlight><highlight class="normal"></highlight></codeline>
<codeline lineno="94"><highlight class="normal"><sp/><sp/><sp/><sp/><sp/><sp/><sp/><sp/><sp/><sp/><sp/><sp/><sp/><sp/>&lt;&lt;<sp/>std::string(15,<sp/></highlight><highlight class="charliteral">&apos;-&apos;</highlight><highlight class="normal">)<sp/>&lt;&lt;<sp/></highlight><highlight class="stringliteral">&quot;<sp/>|<sp/>&quot;</highlight><highlight class="normal"><sp/><sp/><sp/><sp/><sp/><sp/></highlight><highlight class="comment">//<sp/>12</highlight><highlight class="normal"></highlight></codeline>
<codeline lineno="95"><highlight class="normal"><sp/><sp/><sp/><sp/><sp/><sp/><sp/><sp/><sp/><sp/><sp/><sp/><sp/><sp/>&lt;&lt;<sp/>std::string(12,<sp/></highlight><highlight class="charliteral">&apos;-&apos;</highlight><highlight class="normal">)<sp/>&lt;&lt;<sp/></highlight><highlight class="stringliteral">&quot;<sp/>|<sp/>&quot;</highlight><highlight class="normal"><sp/><sp/><sp/><sp/><sp/><sp/></highlight><highlight class="comment">//<sp/>13</highlight><highlight class="normal"></highlight></codeline>
<codeline lineno="96"><highlight class="normal"><sp/><sp/><sp/><sp/><sp/><sp/><sp/><sp/><sp/><sp/><sp/><sp/><sp/><sp/>&lt;&lt;<sp/>std::string(15,<sp/></highlight><highlight class="charliteral">&apos;-&apos;</highlight><highlight class="normal">)<sp/>&lt;&lt;<sp/></highlight><highlight class="stringliteral">&quot;<sp/>|<sp/>&quot;</highlight><highlight class="normal"><sp/><sp/><sp/><sp/><sp/><sp/></highlight><highlight class="comment">//<sp/>14</highlight><highlight class="normal"></highlight></codeline>
<codeline lineno="97"><highlight class="normal"><sp/><sp/><sp/><sp/><sp/><sp/><sp/><sp/><sp/><sp/><sp/><sp/><sp/><sp/>&lt;&lt;<sp/>std::string(15,<sp/></highlight><highlight class="charliteral">&apos;-&apos;</highlight><highlight class="normal">)<sp/>&lt;&lt;<sp/></highlight><highlight class="stringliteral">&quot;<sp/>|<sp/>&quot;</highlight><highlight class="normal"><sp/><sp/><sp/><sp/><sp/><sp/></highlight><highlight class="comment">//<sp/>15</highlight><highlight class="normal"></highlight></codeline>
<codeline lineno="98"><highlight class="normal"><sp/><sp/><sp/><sp/><sp/><sp/><sp/><sp/><sp/><sp/><sp/><sp/><sp/><sp/>&lt;&lt;<sp/>std::string(12,<sp/></highlight><highlight class="charliteral">&apos;-&apos;</highlight><highlight class="normal">)<sp/>&lt;&lt;<sp/>std::endl;<sp/></highlight><highlight class="comment">//<sp/>16</highlight><highlight class="normal"></highlight></codeline>
<codeline lineno="99"><highlight class="normal">}</highlight></codeline>
<codeline lineno="100"><highlight class="normal"></highlight></codeline>
<codeline lineno="106" refid="tabla_prestamos_otra_8hpp_1a7761fe60a6791c5dd0615cea310b1d1b" refkind="member"><highlight class="normal"></highlight><highlight class="keywordtype">void</highlight><highlight class="normal"><sp/><ref refid="tabla_prestamos_otra_8hpp_1a7761fe60a6791c5dd0615cea310b1d1b" kindref="member">crearTablaPrestamos</ref>(sqlite3<sp/>*db)<sp/>{</highlight></codeline>
<codeline lineno="107"><highlight class="normal"><sp/><sp/><sp/><sp/></highlight><highlight class="keyword">const</highlight><highlight class="normal"><sp/></highlight><highlight class="keywordtype">char</highlight><highlight class="normal"><sp/>*sql_create_table<sp/>=<sp/></highlight></codeline>
<codeline lineno="108"><highlight class="normal"><sp/><sp/><sp/><sp/><sp/><sp/><sp/><sp/></highlight><highlight class="stringliteral">&quot;CREATE<sp/>TABLE<sp/>IF<sp/>NOT<sp/>EXISTS<sp/>tablaPrestamos<sp/>(&quot;</highlight><highlight class="normal"></highlight></codeline>
<codeline lineno="109"><highlight class="normal"><sp/><sp/><sp/><sp/><sp/><sp/><sp/><sp/><sp/><sp/><sp/><sp/><sp/><sp/><sp/><sp/><sp/><sp/><sp/><sp/><sp/><sp/><sp/><sp/><sp/><sp/><sp/></highlight><highlight class="stringliteral">&quot;IdPrestamo<sp/>INTEGER<sp/>PRIMARY<sp/>KEY,&quot;</highlight><highlight class="normal"></highlight></codeline>
<codeline lineno="110"><highlight class="normal"><sp/><sp/><sp/><sp/><sp/><sp/><sp/><sp/><sp/><sp/><sp/><sp/><sp/><sp/><sp/><sp/><sp/><sp/><sp/><sp/><sp/><sp/><sp/><sp/><sp/><sp/><sp/></highlight><highlight class="stringliteral">&quot;IdCliente<sp/>INTEGER,&quot;</highlight><highlight class="normal"></highlight></codeline>
<codeline lineno="111"><highlight class="normal"><sp/><sp/><sp/><sp/><sp/><sp/><sp/><sp/><sp/><sp/><sp/><sp/><sp/><sp/><sp/><sp/><sp/><sp/><sp/><sp/><sp/><sp/><sp/><sp/><sp/><sp/><sp/></highlight><highlight class="stringliteral">&quot;Cedula<sp/>TEXT,&quot;</highlight><highlight class="normal"></highlight></codeline>
<codeline lineno="112"><highlight class="normal"><sp/><sp/><sp/><sp/><sp/><sp/><sp/><sp/><sp/><sp/><sp/><sp/><sp/><sp/><sp/><sp/><sp/><sp/><sp/><sp/><sp/><sp/><sp/><sp/><sp/><sp/><sp/></highlight><highlight class="stringliteral">&quot;FechaCreacion<sp/>TEXT,&quot;</highlight><highlight class="normal"></highlight></codeline>
<codeline lineno="113"><highlight class="normal"><sp/><sp/><sp/><sp/><sp/><sp/><sp/><sp/><sp/><sp/><sp/><sp/><sp/><sp/><sp/><sp/><sp/><sp/><sp/><sp/><sp/><sp/><sp/><sp/><sp/><sp/><sp/></highlight><highlight class="stringliteral">&quot;Divisa<sp/>TEXT,&quot;</highlight><highlight class="normal"></highlight></codeline>
<codeline lineno="114"><highlight class="normal"><sp/><sp/><sp/><sp/><sp/><sp/><sp/><sp/><sp/><sp/><sp/><sp/><sp/><sp/><sp/><sp/><sp/><sp/><sp/><sp/><sp/><sp/><sp/><sp/><sp/><sp/><sp/></highlight><highlight class="stringliteral">&quot;FechaVencimiento<sp/>TEXT,&quot;</highlight><highlight class="normal"></highlight></codeline>
<codeline lineno="115"><highlight class="normal"><sp/><sp/><sp/><sp/><sp/><sp/><sp/><sp/><sp/><sp/><sp/><sp/><sp/><sp/><sp/><sp/><sp/><sp/><sp/><sp/><sp/><sp/><sp/><sp/><sp/><sp/><sp/></highlight><highlight class="stringliteral">&quot;TipoPrestamo<sp/>TEXT,&quot;</highlight><highlight class="normal"></highlight></codeline>
<codeline lineno="116"><highlight class="normal"><sp/><sp/><sp/><sp/><sp/><sp/><sp/><sp/><sp/><sp/><sp/><sp/><sp/><sp/><sp/><sp/><sp/><sp/><sp/><sp/><sp/><sp/><sp/><sp/><sp/><sp/><sp/></highlight><highlight class="stringliteral">&quot;MontoTotalPrestamo<sp/>REAL,&quot;</highlight><highlight class="normal"></highlight></codeline>
<codeline lineno="117"><highlight class="normal"><sp/><sp/><sp/><sp/><sp/><sp/><sp/><sp/><sp/><sp/><sp/><sp/><sp/><sp/><sp/><sp/><sp/><sp/><sp/><sp/><sp/><sp/><sp/><sp/><sp/><sp/><sp/></highlight><highlight class="stringliteral">&quot;TasaInteresP<sp/>REAL,&quot;</highlight><highlight class="normal"></highlight></codeline>
<codeline lineno="118"><highlight class="normal"><sp/><sp/><sp/><sp/><sp/><sp/><sp/><sp/><sp/><sp/><sp/><sp/><sp/><sp/><sp/><sp/><sp/><sp/><sp/><sp/><sp/><sp/><sp/><sp/><sp/><sp/><sp/></highlight><highlight class="stringliteral">&quot;CuotasTotales<sp/>INTEGER,&quot;</highlight><highlight class="normal"></highlight></codeline>
<codeline lineno="119"><highlight class="normal"><sp/><sp/><sp/><sp/><sp/><sp/><sp/><sp/><sp/><sp/><sp/><sp/><sp/><sp/><sp/><sp/><sp/><sp/><sp/><sp/><sp/><sp/><sp/><sp/><sp/><sp/><sp/></highlight><highlight class="stringliteral">&quot;CuotasPagadas<sp/>INTEGER,&quot;</highlight><highlight class="normal"></highlight></codeline>
<codeline lineno="120"><highlight class="normal"><sp/><sp/><sp/><sp/><sp/><sp/><sp/><sp/><sp/><sp/><sp/><sp/><sp/><sp/><sp/><sp/><sp/><sp/><sp/><sp/><sp/><sp/><sp/><sp/><sp/><sp/><sp/></highlight><highlight class="stringliteral">&quot;CuotasFaltantes<sp/>INTEGER,&quot;</highlight><highlight class="normal"></highlight></codeline>
<codeline lineno="121"><highlight class="normal"><sp/><sp/><sp/><sp/><sp/><sp/><sp/><sp/><sp/><sp/><sp/><sp/><sp/><sp/><sp/><sp/><sp/><sp/><sp/><sp/><sp/><sp/><sp/><sp/><sp/><sp/><sp/></highlight><highlight class="stringliteral">&quot;DiasVencidos<sp/>INTEGER,&quot;</highlight><highlight class="normal"></highlight></codeline>
<codeline lineno="122"><highlight class="normal"><sp/><sp/><sp/><sp/><sp/><sp/><sp/><sp/><sp/><sp/><sp/><sp/><sp/><sp/><sp/><sp/><sp/><sp/><sp/><sp/><sp/><sp/><sp/><sp/><sp/><sp/><sp/></highlight><highlight class="stringliteral">&quot;DiasVencimiento<sp/>INTEGER,&quot;</highlight><highlight class="normal"></highlight></codeline>
<codeline lineno="123"><highlight class="normal"><sp/><sp/><sp/><sp/><sp/><sp/><sp/><sp/><sp/><sp/><sp/><sp/><sp/><sp/><sp/><sp/><sp/><sp/><sp/><sp/><sp/><sp/><sp/><sp/><sp/><sp/><sp/></highlight><highlight class="stringliteral">&quot;SaldoPrestamo<sp/>REAL,&quot;</highlight><highlight class="normal"></highlight></codeline>
<codeline lineno="124"><highlight class="normal"><sp/><sp/><sp/><sp/><sp/><sp/><sp/><sp/><sp/><sp/><sp/><sp/><sp/><sp/><sp/><sp/><sp/><sp/><sp/><sp/><sp/><sp/><sp/><sp/><sp/><sp/><sp/></highlight><highlight class="stringliteral">&quot;MontoCuota<sp/>REAL&quot;</highlight><highlight class="normal"></highlight></codeline>
<codeline lineno="125"><highlight class="normal"><sp/><sp/><sp/><sp/><sp/><sp/><sp/><sp/><sp/><sp/><sp/><sp/><sp/><sp/><sp/><sp/><sp/><sp/><sp/><sp/><sp/><sp/><sp/><sp/><sp/><sp/><sp/></highlight><highlight class="stringliteral">&quot;)&quot;</highlight><highlight class="normal">;</highlight></codeline>
<codeline lineno="126"><highlight class="normal"><sp/><sp/><sp/><sp/></highlight><highlight class="keywordtype">char</highlight><highlight class="normal"><sp/>*err_msg<sp/>=<sp/></highlight><highlight class="keyword">nullptr</highlight><highlight class="normal">;</highlight></codeline>
<codeline lineno="127"><highlight class="normal"><sp/><sp/><sp/><sp/></highlight><highlight class="keywordtype">int</highlight><highlight class="normal"><sp/>rc<sp/>=<sp/>sqlite3_exec(db,<sp/>sql_create_table,<sp/>0,<sp/>0,<sp/>&amp;err_msg);</highlight></codeline>
<codeline lineno="128"><highlight class="normal"><sp/><sp/><sp/><sp/></highlight></codeline>
<codeline lineno="129"><highlight class="normal"><sp/><sp/><sp/><sp/></highlight><highlight class="keywordflow">if</highlight><highlight class="normal"><sp/>(rc<sp/>!=<sp/>SQLITE_OK)<sp/>{</highlight></codeline>
<codeline lineno="130"><highlight class="normal"><sp/><sp/><sp/><sp/><sp/><sp/><sp/><sp/>std::cerr<sp/>&lt;&lt;<sp/></highlight><highlight class="stringliteral">&quot;Error<sp/>creando<sp/>la<sp/>tabla:<sp/>&quot;</highlight><highlight class="normal"><sp/>&lt;&lt;<sp/>err_msg<sp/>&lt;&lt;<sp/>std::endl;</highlight></codeline>
<codeline lineno="131"><highlight class="normal"><sp/><sp/><sp/><sp/><sp/><sp/><sp/><sp/>sqlite3_free(err_msg);</highlight></codeline>
<codeline lineno="132"><highlight class="normal"><sp/><sp/><sp/><sp/>}<sp/></highlight><highlight class="keywordflow">else</highlight><highlight class="normal"><sp/>{</highlight></codeline>
<codeline lineno="133"><highlight class="normal"><sp/><sp/><sp/><sp/><sp/><sp/><sp/><sp/>std::cout<sp/>&lt;&lt;<sp/></highlight><highlight class="stringliteral">&quot;Tabla<sp/>creada<sp/>exitosamente&quot;</highlight><highlight class="normal"><sp/>&lt;&lt;<sp/>std::endl;</highlight></codeline>
<codeline lineno="134"><highlight class="normal"><sp/><sp/><sp/><sp/>}</highlight></codeline>
<codeline lineno="135"><highlight class="normal">}</highlight></codeline>
<codeline lineno="136"><highlight class="normal"></highlight></codeline>
<codeline lineno="142" refid="tabla_prestamos_otra_8hpp_1a7d8d46e2716959c871f0d8d049609436" refkind="member"><highlight class="normal"></highlight><highlight class="keywordtype">void</highlight><highlight class="normal"><sp/><ref refid="tabla_prestamos_otra_8hpp_1a7d8d46e2716959c871f0d8d049609436" kindref="member">insertarPrestamos</ref>(sqlite3<sp/>*db)<sp/>{</highlight></codeline>
<codeline lineno="143"><highlight class="normal"><sp/><sp/><sp/><sp/></highlight><highlight class="keyword">const</highlight><highlight class="normal"><sp/></highlight><highlight class="keywordtype">char</highlight><highlight class="normal"><sp/>*sql_insert_data<sp/>=<sp/>R</highlight><highlight class="stringliteral">&quot;(</highlight></codeline>
<codeline lineno="144"><highlight class="stringliteral"><sp/><sp/><sp/><sp/><sp/><sp/><sp/><sp/>INSERT<sp/>INTO<sp/>tablaPrestamos<sp/>(IdPrestamo,<sp/>IdCliente,<sp/>Cedula,<sp/>FechaCreacion,<sp/>Divisa,<sp/>FechaVencimiento,<sp/>TipoPrestamo,<sp/>MontoTotalPrestamo,<sp/>TasaInteresP,<sp/>CuotasTotales,<sp/>CuotasPagadas,<sp/>CuotasFaltantes,<sp/>DiasVencidos,<sp/>DiasVencimiento,<sp/>SaldoPrestamo,<sp/>MontoCuota)</highlight></codeline>
<codeline lineno="145"><highlight class="stringliteral"><sp/><sp/><sp/><sp/><sp/><sp/><sp/><sp/>VALUES<sp/>(5019283,<sp/>2701006,<sp/>&apos;702890948&apos;,<sp/>&apos;2019-12-14&apos;,<sp/>&apos;Dolares&apos;,<sp/>&apos;2027-12-02&apos;,<sp/>&apos;090&apos;,<sp/>40000,<sp/>12.91,<sp/>96,<sp/>50,<sp/>46,<sp/>0,<sp/>1807,<sp/>35814.67,<sp/>554.37)</highlight></codeline>
<codeline lineno="146"><highlight class="stringliteral"><sp/><sp/><sp/><sp/>)&quot;;</highlight></codeline>
<codeline lineno="147"><highlight class="stringliteral"></highlight></codeline>
<codeline lineno="148"><highlight class="stringliteral"><sp/><sp/><sp/><sp/></highlight><highlight class="keywordtype">char</highlight><highlight class="normal"><sp/>*err_msg<sp/>=<sp/></highlight><highlight class="keyword">nullptr</highlight><highlight class="normal">;</highlight></codeline>
<codeline lineno="149"><highlight class="normal"><sp/><sp/><sp/><sp/></highlight><highlight class="keywordtype">int</highlight><highlight class="normal"><sp/>rc<sp/>=<sp/>sqlite3_exec(db,<sp/>sql_insert_data,<sp/></highlight><highlight class="keyword">nullptr</highlight><highlight class="normal">,<sp/></highlight><highlight class="keyword">nullptr</highlight><highlight class="normal">,<sp/>&amp;err_msg);</highlight></codeline>
<codeline lineno="150"><highlight class="normal"><sp/><sp/><sp/><sp/></highlight><highlight class="keywordflow">if</highlight><highlight class="normal"><sp/>(rc<sp/>!=<sp/>SQLITE_OK)<sp/>{</highlight></codeline>
<codeline lineno="151"><highlight class="normal"><sp/><sp/><sp/><sp/><sp/><sp/><sp/><sp/>std::cerr<sp/>&lt;&lt;<sp/></highlight><highlight class="stringliteral">&quot;Error<sp/>al<sp/>insertar<sp/>datos<sp/>en<sp/>tablaPrestamos:<sp/>&quot;</highlight><highlight class="normal"><sp/>&lt;&lt;<sp/>err_msg<sp/>&lt;&lt;<sp/>std::endl;</highlight></codeline>
<codeline lineno="152"><highlight class="normal"><sp/><sp/><sp/><sp/><sp/><sp/><sp/><sp/>sqlite3_free(err_msg);</highlight></codeline>
<codeline lineno="153"><highlight class="normal"><sp/><sp/><sp/><sp/>}<sp/></highlight><highlight class="keywordflow">else</highlight><highlight class="normal"><sp/>{</highlight></codeline>
<codeline lineno="154"><highlight class="normal"><sp/><sp/><sp/><sp/><sp/><sp/><sp/><sp/>std::cout<sp/>&lt;&lt;<sp/></highlight><highlight class="stringliteral">&quot;Datos<sp/>insertados<sp/>correctamente<sp/>en<sp/>tablaPrestamos&quot;</highlight><highlight class="normal"><sp/>&lt;&lt;<sp/>std::endl;</highlight></codeline>
<codeline lineno="155"><highlight class="normal"><sp/><sp/><sp/><sp/>}</highlight></codeline>
<codeline lineno="156"><highlight class="normal">}</highlight></codeline>
<codeline lineno="157"><highlight class="normal"></highlight></codeline>
<codeline lineno="163" refid="tabla_prestamos_otra_8hpp_1a9396fcccc9a90650b59945f7531ab760" refkind="member"><highlight class="normal"></highlight><highlight class="keywordtype">void</highlight><highlight class="normal"><sp/><ref refid="tabla_prestamos_otra_8hpp_1a9396fcccc9a90650b59945f7531ab760" kindref="member">mostrarTablaPrestamos</ref>(sqlite3<sp/>*db)<sp/>{</highlight></codeline>
<codeline lineno="164"><highlight class="normal"><sp/><sp/><sp/><sp/></highlight><highlight class="keyword">const</highlight><highlight class="normal"><sp/></highlight><highlight class="keywordtype">char</highlight><highlight class="normal"><sp/>*sql<sp/>=<sp/></highlight><highlight class="stringliteral">&quot;SELECT<sp/>*<sp/>FROM<sp/>tablaPrestamos&quot;</highlight><highlight class="normal">;</highlight></codeline>
<codeline lineno="165"><highlight class="normal"><sp/><sp/><sp/><sp/></highlight><highlight class="keywordtype">char</highlight><highlight class="normal"><sp/>*err_msg<sp/>=<sp/></highlight><highlight class="keyword">nullptr</highlight><highlight class="normal">;</highlight></codeline>
<codeline lineno="166"><highlight class="normal"><sp/><sp/><sp/><sp/></highlight><highlight class="keywordtype">int</highlight><highlight class="normal"><sp/>rc<sp/>=<sp/>sqlite3_exec(db,<sp/>sql,<sp/>callbackP,<sp/></highlight><highlight class="keyword">nullptr</highlight><highlight class="normal">,<sp/>&amp;err_msg);</highlight></codeline>
<codeline lineno="167"><highlight class="normal"><sp/><sp/><sp/><sp/></highlight><highlight class="keywordflow">if</highlight><highlight class="normal"><sp/>(rc<sp/>!=<sp/>SQLITE_OK)<sp/>{</highlight></codeline>
<codeline lineno="168"><highlight class="normal"><sp/><sp/><sp/><sp/><sp/><sp/><sp/><sp/>std::cerr<sp/>&lt;&lt;<sp/></highlight><highlight class="stringliteral">&quot;Error<sp/>ejecutando<sp/>la<sp/>consulta:<sp/>&quot;</highlight><highlight class="normal"><sp/>&lt;&lt;<sp/>err_msg<sp/>&lt;&lt;<sp/>std::endl;</highlight></codeline>
<codeline lineno="169"><highlight class="normal"><sp/><sp/><sp/><sp/><sp/><sp/><sp/><sp/>sqlite3_free(err_msg);</highlight></codeline>
<codeline lineno="170"><highlight class="normal"><sp/><sp/><sp/><sp/>}<sp/></highlight><highlight class="keywordflow">else</highlight><highlight class="normal"><sp/>{</highlight></codeline>
<codeline lineno="171"><highlight class="normal"><sp/><sp/><sp/><sp/><sp/><sp/><sp/><sp/>std::cout<sp/>&lt;&lt;<sp/></highlight><highlight class="stringliteral">&quot;Consulta<sp/>ejecutada<sp/>exitosamente&quot;</highlight><highlight class="normal"><sp/>&lt;&lt;<sp/>std::endl;</highlight></codeline>
<codeline lineno="172"><highlight class="normal"><sp/><sp/><sp/><sp/>}</highlight></codeline>
<codeline lineno="173"><highlight class="normal">}</highlight></codeline>
<codeline lineno="174"><highlight class="normal"></highlight></codeline>
<codeline lineno="180" refid="tabla_prestamos_otra_8hpp_1a694cd3681195f83f28067d4942a09b66" refkind="member"><highlight class="normal"></highlight><highlight class="keywordtype">void</highlight><highlight class="normal"><sp/><ref refid="tabla_prestamos_otra_8hpp_1a694cd3681195f83f28067d4942a09b66" kindref="member">eliminarDatosPrestamos</ref>(sqlite3<sp/>*db)<sp/>{</highlight></codeline>
<codeline lineno="181"><highlight class="normal"><sp/><sp/><sp/><sp/></highlight><highlight class="keyword">const</highlight><highlight class="normal"><sp/></highlight><highlight class="keywordtype">char</highlight><highlight class="normal"><sp/>*sql_delete_data<sp/>=<sp/></highlight><highlight class="stringliteral">&quot;DELETE<sp/>FROM<sp/>tablaPrestamos&quot;</highlight><highlight class="normal">;</highlight></codeline>
<codeline lineno="182"><highlight class="normal"><sp/><sp/><sp/><sp/></highlight><highlight class="keywordtype">char</highlight><highlight class="normal"><sp/>*err_msg<sp/>=<sp/></highlight><highlight class="keyword">nullptr</highlight><highlight class="normal">;</highlight></codeline>
<codeline lineno="183"><highlight class="normal"><sp/><sp/><sp/><sp/></highlight><highlight class="keywordtype">int</highlight><highlight class="normal"><sp/>rc<sp/>=<sp/>sqlite3_exec(db,<sp/>sql_delete_data,<sp/>0,<sp/>0,<sp/>&amp;err_msg);</highlight></codeline>
<codeline lineno="184"><highlight class="normal"><sp/><sp/><sp/><sp/></highlight><highlight class="keywordflow">if</highlight><highlight class="normal"><sp/>(rc<sp/>!=<sp/>SQLITE_OK)<sp/>{</highlight></codeline>
<codeline lineno="185"><highlight class="normal"><sp/><sp/><sp/><sp/><sp/><sp/><sp/><sp/>std::cerr<sp/>&lt;&lt;<sp/></highlight><highlight class="stringliteral">&quot;Error<sp/>eliminando<sp/>datos:<sp/>&quot;</highlight><highlight class="normal"><sp/>&lt;&lt;<sp/>err_msg<sp/>&lt;&lt;<sp/>std::endl;</highlight></codeline>
<codeline lineno="186"><highlight class="normal"><sp/><sp/><sp/><sp/><sp/><sp/><sp/><sp/>sqlite3_free(err_msg);</highlight></codeline>
<codeline lineno="187"><highlight class="normal"><sp/><sp/><sp/><sp/>}<sp/></highlight><highlight class="keywordflow">else</highlight><highlight class="normal"><sp/>{</highlight></codeline>
<codeline lineno="188"><highlight class="normal"><sp/><sp/><sp/><sp/><sp/><sp/><sp/><sp/>std::cout<sp/>&lt;&lt;<sp/></highlight><highlight class="stringliteral">&quot;Datos<sp/>eliminados<sp/>exitosamente&quot;</highlight><highlight class="normal"><sp/>&lt;&lt;<sp/>std::endl;</highlight></codeline>
<codeline lineno="189"><highlight class="normal"><sp/><sp/><sp/><sp/>}</highlight></codeline>
<codeline lineno="190"><highlight class="normal">}</highlight></codeline>
<codeline lineno="191"><highlight class="normal"></highlight></codeline>
<codeline lineno="192"><highlight class="normal"></highlight><highlight class="preprocessor">#endif<sp/></highlight><highlight class="comment">//TABLAPRESTAMOSOTRA_HPP</highlight></codeline>
    </programlisting>
    <location file="tablaPrestamosOtra.hpp"/>
  </compounddef>
</doxygen>
